YearValue,HydroID,YearlyMass
2012,32021,0.87
2012,47471,1.295
2012,33413,2.266
2012,37566,2.96
2012,42456,4.077
2008,35515,4.285
2000,31804,4.318
2012,35738,4.562
2011,41650,4.644
1996,60901,4.745
2009,35515,5.345
2003,31804,5.561
2012,73593,5.598
2012,39904,6.024
2011,45484,6.036
1997,60901,6.062
2002,31804,6.124
2012,39030,6.128
2012,40940,6.195
2005,58413,6.549
2012,71277,6.631
2006,58413,6.642
2012,46750,6.982
2012,74026,7.246
2012,39010,7.445
2012,45919,7.829
2012,38315,7.947
2007,58413,7.97
2004,58413,8.034
2005,31804,8.599
2011,61543,8.681
2007,35515,8.807
1999,60901,8.859
2004,60901,9.379
2000,60901,9.446
2012,40424,9.554
2003,60901,9.888
2012,39340,10.523
1998,60901,10.57
2004,31804,11.038
2003,58413,11.221
2012,62225,11.778
2012,77164,11.796
2012,74634,11.868
2012,61653,12.371
2002,60901,12.495
2005,60901,12.535
2012,38768,13.117
2012,54610,13.361
2012,39293,13.543
1994,58413,14.037
2006,31804,14.1
1992,58413,14.166
1996,58413,14.586
2012,74386,14.667
2012,76575,14.732
2012,48631,14.777
2012,76437,14.795
2012,48569,15.1
1995,58413,15.29
2001,60901,15.304
2012,78218,15.432
1993,58413,15.628
2006,60901,15.646
1999,58413,15.918
2012,72455,16.146
2012,38755,16.204
2002,58413,16.319
2001,31804,16.345
2000,58413,16.687
2011,78218,16.727
2012,41037,17.066
2012,40631,17.101
2011,75263,17.149
1998,58413,17.285
1996,31804,17.334
2007,60901,17.492
2011,49976,17.738
2001,58413,17.799
2012,40635,17.886
2012,37333,18.905
1999,31804,19.313
1997,58413,19.873
1997,31804,20.031
2012,39324,20.627
2012,35537,21.111
2012,38026,21.312
2012,37862,22.771
2012,61548,23.002
2011,58617,23.245
1998,31804,23.349
2012,31152,23.803
2012,54990,23.988
2012,38423,24.936
2012,65413,26.358
2009,78218,27.13
2012,37115,27.198
2012,64083,27.278
2012,58836,27.792
2004,59575,27.945
2012,76845,28.322
2008,59575,29.116
2012,60757,29.378
1995,31804,30.576
2012,77217,30.804
2006,59575,31.078
2007,59575,31.199
2012,49007,32.03
2010,78218,32.347
2012,73497,32.961
2011,66395,34.2
2012,75975,34.264
2005,59575,34.927
2012,31264,35.016
2012,52991,35.065
2012,74112,35.196
2011,63937,35.22
2012,33274,36.466
2012,45008,36.491
2011,78916,37.753
2012,39718,38.216
2012,47061,38.896
2012,71043,40.009
2012,46524,40.384
2011,60901,40.688
2012,53319,42.162
2011,77842,42.845
2012,41633,43.15
2003,75263,44.821
2003,59575,44.922
2011,47384,46.989
2012,68076,47.05
2012,34999,47.214
2012,73008,47.904
2012,53519,49.307
2008,77842,49.696
2007,75263,49.759
1995,59575,51.135
2012,76356,51.302
2012,40427,51.956
2004,77842,52.129
1992,59575,52.472
2012,77135,53.08
2003,77842,53.564
1999,59575,53.69
2011,74330,53.828
2012,60564,53.848
2012,36998,54.714
2002,59575,55.128
1999,77842,55.251
2012,60184,55.601
2012,39294,55.98
2012,70097,57.485
2007,77842,58.347
2012,50702,59.272
2006,75263,60.069
1997,59575,60.125
1998,59575,61.191
2001,75263,61.363
2012,69541,61.849
2012,73395,61.956
2004,45340,62.143
2001,77842,62.659
2006,45340,62.804
2012,39173,62.99
2012,32575,63.131
2008,72404,63.764
1995,72404,63.879
2012,45490,63.957
1993,77842,63.989
2012,39913,63.998
2003,72404,64.184
1994,72404,64.333
1994,75263,64.767
1993,59575,66.14
2000,59575,66.221
2012,73705,66.304
2012,39755,66.698
2012,50109,66.724
2006,77842,67.097
2000,77842,67.602
2005,77842,67.986
2012,37642,67.987
1999,75263,69.262
2004,75263,70.835
2012,40117,71.276
1996,75263,71.515
2012,56756,71.595
2009,35500,71.718
2012,52287,71.998
2012,44879,72.612
2012,38409,73.601
2011,44410,74.142
2008,35500,75.143
2012,47612,75.608
2005,75263,75.639
1998,77842,75.676
1993,75263,75.896
2004,72404,75.899
2005,45340,76.071
2001,59575,76.281
2011,55821,77.694
1997,75263,78.335
1995,77842,78.975
1994,59575,79.237
1996,59575,79.725
2011,72404,80.627
1997,77842,80.644
2002,77842,80.912
2002,72404,81.128
2009,75263,81.435
2012,53521,81.741
2012,55765,82.011
2011,66130,82.845
2011,51282,84.074
2011,45347,84.668
2011,39850,84.704
2012,31580,85.181
2012,54900,85.955
2011,44393,86.451
2012,39057,86.859
2000,75263,86.875
2009,42125,86.947
1994,77842,87.858
2012,64433,88.098
2012,58375,88.482
2011,42125,88.674
2012,51009,88.68
2002,75263,88.912
2012,60299,90.021
2012,65652,92.572
2012,59413,93.132
1992,77842,93.475
2012,69316,94.423
2012,69276,95.979
1996,77842,96.369
2012,60795,96.908
2012,42620,97.412
2012,51993,97.48
1998,75263,97.801
2007,72404,100.41
2006,72404,100.663
2012,46254,101.532
2012,62358,101.884
1996,72404,101.952
2012,46537,102.508
2012,75320,102.726
2012,35008,102.969
2009,72404,104.495
2007,45340,105.015
2012,43947,106.03
1995,75263,108.792
2008,45340,108.945
1997,72404,113.103
2011,76070,113.508
2012,66929,114.718
2012,45007,115.391
2012,39581,115.562
2001,72404,115.686
2012,59988,117.118
2012,56416,118.089
1999,45340,118.142
2012,51193,119.292
1992,64043,120.54
2012,47237,120.739
1993,72404,120.949
2012,34333,122.701
2000,45340,123.438
2012,47431,124.57
2007,35500,124.709
2012,54811,125.58
2012,69267,125.661
2011,45340,128.246
2012,78637,133.439
2012,69353,133.848
2012,51646,137.101
2012,35949,137.257
1993,64043,137.473
2001,45340,137.743
2012,49617,140.059
2012,52946,142.291
2005,72404,143.14
2012,49835,145.25
2004,64043,146.128
2003,45340,146.524
2012,43502,147.596
2012,51438,149.462
1998,45340,150.663
2005,64043,151.009
2012,55975,151.81
2012,37901,152.064
2012,73676,152.884
2009,45340,152.923
2006,60715,153.457
2000,72404,153.954
2008,71535,155.58
1992,75263,155.628
2012,61710,156.223
2011,35722,157.055
1999,72404,158.655
2011,77371,158.764
2012,56575,159.96
2012,73377,160.09
2007,60715,160.515
2012,44566,160.834
2005,71535,164.335
2012,60715,164.758
2012,39161,165.115
1996,59163,165.392
2011,57124,170.598
2004,71535,170.607
2012,46305,170.891
1997,45340,175.544
2005,60715,176.399
2012,44774,176.733
1994,67948,177.555
2012,74715,178.735
2007,64043,178.766
2012,39868,179.46
2009,57124,180.757
2011,42556,182.354
2011,40326,184.146
2009,60715,184.732
2006,71535,189.446
2006,39690,190.988
2003,41021,191.198
2012,47983,192.849
2009,63307,192.883
2003,39690,193.11
2012,38682,194.034
2004,41021,194.425
2006,64043,194.496
2011,42132,194.696
1994,69408,195.246
2000,41021,195.824
2011,36934,196.48
2012,33976,196.835
2007,71535,197.117
2003,64043,197.533
2003,73488,199.161
2011,66959,202.283
2011,34816,205.896
2011,71501,208.68
2012,39849,210.172
1993,73488,210.384
2011,60990,211.22
2009,68076,211.516
2011,61599,211.958
2012,55413,213.96
1997,59163,214.967
2001,39690,215.077
2006,41021,216.537
1997,39690,220.18
2012,55713,220.233
2001,41021,220.582
2012,55595,220.973
1995,64043,221.264
2000,39690,223.603
2012,35655,223.77
2007,67948,224.689
2003,71535,225.52
1994,64043,226.115
2012,32197,230.051
2012,40372,230.063
2002,39690,230.217
1995,67948,231.4
2012,39614,231.743
2005,39690,234.39
2003,59163,236.116
1999,59163,240.827
2002,45340,241.722
1998,72404,242.984
2012,40170,243.548
2000,64043,243.801
2012,39690,244.748
1994,73488,245.106
2002,73488,245.31
2012,76867,246.668
2012,47400,247.345
2008,39690,251.954
2012,49639,252.408
2012,43467,253.13
1999,64043,254.082
1996,41021,254.334
1998,71535,256.31
2012,44072,257.739
2005,41021,259.168
2008,41021,259.276
1998,64043,260.238
2002,64043,261.433
2011,73488,264.641
1999,41021,265.298
2004,73488,266.739
2004,69408,268.168
2011,63307,268.297
2012,54983,268.644
1996,39690,271.686
2012,51335,271.697
2011,73377,273.691
2011,62498,274.775
2004,39690,275.956
2002,59163,278.525
2000,59163,278.816
2012,49029,279.155
2012,64543,280.702
2012,39326,281.205
2011,71478,281.949
2002,67948,281.957
2012,48676,282.042
2012,72825,283.021
2012,62774,284.951
1997,41021,287.748
2008,73252,287.775
2007,39690,288.68
2007,41021,289.69
2011,36531,290.483
2007,73488,291.203
2011,35511,292.173
2004,67948,293.061
2011,41209,294.936
2006,73488,295.316
1999,73488,296.155
2002,71535,297.83
2003,69408,298.764
2012,43682,299.433
2011,40303,299.789
2000,73488,300.73
2012,76556,300.87
1998,73488,300.876
1999,71535,301.256
2012,50393,301.424
1996,67948,301.733
2003,67948,304.793
2002,69408,305.174
1998,39690,306.429
2011,67948,309.836
1995,69408,312.232
2012,34064,312.764
1996,64043,314.771
2012,64580,315.844
2012,50728,316.3
2000,71535,318.609
2001,73488,319.109
1999,39690,320.387
2012,59011,320.536
2009,56337,320.697
1995,73488,321.062
1993,67948,323.662
2001,64043,324.436
2012,68634,328.241
2011,56573,328.656
2012,75868,331.546
2005,73488,334.042
1995,39690,335.258
2012,41182,335.784
2012,40606,336.358
1997,67948,337.37
2012,61131,339.394
2011,55603,340.572
2001,67948,342.166
2001,59163,342.488
1997,73488,342.873
2012,32941,344.226
2001,71535,344.514
2006,67948,348.457
2011,56337,348.66
2012,50809,349.693
2002,41021,351.312
2012,54074,352.831
2011,63415,354.743
2009,73488,356.13
1997,71535,359.539
2000,67948,360.036
1997,64043,360.702
2012,68782,360.934
2006,69408,365.55
2011,39690,366.259
1998,59163,368.237
1995,41021,369.237
2012,61659,371.907
2012,32379,372.756
2012,48355,374.026
2012,46360,377.383
2005,67948,383.162
1996,71535,383.603
2012,62250,393.589
2011,55083,393.658
2005,69408,393.734
2004,59163,394.424
2003,68414,399.825
2008,68414,400.272
2005,54062,401.101
2004,73252,402.55
1999,67948,402.881
2009,67948,410.972
2009,73377,411.052
1996,69408,413.57
1994,41021,418.001
2006,59163,421.841
2011,73347,425.935
2003,54062,427.662
2011,57563,431.529
1996,73488,431.909
2001,69408,434.969
2006,54062,435.69
2005,59163,440.015
2012,39531,445.427
2011,36206,446.119
2011,70947,446.253
1992,41021,446.342
1993,69408,459.431
2011,66888,461.198
2004,68414,464.697
2007,73252,465.142
1994,39690,465.362
2012,50028,466.007
1992,54062,466.292
1998,41021,471.548
1993,41021,474.03
2000,54062,477.484
1997,69408,480.486
2007,59163,483.234
1993,70813,483.359
2011,67751,483.66
2011,68782,485.38
2000,69408,486.605
2012,50108,492.113
2012,37047,493.425
1992,68414,495.14
2005,73252,499.869
2011,73252,501.018
1999,54062,501.091
2012,69453,503.725
2009,73252,507.687
1996,57984,509.415
2012,35021,513.628
2012,47381,515.106
2012,50180,516.195
2012,42202,517.639
2012,46879,519.34
2003,73091,519.432
1995,68414,520.678
1994,70813,525.641
2006,70813,527.945
2006,68414,532.681
2006,73252,533.195
2012,61424,535.023
2012,64829,537.768
2002,54062,542.949
2003,43455,545.076
2008,73091,548.23
2012,61692,548.652
1998,67948,553.416
2011,75394,558.018
1999,69408,561.07
2012,34083,561.329
2007,54062,561.534
2003,74220,563.464
1993,68414,573.698
2005,68414,574.186
1993,39690,575.356
2012,72374,580.816
2012,59293,583.537
2012,34535,583.598
1996,70813,584.534
2012,45948,585.294
2012,50342,586.809
2007,68414,590.364
1994,62762,593.375
2001,54062,604.729
1995,70813,606.078
1997,57984,608.632
2011,69453,612.444
1997,70813,615.522
1993,74220,616.282
2011,65033,620.144
2009,67751,622.898
2009,70947,635.286
2011,68414,638.298
1999,74220,640.281
2007,73091,645.375
2012,46054,645.473
1992,70813,649.835
2012,69014,657.281
2009,68414,664.541
2003,57984,668.421
2011,56365,677.393
2011,36066,685.947
2011,39320,693.241
1999,57984,699.342
2004,57984,699.427
1992,74220,701.671
1992,62762,703.442
1999,73091,710.773
1993,62762,717.561
2008,54062,719.048
2005,71971,719.717
2000,57984,720.557
1995,74220,724.963
1994,68414,731.426
2008,59163,731.545
1994,71971,735.141
1999,68414,737.012
1993,54062,737.178
2012,51308,741.424
2002,74220,742.509
2003,42880,745.751
2007,71971,746.913
1995,71971,746.946
2001,38240,748.98
2005,42880,753.416
2012,46142,755.961
2003,71971,756.022
2012,62927,756.251
1993,73091,758.595
2008,69453,761.043
1994,73091,761.976
1993,71971,764.201
2006,73091,770.86
2002,68414,772.696
2000,43455,774.423
1996,68414,776.859
2004,74220,779.773
2011,33851,780.478
2012,77240,786.257
2012,54062,788.555
2009,50108,796.256
2011,72374,797.075
2009,68782,803.166
2002,73091,803.474
1997,73091,811.235
2008,71971,813.091
2000,38240,816.392
1998,54062,820.744
1996,73091,822.465
2006,71971,824.196
2005,43455,825.852
2006,42880,826.962
1997,74220,834.051
2005,73091,837.527
1998,74220,848.298
2005,70813,849.054
2003,69453,849.741
1997,62762,852.812
2001,43455,853.192
2012,34385,855.53
2011,54384,857.85
2002,57984,859.648
2004,38240,860.586
2007,74220,862.276
1993,72374,872.656
1998,68414,873.043
2006,43455,875.916
1994,74220,880.121
1995,62762,882.886
1996,62762,883.162
2004,47052,887.011
1993,69453,890.917
1997,38454,891.52
2009,38360,894.89
2003,62762,897.351
1998,73091,897.607
2001,57984,908.684
2007,74433,908.708
2011,59163,909.079
2006,43252,911.809
1992,69453,912.402
2003,47052,917.527
2005,38454,934.703
1995,73091,935.265
2012,56728,937.66
2000,38454,938.032
2002,71971,938.096
2003,38240,939.741
2011,61828,940.123
2001,42880,944.504
2012,49164,949.43
2007,57835,950.06
2012,38360,954.108
1997,68414,959.224
2003,38454,968.313
2012,57984,970.776
1993,43455,974.958
2000,68414,975.846
2001,73091,981.22
2004,73091,986.506
2006,46303,986.922
2004,57835,988.499
2003,74433,991.02
1998,69408,991.814
2006,38240,998.061
1996,43455,1001.323
1994,72374,1010.45
2005,74220,1010.815
1997,54062,1011.814
1996,71971,1014.982
2006,38454,1015.193
2007,57984,1020.159
2006,57835,1025.908
2004,69453,1026.722
2008,57835,1028.477
2005,46303,1029.035
2004,42880,1029.562
2000,42880,1030.671
2001,38454,1040.294
1994,69453,1040.61
2012,57835,1041.006
1996,38454,1042.518
2001,71971,1051.483
2012,69925,1051.702
1996,74220,1051.712
2006,52401,1051.962
2005,57835,1053.014
2005,38240,1055.712
2000,70813,1061.07
2003,77832,1063.987
1998,71971,1069.203
2002,38454,1069.274
2011,54410,1069.401
2005,43252,1075.726
2008,52401,1076.396
2008,77832,1077.855
1996,42880,1083.947
2008,72374,1086.154
2004,72374,1095.175
2008,38240,1099.818
1999,71971,1101.53
1997,43455,1104.974
1999,43455,1108.444
1995,69453,1108.541
2012,35295,1109.26
1999,42880,1114.157
2002,43455,1120.677
2012,38240,1131.101
2011,77240,1134.26
2005,52401,1135.354
2006,74220,1137.175
2000,73091,1137.753
2005,47052,1143.431
2000,74220,1144.435
2003,72374,1146.652
2001,68414,1147.107
2011,77832,1152.296
2006,47052,1154.985
2002,62762,1157.399
2012,70547,1158.879
1999,38454,1160.503
2007,52401,1160.828
2001,74220,1161.893
1996,54062,1164.651
2011,35295,1172.052
2012,42949,1172.272
2004,62762,1172.857
1995,72374,1174.539
1992,46303,1174.703
2011,51939,1182.483
2006,57984,1182.72
1994,74433,1186.851
2012,62762,1188.155
1993,77832,1194.188
2006,42471,1197.354
2011,70543,1208.518
2011,61912,1208.735
1993,42880,1209.898
1997,42880,1212.737
1994,77832,1213.04
2005,57984,1213.895
1999,62762,1218.918
2004,70813,1219.804
1998,38454,1220.915
2000,62762,1226.12
2011,69711,1227.188
2004,52401,1227.211
2004,74433,1228.531
1999,72374,1230.932
2000,71971,1233.775
2007,47052,1236.769
2011,44341,1238.25
2012,42880,1239.274
2007,38240,1240.856
1995,54062,1242.984
2002,69453,1244.639
2002,70813,1249.856
1999,70813,1255.293
2008,46303,1265.915
2006,69453,1268.22
1992,73091,1275.359
1998,70813,1275.561
2006,77832,1278.651
1997,38240,1291.337
2004,77832,1293.66
2009,54384,1305.855
2006,74433,1309.576
2001,74433,1314.042
1994,43455,1318.374
1996,38240,1320.069
1999,38240,1320.113
2002,38240,1327.161
1995,52401,1328.656
2005,54384,1330.997
2011,52401,1332.638
1999,77832,1341.736
1998,57984,1343.004
2003,57835,1344.808
2007,69453,1349.686
2012,55015,1350.249
2004,54384,1352.879
2002,74433,1365.171
1992,47052,1365.893
2001,47052,1378.95
2002,57835,1382.484
1994,42880,1385.969
2006,62762,1385.997
2009,42471,1394.203
2009,38240,1395.634
2008,54384,1400.052
2000,47052,1401.347
2009,77240,1408.419
2003,70813,1411.625
2002,77832,1412.952
1992,57835,1426.092
1995,38454,1429.035
2007,38454,1433.541
2002,52401,1443.067
2006,54384,1443.091
2007,72374,1446.261
1995,57835,1447.053
2008,38454,1447.449
2012,75338,1447.6
1997,71971,1452.048
1993,75338,1458.309
2004,71971,1458.997
2005,62762,1464.537
2009,57984,1468.908
2003,46303,1470.114
2002,72374,1475.17
1999,69453,1475.406
2002,42880,1478.95
2007,42880,1482.044
2001,62762,1485.435
1999,47052,1489.112
2012,71589,1489.225
2008,57984,1499.163
1994,54062,1502.189
1998,77832,1504.734
2009,54062,1505.33
2000,52401,1513.175
1997,47052,1514.715
2006,72374,1518.074
1996,47052,1524.057
1995,42880,1529.533
2007,62762,1530.833
2009,72374,1533.092
1993,47052,1533.123
2005,77832,1533.522
2009,77832,1542.326
2005,69453,1547.125
2007,43455,1547.306
2012,47052,1554.475
1996,74433,1558.547
2007,54384,1559.321
2005,74433,1562.474
2011,35513,1562.757
2003,54384,1566.068
1993,52401,1575.723
2008,47052,1579.275
2000,74433,1586.835
1997,69453,1587.747
1999,74433,1599.812
1997,57835,1608.062
1998,38240,1615.552
1993,74433,1616.199
1992,74433,1618.867
1998,72374,1620.705
1993,57835,1621.621
1995,38240,1635.035
1997,52401,1635.363
1998,62762,1637.192
2011,43455,1645.665
2011,71905,1646.142
2002,47052,1647.575
2001,70813,1648.835
2001,77832,1650.082
1994,57835,1660.469
1999,57835,1663.127
1998,52401,1672.481
1995,77832,1687.564
1993,38454,1687.796
2012,38454,1695.356
1995,74433,1698.279
2011,75338,1703.935
1999,52401,1711.628
2001,52401,1724.505
2007,77832,1725.983
2005,42471,1728.157
2001,57835,1728.361
2000,69453,1730.193
2003,52401,1735.239
1998,57835,1744.056
1996,52401,1745.476
1994,38454,1756.912
2000,72374,1756.945
1996,43252,1762.366
1996,57835,1766.864
2003,75338,1767.59
1994,52401,1778.948
2012,54061,1785.3
1997,74433,1788.622
2005,72374,1789.518
2002,54384,1797.584
1997,72374,1815.531
2000,77832,1817.467
2011,44724,1824.869
2000,57835,1830.867
2004,43455,1843.437
2001,72374,1852.12
1998,43455,1869.997
1996,69453,1882.334
2011,42471,1884.022
1994,75338,1887.562
2008,75338,1891.897
2000,46303,1898.206
1998,69453,1904.743
2011,38454,1920.781
2009,47052,1923.847
2001,69453,1933.058
1995,43455,1954.201
1997,46303,1958.854
2001,46303,1980.509
2009,38454,1983.608
1998,42880,1990.287
2001,54384,2005.693
1997,77832,2016.313
1995,47052,2021.278
2011,64631,2027.585
1998,47052,2035.356
2004,71905,2038.231
2007,46303,2056.39
2007,75338,2058.243
2007,42471,2077.82
2008,51328,2079.521
2008,42880,2088.611
1994,47052,2090.606
2010,77832,2097.769
2012,50316,2102.217
2000,54384,2106.141
2009,43252,2124.485
2008,43455,2139.193
1998,74433,2141.027
2012,51328,2154.67
1996,72374,2156.474
2007,51328,2158.551
1994,54384,2164.227
2006,51328,2172.643
2003,43252,2204.094
2012,67426,2224.003
2011,40804,2253.531
2000,37905,2258.985
1992,54384,2259.949
2001,67000,2262.696
2004,43252,2276.776
1993,46303,2291.238
2008,42471,2293.525
1993,51328,2296.241
2009,42880,2313.85
2009,62762,2338.201
1997,43252,2354.672
2012,55372,2357.253
2004,46303,2377.725
1998,75338,2396.941
1995,54384,2397.431
2006,75338,2401.687
1996,77832,2405.409
2003,59121,2409.493
1995,75338,2418.749
1996,46303,2422.102
2003,37905,2451.213
2008,71905,2497.836
1992,43252,2498.762
2004,51328,2516.176
1997,54384,2519.322
2002,75338,2521.922
2003,51328,2534.433
1994,64631,2553.771
1993,54384,2561.472
1999,75338,2580.64
2000,43252,2588.257
2006,37905,2601.715
2012,73787,2602.903
1996,54384,2613.496
2009,69453,2620.862
1996,59121,2634.441
1999,54384,2635.836
2005,51328,2688.142
1998,54384,2688.365
1995,43252,2727.264
2012,74489,2742.772
2004,75338,2744.97
2007,71905,2754.959
2003,64631,2769.506
1997,37905,2807.312
2000,51328,2855.797
2008,62762,2888.006
2008,64631,2901.796
2012,49991,2961.711
1994,51328,2966.806
2000,75338,2991.331
2005,37905,3000.392
2003,65998,3038.491
1994,38240,3057.038
2006,71905,3067.478
1998,43252,3078.642
2011,46303,3078.889
2005,71905,3127.551
1996,37905,3133.561
1995,51328,3142.256
2012,54514,3166.643
2011,42880,3188.086
2001,75338,3230.427
1995,64631,3242.945
1997,75338,3299.718
1994,65998,3313.864
1996,51328,3315.536
2012,38361,3315.665
2001,37905,3339.525
2012,55708,3353.948
1994,43252,3359.133
2012,64632,3378.99
2002,59121,3415.361
2009,75338,3443.058
2002,46303,3468.942
2001,43252,3471.354
2002,37905,3480.185
2008,43252,3489.401
2004,64631,3509.412
2008,37905,3514.617
1996,75338,3522.553
2009,67426,3523.405
1999,37905,3525.066
2007,43252,3530.991
2011,71767,3562.547
1999,51328,3562.603
1993,38240,3565.604
1993,64631,3577.277
1999,64631,3584.804
1992,53586,3610.39
1999,46303,3652.885
2012,66095,3654.172
2004,37905,3660.948
2007,64631,3679.163
1995,65998,3681.247
2008,65998,3753.579
2002,64631,3771.582
2002,65998,3780.985
1993,65998,3804.164
1993,43252,3848.111
2011,71032,3870.667
2008,67000,3877.203
2011,67000,3924.629
1997,59121,3927.726
1995,67000,3959.681
1992,38240,3959.965
2000,59121,3979.253
2007,65998,3987.266
1996,64631,3990.509
2011,43252,3995.107
2005,67000,4022.544
1997,64631,4037.147
2001,59121,4049.054
1997,51328,4054.498
2009,67000,4074.053
1998,46303,4080.01
2011,74489,4083.125
1999,65998,4091.757
1999,43252,4097.789
1995,37905,4113.764
2004,53586,4180.998
2006,67000,4183.799
1999,59121,4193.169
2004,67000,4200.777
1998,51328,4238.809
2005,75338,4253.277
2003,53586,4288.977
2000,65998,4311.741
2009,65998,4336.526
2012,55677,4340.051
2012,68506,4341.455
2003,67000,4348.198
2007,37905,4400.351
2009,37905,4431.435
2002,51328,4449.16
2002,43252,4451.906
2001,64631,4458.4
1992,67000,4461.866
2005,53586,4471.874
1995,46303,4489.152
2006,47999,4489.839
2005,59121,4498.065
2009,64631,4512.472
1997,65998,4561.773
2004,65998,4564.614
2011,65998,4571.694
1998,64631,4592.04
2006,53586,4607.312
2001,51328,4669.451
1994,53586,4691.499
1997,53586,4692.037
2011,56415,4694.121
2005,47999,4723.438
2007,67000,4793.725
1994,46303,4805.166
2012,37905,4825.805
2000,64631,4857.576
2007,53586,4890.19
1993,67000,4919.575
1993,53586,4953.856
1998,37905,4993.114
2000,53586,5019.346
2006,65998,5090.454
1994,37905,5098.439
2001,65998,5125.177
1996,65998,5307.903
2002,53586,5351.499
2011,54514,5388.016
1996,67000,5427.283
2009,74489,5465.856
1998,65998,5474.624
1995,53586,5503.446
1999,67000,5514.071
2011,38361,5527.972
2011,59121,5551.172
2001,53586,5589.863
2012,64978,5627.637
1998,53586,5679.22
2006,64631,5747.617
2000,38939,5807.985
2006,59121,5869.65
2003,71032,5875.221
1993,37905,5887.766
1997,67000,5943.631
2009,53586,5944.28
2002,67000,5957.489
2003,38939,5978.917
2008,71032,6021.333
2012,63575,6054.079
2006,38939,6175.878
1999,53586,6263.909
1994,67000,6279.622
2001,38939,6291.432
2005,65998,6333.345
2012,59121,6490.188
2012,67890,6491.077
1996,53586,6496.159
2000,67000,6498.957
2009,59121,6501.531
2004,38939,6576.032
2005,71032,6680.941
2003,47999,6749.136
1994,60913,6926.011
2012,47999,7015.431
2012,69185,7065.171
1998,67000,7103.66
2009,71032,7190.441
2005,64631,7229.641
2002,71032,7281.725
2005,38939,7369.944
2004,47999,7377.16
2007,59121,7394.651
1993,60913,7471.693
1995,71032,7559.881
1997,38939,7612.23
2002,38939,7644.955
2011,53586,7652.931
2000,71032,7662.45
2003,60913,7736.683
2001,71032,7939.437
1996,38939,8039.302
2012,66547,8043.622
2007,47999,8142.539
1993,71032,8144.082
2006,71032,8148.627
1998,59121,8174.276
2007,71032,8188.494
2008,38939,8247.051
2012,60913,8285.181
2010,59121,8333.312
1999,38939,8522.265
2002,60913,8694.612
2008,59121,8708.282
2012,70948,8802.641
2008,47999,8836.872
1999,71032,8872.005
2004,60913,9277.602
2000,47999,9286.092
1994,71032,9316.193
2012,51743,9371.883
2003,43913,9419.664
1992,60913,9518.604
1998,71032,9563.003
2000,43913,9590.375
2012,40085,9668.334
2012,41858,9674.964
2003,67890,9721.729
1995,38939,9725.559
2007,60913,9770.386
1996,71032,9811.897
2012,57063,9882.274
2012,38612,9890.216
2012,71985,9896.432
1996,47999,9905.067
2012,71964,9910.053
2004,67890,9912.002
1997,60913,9917.912
2007,38939,9927.349
2012,54770,10368.327
2012,43913,10557.663
2012,57253,10562.304
2012,50012,10571.865
2000,60913,10663.144
2001,43913,10693.841
1998,38939,10791.689
2008,43913,10906.726
2006,43913,10974.883
2002,43913,11437.035
2006,60913,11476.475
2012,69439,11499.235
1997,47999,11601.138
2002,47999,11676.237
1993,38939,11728.232
1996,60913,11808.951
2005,43913,11907.688
2005,67890,11924.153
2006,67890,12361.554
1993,47999,12369.583
2001,60913,12379.16
1999,47999,12400.316
2001,47999,12416.022
2011,71964,12420.292
2003,46608,12470.523
1999,60913,12505.641
2004,43913,12567.733
2011,38612,12571.81
2002,67890,12809.099
2008,60913,12810.269
2005,60913,12921.267
1997,43913,13085.244
1997,71032,13170.006
1994,38939,13230.886
2009,67890,13233.58
1995,47999,13237.601
2011,67890,13394.834
1996,43913,13571.478
1993,67890,13602.942
2009,60913,13635.346
2012,71069,13652.63
2007,67890,13670.046
1999,43913,13672.365
2004,46608,13766.19
1995,67890,13803.319
2007,43913,14066.19
2000,46608,14380.911
2011,70948,14405.912
2001,46608,14477.784
1992,46608,14483.709
2003,44834,14506.004
2012,70686,14542.168
1999,67890,14544.987
1998,60913,14636.156
1992,67890,15081.192
1994,47999,15246.756
1998,67890,15512.291
2011,69439,15612.262
1996,46608,15651.842
2012,45907,15687.741
2002,46608,15724.565
1994,67890,16099.37
2007,46608,17072.43
2012,46608,17092.709
1999,46608,17194.132
2006,46608,17416.594
2005,46608,17631.507
2001,67890,17721.676
2000,67890,17838.658
1997,46608,18017.362
1998,43913,18208.543
2004,44834,18489.213
2004,71032,18645.552
2005,44834,19354.454
2012,64848,19396.571
1997,67890,19578.43
1998,47999,19584.163
1993,46608,19966.621
2006,44834,19980.033
2009,70948,20171.409
2000,44834,20247.59
1996,44834,20405.286
2001,44834,20622.634
1996,67890,20780.864
1994,46608,20901.588
2008,46608,21161.362
1995,46608,21493.411
2012,61491,21525.199
2002,44834,21813
2011,45492,21831.214
2011,46608,21890.107
2007,44834,22220.275
1999,44834,23275.821
1998,46608,23441.289
2010,46608,24194.577
1992,46881,25472.519
1997,44834,25764.403
2003,46881,26951.134
2011,44834,27065.091
2011,43613,27139.59
2004,46881,27659.799
2011,45434,27825.157
2012,46881,28031.917
2012,53593,30021.332
2012,71041,30675.008
2012,59285,30861.54
2001,46881,31196.705
2000,46881,31805.667
1997,46881,34477.652
2006,46881,34947.975
2012,57139,35792.684
1998,44834,35924.356
2005,46881,37627.325
2012,51329,39145.217
2012,48691,39185.56
1996,46881,39314.892
1993,46881,41451.749
2012,47169,41863.579
1999,46881,42474.732
2002,46881,43450.074
2007,46881,46647.93
2012,54141,50421.118
1995,46881,52470.867
2012,48998,54023.32
1998,46881,55032.645
2012,48139,56419.677
1994,46881,65018.887
2012,31702,78508.418
2012,37390,80021.066
2012,38359,80592.045
2003,31702,93945.318
2012,39876,98131.148
2006,31702,99655.899
2004,31702,104737.894
2005,31702,106132.484
2011,45141,118461.031
2000,31702,119111.862
2007,31702,119440.799
2008,31702,121288.374
2011,45971,123648.359
2011,31702,125373.085
2009,31702,141863.119
2002,31702,142812.653
2012,49590,145308.147
2001,31702,148187.221
1999,31702,148810.827
1997,31702,166069.447
1998,31702,175327.551
2010,31702,224728.24
2011,43691,256173.507
