-0.16,-0.16,0.15385642793498325,0.01576193453967255,0.01576193453967255,1.
0.16,-0.16,0.15336069621571424,0.01571114894031066,0.03147308347998321,1.
-0.48,-0.16,0.15048361840133886,0.015416404594660755,0.046889488074643965,1.
-0.16,-0.48,0.14653638241356098,0.015012027110489042,0.06190151518513301,1.
0.16,0.16,0.14580313595769503,0.014936909139833374,0.07683842432496639,1.
-0.48,0.16,0.1436545898346342,0.014716799757328647,0.09155522408229504,1.
0.48,0.16,0.14194298646730824,0.014541453295723056,0.10609667737801809,1.
-0.16,0.16,0.14090861671170568,0.014435486527896405,0.1205321639059145,1.
0.48,-0.16,0.13833025610487726,0.014171344485539398,0.1347035083914539,1.
0.16,-0.48,0.13692706235871413,0.014027593273644322,0.14873110166509823,1.
-0.48,0.48,0.13267174897612813,0.013591654574934532,0.16232275624003276,1.
-0.48,-0.48,0.13213908824976842,0.013537085756371527,0.17585984199640428,1.
-0.16,0.48,0.13028999549395975,0.013347654093580325,0.1892074960899846,1.
0.16,0.48,0.12887521244184805,0.013202715606742152,0.20241021169672677,1.
-0.8,-0.16,0.12791320874526163,0.013104162432877191,0.21551437412960395,1.
-0.8,0.16,0.12764064471420233,0.013076239410920374,0.22859061354052432,1.
0.8,0.16,0.11977071086831305,0.01226999826925758,0.2408606118097819,1.
0.48,0.48,0.11829236916725794,0.012118548470038624,0.25297916027982054,1.
-0.16,-0.8,0.11523787593599602,0.011805628671956687,0.2647847889517772,1.
0.8,-0.16,0.11319160215922976,0.011595996654935806,0.27638078560671303,1.
0.48,-0.48,0.11295417012483118,0.01157167275612936,0.2879524583628424,1.
-0.8,0.48,0.11143465672519914,0.011416005092070004,0.2993684634549124,1.
0.16,-0.8,0.10505249937672315,0.010762180304254975,0.3101306437591674,1.
-0.48,0.8,0.10501980777072432,0.010758831188714818,0.3208894749478822,1.
-0.8,-0.48,0.10430737032090139,0.010685845011936647,0.33157531995981887,1.
-0.16,0.8,0.10151580375390248,0.010399860928705696,0.3419751808885246,1.
0.16,0.8,0.09806548343916151,0.01004639033490749,0.3520215712234321,1.
-0.48,-0.8,0.09802634527206679,0.010042380796690403,0.3620639520201225,1.
-1.12,0.16,0.0968739882733401,0.009924326739254861,0.37198827875937734,1.
0.8,0.48,0.09424247766529485,0.009654739706063172,0.3816430184654405,1.
-0.16,-1.12,0.09317535991212773,0.009545418045621073,0.3911884365110616,1.
-1.12,-0.16,0.09291735769927678,0.009518986819804717,0.40070742333086634,1.
0.48,-0.8,0.08701484732141353,0.00891429981748504,0.4096217231483514,1.
-0.8,0.8,0.08671193339434494,0.008883267578184464,0.41850499072653585,1.
0.48,0.8,0.08625921684757092,0.008836888699699815,0.4273418794262357,1.
0.8,-0.48,0.08622624657814466,0.008833511036280568,0.43617539046251624,1.
1.12,0.16,0.08569724669256938,0.008779317255235194,0.4449547077177514,1.
0.16,-1.12,0.08312552521369705,0.008515855363208265,0.4534705630809597,1.
1.12,-0.16,0.08199522121686313,0.008400060541716926,0.4618706236226766,1.
-1.12,0.48,0.0805263968075339,0.008249585748425195,0.4701202093711018,1.
-0.48,1.12,0.0770815994444387,0.007896680957456775,0.4780168903285586,1.
-0.48,-1.12,0.076688751910866,0.007856435403914732,0.4858733257324733,1.
-1.12,-0.48,0.07641439915839794,0.007828329135082027,0.49370165486755535,1.
-0.16,1.12,0.07359457466707596,0.0075394501480801675,0.5012411050156356,1.
-0.8,-0.8,0.07331885787587471,0.0075112041392995715,0.5087523091549352,1.
0.16,1.12,0.07118271276924652,0.0072923651880134836,0.5160446743429487,1.
0.8,0.8,0.07030911199279419,0.0072028685161027875,0.5232475428590514,1.
1.12,0.48,0.06996114166885917,0.00716722044119798,0.5304147633002494,1.
0.8,-0.8,0.0696455251382809,0.00713488687436959,0.537549650174619,1.
-0.16,-1.44,0.069182897087494,0.007087492604591009,0.5446371427792099,1.
-1.44,0.16,0.06463563649073117,0.006621645159521661,0.5512587879387316,1.
-0.8,1.12,0.06410623376501168,0.006567410109222424,0.5578261980479541,1.
0.48,1.12,0.06347184655180238,0.006502419846146541,0.5643286178941006,1.
-1.44,-0.16,0.06253317903660859,0.00640625736449024,0.5707348752585908,1.
0.48,-1.12,0.06251731242852132,0.006404631898194196,0.577139507156785,1.
1.12,0.8,0.060753762104414466,0.006223963692523016,0.583363470849308,1.
1.12,-0.48,0.06068466285410351,0.006216884769173763,0.5895803556184818,1.
1.44,0.16,0.059063220999858904,0.0060507749698660036,0.5956311305883478,1.
0.16,-1.44,0.05864703814592068,0.006008138812323853,0.6016392694006717,1.
-0.48,-1.44,0.05860841371694188,0.006004181904384632,0.6076434513050564,1.
-1.12,0.8,0.05846477330503437,0.005989466557095441,0.6136329178621518,1.
-0.8,-1.12,0.056272249562649916,0.005764851855142622,0.6193977697172944,1.
-0.48,1.44,0.05599246651806904,0.005736189276053904,0.6251339589933483,1.
0.8,-1.12,0.05547152649920728,0.005682821193962042,0.6308167801873104,1.
0.8,1.12,0.05533956671227119,0.005669302476860183,0.6364860826641705,1.
-1.12,-0.8,0.05463924292297581,0.0055975572929143165,0.6420836399570848,1.
-1.44,0.48,0.05439871993775665,0.005572916739385327,0.6476565566964702,1.
1.12,-0.8,0.05368140860920954,0.005499431254528607,0.6531559879509987,1.
1.44,-0.16,0.053417330131036396,0.005472377541257295,0.658628365492256,1.
-0.16,1.44,0.05332273167029749,0.005462686332604313,0.6640910518248603,1.
1.12,1.12,0.052728971684739445,0.005401858155645742,0.669492909980506,1.
1.44,0.48,0.05265634490453088,0.005394417851910377,0.6748873278324165,1.
1.12,-1.12,0.05230227162815925,0.005358144555569613,0.680245472387986,1.
-1.44,-0.48,0.05208989168423083,0.005336387136535072,0.6855818595245211,1.
0.16,1.44,0.05027400220647132,0.005150357007902288,0.6907322165324234,1.
0.48,1.44,0.04593218233682546,0.004705556088714646,0.695437772621138,1.
-0.8,1.44,0.04526353170089216,0.004637055684182021,0.7000748283053201,1.
-0.8,-1.44,0.043726596589272096,0.004479603240067584,0.7045544315453877,1.
1.44,0.8,0.042917797082071545,0.004396745181686029,0.7089511767270736,1.
0.48,-1.44,0.042790043570568745,0.004383657379554217,0.7133348341066279,1.
-1.12,-1.12,0.04243343345996141,0.004347124195370625,0.7176819583019985,1.
1.44,-0.48,0.04125388325809412,0.004226284310306179,0.7219082426123047,1.
-1.12,1.12,0.04108141865020894,0.004208616047131335,0.726116858659436,1.
0.8,-1.44,0.0408146357928655,0.004181285281753557,0.7302981439411895,1.
0.8,1.44,0.04081133631210087,0.004180947264028038,0.7344790912052176,1.
1.44,-0.8,0.040083972816716176,0.004106431977571202,0.7385855231827888,1.
-0.16,-1.76,0.0392310734709934,0.004019056078906163,0.742604579261695,1.
1.76,0.16,0.03841766158827568,0.003935725502333786,0.7465403047640288,1.
-1.44,-0.8,0.038387243471578784,0.003932609296071678,0.7504729140601004,1.
1.44,-1.12,0.03813830581169366,0.003907106695028407,0.7543800207551288,1.
-1.76,-0.16,0.03792570388652572,0.0038853265349630666,0.7582653472900919,1.
1.12,1.44,0.03784013005877315,0.0038765598614516087,0.7621419071515435,1.
-1.44,0.8,0.03729976416824661,0.003821201681697491,0.765963108833241,1.
1.12,-1.44,0.03727393589078251,0.003818555684880032,0.769781664518121,1.
1.44,1.12,0.035327886257791374,0.003619191203734518,0.7734008557218556,1.
1.76,0.48,0.03481844235018535,0.003567000849187132,0.7769678565710427,1.
0.16,-1.76,0.03460401651730859,0.0035450338375596,0.7805128904086023,1.
-0.48,-1.76,0.03441695851964834,0.0035258705438720008,0.7840387609524743,1.
-1.76,0.16,0.034311523818404806,0.0035150692086173383,0.7875538301610916,1.
-0.16,1.76,0.03320617122332175,0.0034018305517682485,0.7909556607128598,1.
-1.12,-1.44,0.0327307056904291,0.00335312113672521,0.7943087818495851,1.
1.76,-0.16,0.032239582724210236,0.0033028076844478517,0.797611589534033,1.
-1.44,-1.12,0.03184061979883147,0.003261935635109531,0.8008735251691426,1.
-0.48,1.76,0.03149551489901826,0.003226581110679296,0.8041001062798219,1.
-1.76,-0.48,0.030661532664220947,0.003141143189309641,0.8072412494691316,1.
0.16,1.76,0.029558794347972404,0.0030281723541720723,0.8102694218233036,1.
-1.76,0.48,0.028623640478030354,0.00293236983047916,0.8132017916537828,1.
1.76,-0.8,0.0276637675572105,0.0028340349454995073,0.8160358265992823,1.
0.48,-1.76,0.027124661864437908,0.0027788058676280437,0.8188146324669103,1.
-0.8,-1.76,0.027097838790931996,0.002776057958200875,0.8215906904251112,1.
1.44,1.44,0.02617283905104246,0.0026812956818043753,0.8242719861069157,1.
1.76,-0.48,0.025840165803415194,0.002647214727094982,0.8269192008340106,1.
-1.12,1.44,0.02547811654598043,0.00261012432552765,0.8295293251595383,1.
-1.44,1.12,0.02414622350913525,0.002473677567063514,0.8320030027266018,1.
-1.44,-1.44,0.023962896022914223,0.002454896448354846,0.8344578991749566,1.
0.48,1.76,0.023935007675486845,0.0024520394061599256,0.8369099385811165,1.
-0.16,2.08,0.023933964589790135,0.0024519325464811234,0.8393618711275976,1.
1.76,-1.12,0.023872940861761394,0.0024456809259315922,0.8418075520535292,1.
1.76,0.8,0.02369456291953123,0.002427406866885184,0.8442349589204143,1.
-1.76,-0.8,0.023620713734326306,0.002419841332973919,0.8466548002533882,1.
0.8,1.76,0.023476387296241956,0.00240505570523017,0.8490598559586184,1.
1.44,-1.44,0.02344802984584634,0.0024021506054378067,0.8514620065640562,1.
1.12,1.76,0.023247863165684893,0.0023816443831624423,0.8538436509472187,1.
-0.8,1.76,0.02324501429115565,0.0023813525281230117,0.8562250034753417,1.
0.8,-1.76,0.022960183908968704,0.0023521728708334397,0.8585771763461751,1.
2.08,0.16,0.022588591996783945,0.0023141048650052853,0.8608912812111804,1.
-1.76,-1.12,0.02256646834535288,0.0023118383913173462,0.8632031196024977,1.
0.16,2.08,0.021646951038023245,0.0022176377667431795,0.865420757369241,1.
-0.16,-2.08,0.021252717468330726,0.00217725021971485,0.8675980075889558,1.
2.08,-0.16,0.020521196826843835,0.002102309051378301,0.8697003166403341,1.
-1.12,-1.76,0.020252653239776094,0.0020747979067532664,0.8717751145470873,1.
-1.76,0.8,0.020059657129003695,0.0020550262787151358,0.8738301408258025,1.
-0.16,2.4,0.019717082642616346,0.002019930984343157,0.8758500718101456,1.
-0.48,2.08,0.019670493141986323,0.002015158088800068,0.8778652298989457,1.
-0.48,-2.08,0.01914299525989471,0.0019611181816025776,0.8798263480805483,1.
1.12,-1.76,0.018299857981491002,0.0018747423650798333,0.881701090445628,1.
2.08,0.48,0.018187443483071376,0.001863225979387134,0.8835643164250152,1.
1.76,1.12,0.017735683886647133,0.0018169451363825322,0.8853812615613977,1.
-2.08,-0.16,0.017426356153981495,0.001785255830066117,0.8871665173914639,1.
0.16,-2.08,0.01729453206256318,0.001771751014391043,0.888938268405855,1.
-1.76,-1.44,0.01707300049747868,0.001749056050818844,0.8906873244566739,1.
0.16,2.4,0.01692506657590849,0.0017339008517850295,0.8924212253084589,1.
-2.08,0.48,0.0161201393406118,0.0016514394911371184,0.894072664799596,1.
1.44,1.76,0.015860295793257574,0.0016248196284578394,0.8956974844280539,1.
-2.08,0.16,0.015587358619345694,0.0015968583796079686,0.8972943428076618,1.
-0.16,-2.4,0.015505127571626918,0.0015884341596473976,0.8988827769673092,1.
-1.44,-1.76,0.01542724702896703,0.0015804556303665926,0.9004632325976758,1.
-0.8,-2.08,0.014763480677954646,0.00151245559998297,0.9019756881976587,1.
-0.48,2.4,0.014582494304867378,0.001493914318325373,0.9034696025159841,1.
1.76,-1.44,0.014529183759600332,0.0014884528804377827,0.9049580553964218,1.
2.4,0.16,0.014224577072742306,0.0014572472251197506,0.9064153026215416,1.
-2.08,-0.48,0.014121503465786184,0.0014466877739000923,0.9078619903954417,1.
2.4,-0.16,0.013966730740340166,0.0014308319685902371,0.909292822364032,1.
-1.44,1.44,0.013899294882902948,0.001423923452743234,0.9107167458167752,1.
2.08,1.12,0.01370920873610292,0.0014044499380973154,0.9121211957548725,1.
1.76,1.44,0.013574690029043093,0.0013906690705476387,0.9135118648254201,1.
-1.76,1.12,0.013528995778786421,0.0013859878895852843,0.9148978527150055,1.
2.08,0.8,0.01350639994583253,0.0013836730429151204,0.9162815257579205,1.
-1.12,1.76,0.013257815013355382,0.0013582065772897163,0.9176397323352102,1.
2.08,-0.48,0.013144305122220052,0.0013465779732873117,0.9189863103084975,1.
0.48,2.08,0.01306298598462088,0.001338247174627392,0.9203245574831249,1.
-0.48,-2.4,0.012983374095228782,0.0013300912762614938,0.9216546487593864,1.
0.48,-2.08,0.012960692387652021,0.001327767632102642,0.922982416391489,1.
1.44,-1.76,0.012523804170219673,0.0012830102984198863,0.924265426689909,1.
-2.08,0.8,0.012322237695559336,0.0012623606731710058,0.92552778736308,1.
-0.8,2.08,0.01224511868772045,0.0012544601598831588,0.9267822475229631,1.
2.08,-0.8,0.011634877476250515,0.0011919435516549721,0.9279741910746181,1.
-2.4,0.48,0.011299470927913656,0.0011575825819508194,0.929131773656569,1.
-2.08,-1.12,0.01129056146784663,0.0011566698457834387,0.9302884435023524,1.
-1.12,-2.08,0.011234983007148163,0.0011509760696370485,0.9314394195719895,1.
0.16,-2.4,0.01099368771386896,0.0011262563964427308,0.9325656759684322,1.
2.4,0.48,0.01088809009109865,0.0011154383705728333,0.933681114339005,1.
-2.08,-0.8,0.010864962542246058,0.0011130690518776683,0.9347941833908827,1.
-1.76,-1.76,0.010614701379231114,0.001087430863586109,0.9358816142544688,1.
0.8,2.08,0.01032383898821312,0.0010576332527302557,0.936939247507199,1.
-2.08,-1.44,0.01012396269952158,0.001037156779821889,0.9379764042870209,1.
2.08,1.44,0.009840291212991951,0.0010080958464474248,0.9389845001334683,1.
1.76,-1.76,0.009705857474829726,0.0009943236835987467,0.9399788238170671,1.
-0.16,2.72,0.009503266284535235,0.000973569080605588,0.9409523928976727,1.
0.8,-2.08,0.009473210642366225,0.0009704900083121903,0.9419228829059849,1.
2.08,-1.12,0.00937819285326088,0.0009607558412573322,0.9428836387472422,1.
-1.76,1.44,0.009169404855182936,0.0009393664017484122,0.9438230051489906,1.
1.12,2.08,0.008769577911572611,0.0008984058374290169,0.9447214109864197,1.
2.4,1.12,0.008745031409214316,0.0008958911530018386,0.9456173021394215,1.
0.48,2.4,0.008657174922015266,0.0008868906307701502,0.9465041927701917,1.
-2.4,0.8,0.008577815302219911,0.0008787605763480088,0.9473829533465398,1.
2.4,0.8,0.008550548198399538,0.0008759671779097921,0.9482589205244496,1.
-2.08,1.12,0.008535244561907589,0.0008743993856514993,0.9491333199101011,1.
0.16,2.72,0.007987840218401978,0.0008183201464226128,0.9499516400565237,1.
-0.8,-2.4,0.00787167416225579,0.0008064194296486482,0.9507580594861723,1.
-2.4,-0.48,0.007800197623168884,0.0007990969632081414,0.9515571564493804,1.
-1.44,1.76,0.007549349865421348,0.0007733986807892156,0.9523305551301696,0.
1.76,-2.08,0.007486379756473892,0.0007669476618197301,0.9530975027919893,0.
-0.8,2.4,0.007410092650581606,0.0007591323733366035,0.9538566351653259,0.
-2.4,0.16,0.0073476704069123195,0.0007527374808271364,0.9546093726461531,0.
1.76,1.76,0.00730707469910789,0.0007485786237836369,0.9553579512699367,0.
-1.44,-2.08,0.00727425810521207,0.0007452167037667526,0.9561031679737034,0.
1.44,-2.08,0.007179513437847808,0.0007355105168688634,0.9568386784905722,0.
-0.16,-2.72,0.007118779026342419,0.0007292885355626421,0.9575679670261349,0.
-0.48,-2.72,0.0071139575100552166,0.0007287945917923307,0.9582967616179272,0.
-1.12,-2.4,0.007012081733702782,0.0007183578532069012,0.9590151194711342,0.
0.48,-2.4,0.0069560559569448776,0.0007126182514389102,0.959727737722573,0.
-2.4,-0.16,0.0069083281791470896,0.0007077287442569895,0.96043546646683,0.
2.4,-0.48,0.0068454870564561695,0.0007012909393791044,0.9611367574062091,0.
-2.4,-1.44,0.006804973253922649,0.0006971404731811213,0.9618338978793902,0.
-0.48,2.72,0.006800774992862092,0.0006967103792493623,0.9625306082586396,0.
1.12,-2.08,0.006562455773682867,0.0006722955921477392,0.9632029038507873,0.
-1.12,2.08,0.00634318336096534,0.0006498320690957792,0.9638527359198831,0.
2.08,-1.44,0.006268140414160719,0.0006421442394023821,0.9644948801592854,0.
2.4,1.44,0.006009172846468307,0.0006156141171016686,0.9651104942763871,0.
-2.4,-1.12,0.006004969648095717,0.0006151835173633592,0.9657256777937504,0.
-2.08,-1.76,0.005911076432082461,0.0006055645580232552,0.9663312423517737,0.
-2.08,1.44,0.00585595023340211,0.0005999171141908281,0.9669311594659645,0.
-2.4,-0.8,0.005852685278274831,0.0005995826334695358,0.967530742099434,0.
2.72,-0.16,0.005702050488740638,0.0005841507420373584,0.9681148928414713,0.
1.44,2.08,0.005622413318398357,0.0005759922537459869,0.9686908850952173,0.
-2.4,1.12,0.0052589929424450305,0.0005387613869369632,0.9692296464821543,0.
2.72,0.16,0.0052541234853492776,0.0005382625318353782,0.9697679090139897,0.
2.08,-1.76,0.005080862669974287,0.0005205127006006057,0.9702884217145903,0.
0.16,-2.72,0.00495319120807515,0.0005074333041005852,0.9707958550186909,0.
2.08,1.76,0.0048559996419666514,0.0004974764428672165,0.9712933314615582,0.
0.8,-2.4,0.004687050256994927,0.00048016829928047226,0.9717734997608386,0.
0.8,2.4,0.004587661334085645,0.0004699863282189404,0.9722434860890575,0.
-1.76,1.76,0.004475384332208537,0.0004584840284603271,0.9727019701175179,0.
2.08,2.08,0.0044260537625537,0.00045343032209173203,0.9731554004396097,0.
2.72,0.48,0.004406013034833473,0.0004513772350501747,0.9736067776746599,0.
-2.72,0.48,0.004392923130628319,0.00045003623021871314,0.9740568139048785,0.
2.08,-2.08,0.004289741720047063,0.00043946573497765577,0.9744962796398562,0.
-2.72,-0.48,0.004263607755913869,0.00043678842186530643,0.9749330680617215,0.
0.48,2.72,0.004144571460988715,0.0004245936613756875,0.9753576617230972,0.
-1.76,-2.08,0.004131339419603402,0.00042323809519661523,0.9757808998182939,0.
-0.8,-2.72,0.004078644256141143,0.0004178397005491036,0.976198739518843,0.
-2.4,1.44,0.004028906779874378,0.0004127443083343789,0.9766114838271773,0.
-2.4,-1.76,0.003963166368827799,0.0004060094837356613,0.977017493310913,0.
2.72,0.8,0.003880550913020011,0.0003975458828066326,0.9774150391937196,0.
2.4,-0.8,0.003703339774728426,0.00037939135784500295,0.9777944305515647,0.
-1.12,2.4,0.003682095387653628,0.00037721496103855994,0.9781716455126033,0.
-1.44,-2.4,0.0036092874868696202,0.00036975610227307857,0.9785414016148763,0.
1.76,2.08,0.0034437111197843824,0.00035279350997620575,0.9788941951248525,0.
-2.08,1.76,0.003436565444366033,0.00035206146602004837,0.9792462565908726,0.
-0.8,2.72,0.0034176053382696968,0.000350119084052868,0.9795963756749255,0.
2.72,-0.48,0.0034009190405239332,0.0003484096440489095,0.9799447853189744,0.
2.72,1.12,0.00338773983517697,0.00034705949069651585,0.9802918448096709,0.
-2.72,-1.44,0.003277066959697084,0.000335721526842523,0.9806275663365134,0.
1.12,-2.4,0.0032704093586274703,0.0003350394840207902,0.9809626058205342,0.
1.44,-2.4,0.003261403323730555,0.00033411685417417,0.9812967226747084,0.
-1.44,2.08,0.0032040877162426633,0.0003282451147515735,0.98162496778946,0.
-2.72,0.8,0.003198797423175541,0.00032770314680042033,0.9819526709362604,0.
-2.72,-0.8,0.0031439907692187904,0.00032208843896143534,0.9822747593752218,0.
1.76,-2.4,0.0030371954846026726,0.00031114771774583375,0.9825859070929677,0.
-1.12,-2.72,0.003025811400592312,0.00030998146691462857,0.9828958885598823,0.
2.4,2.08,0.0029925488820713208,0.0003065738638226468,0.9832024624237049,0.
-3.68,0.16,0.002964219147656002,0.00030367160341420124,0.9835061340271191,0.
-2.72,-1.12,0.0029619947157527074,0.0003034437198573147,0.9838095777469764,0.
-2.72,-0.16,0.0028899975715934753,0.0002960679196485594,0.984105645666625,0.
2.4,1.76,0.0028685149705933253,0.0002938671188419181,0.9843995127854669,0.
2.4,-1.12,0.0028490538632136783,0.00029187341143102483,0.9846913861968979,0.
-1.12,2.72,0.0028315071563629513,0.0002900758261856111,0.9849814620230835,0.
0.48,-2.72,0.0027617578664723163,0.000282930309055125,0.9852643923321386,0.
1.12,2.4,0.002757588095153448,0.00028250313377583685,0.9855468954659145,0.
-3.36,0.48,0.0027476120393251603,0.0002814811294238572,0.9858283765953383,0.
2.72,-1.12,0.002737934661008969,0.00028048972330854097,0.9861088663186468,0.
2.08,-2.4,0.0026577110283732257,0.0002722711544576271,0.9863811374731044,0.
-2.4,-2.08,0.0026561529798589463,0.0002721115390355007,0.9866532490121399,0.
3.04,-1.12,0.002628028736204502,0.0002692303302786818,0.9869224793424186,0.
1.44,2.4,0.0025984691172588046,0.00026620207344799134,0.9871886814158666,0.
-2.08,-2.08,0.002591697374297617,0.0002655083372765079,0.987454189753143,0.
2.72,-0.8,0.0025651884471198432,0.0002627926108002012,0.9877169823639432,0.
-2.72,0.16,0.0025651830929232307,0.0002627920622856045,0.9879797744262289,0.
-2.72,1.44,0.002549734525981339,0.0002612094225211304,0.98824098384875,0.
-2.4,1.76,0.002534922751571221,0.0002596920194343556,0.9885006758681844,0.
-3.68,0.48,0.0025114957749107583,0.0002572920256379269,0.9887579678938223,0.
3.04,1.12,0.002432360618899498,0.00024918496657268355,0.989007152860395,0.
1.76,2.4,0.002346867359509629,0.00024042654694620034,0.9892475794073412,0.
-3.36,0.16,0.002254099321642782,0.00023092285730608335,0.9894785022646473,0.
2.4,-2.4,0.002243647073065044,0.0002298520690388274,0.9897083543336861,0.
1.12,-2.72,0.002180695006526156,0.00022340289843711313,0.9899317572321232,0.
-0.16,3.04,0.0021162156535850453,0.00021679726386039135,0.9901485544959836,0.
2.08,2.4,0.0020826161816108694,0.00021335514132490442,0.9903619096373085,0.
-0.48,-3.04,0.002048762121353614,0.0002098869373061391,0.9905717965746147,0.
-2.72,-1.76,0.0019806597782565665,0.00020291014284716728,0.9907747067174618,0.
-2.72,1.76,0.0019711766669558623,0.00020193863855865428,0.9909766453560205,0.
-2.72,1.12,0.0019424256717689358,0.0001989932217816687,0.9911756385778021,0.
1.44,-2.72,0.001885351630125143,0.00019314622974904357,0.9913687848075512,0.
2.72,1.44,0.0018497450220622807,0.00018949848468567982,0.9915582832922368,0.
-0.48,3.04,0.0017618839471456398,0.0001804974924618998,0.9917387807846987,0.
-2.72,-2.08,0.0017484769196514077,0.0001791239997026309,0.9919179047844013,0.
2.4,-2.08,0.001747752480463088,0.0001790497839989549,0.9920969545684003,0.
3.04,0.8,0.001697864834379406,0.00017393900752725862,0.9922708935759276,0.
3.04,-1.44,0.0016858677083089438,0.0001727099531528341,0.9924436035290805,0.
-2.08,2.08,0.0016661672022527602,0.000170691720369039,0.9926142952494494,0.
0.8,-2.72,0.0016462179776224716,0.00016864800742860399,0.992782943256878,0.
-1.76,2.08,0.0016440980982924793,0.0001684308348367285,0.9929513740917147,0.
2.4,-1.44,0.001588095145090836,0.0001626935712446889,0.9931140676629594,0.
0.16,3.04,0.00157728553712588,0.0001615861730330577,0.9932756538359925,0.
-3.04,0.48,0.0015430480025780797,0.0001580786837095031,0.993433732519702,0.
-1.44,-2.72,0.0014601716805114195,0.00014958835814536396,0.9935833208778474,0.
1.44,2.72,0.0014270824092380574,0.00014619850349465935,0.993729519381342,0.
-0.16,-3.04,0.0014188543779061638,0.00014535557679355016,0.9938748749581355,0.
0.8,2.72,0.0013489120789472446,0.00013819028670758408,0.9940130652448431,0.
-1.44,2.72,0.0013449115897034355,0.0001377804536545625,0.9941508456984977,0.
-1.44,2.4,0.0013326690055681018,0.0001365262531487565,0.9942873719516464,0.
-4.,0.16,0.0013054429160651191,0.00013373705645234923,0.9944211090080988,0.
3.04,-0.8,0.00130270359220594,0.00013345642441161583,0.9945545654325104,0.
2.4,-1.76,0.001273561851568818,0.00013047097743056063,0.994685036409941,0.
-1.12,3.04,0.0012668951586260323,0.0001297880031852162,0.9948148244131262,0.
2.4,2.4,0.0012624629674305998,0.00012933394410931436,0.9949441583572355,0.
1.76,2.72,0.0012316801876406142,0.00012618037966932914,0.9950703387369049,0.
3.36,1.12,0.0012200463378739287,0.0001249885414021339,0.995195327278307,0.
-0.8,-3.04,0.0012090836166892094,0.000123865457394469,0.9953191927357015,0.
-2.4,-2.4,0.0012035404143445534,0.00012329757996699128,0.9954424903156684,0.
3.36,-1.12,0.001182368526877347,0.00012112861043599164,0.9955636189261045,0.
2.72,-1.44,0.0011793357847559175,0.00012081791894630049,0.9956844368450507,0.
-0.8,3.04,0.0010727572380107963,0.0001098994016007664,0.9957943362466515,0.
-3.68,-0.16,0.0010261404396895593,0.00010512370952569135,0.9958994599561771,0.
3.04,1.44,0.0009945850482681838,0.00010189099432078847,0.9960013509504979,0.
-3.04,0.16,0.000963077040349105,0.00009866313335351143,0.9961000140838514,0.
-3.36,0.8,0.0009615931511306584,0.00009851111523480686,0.9961985251990862,0.
-2.4,2.08,0.0009463568733296356,0.00009695022358698131,0.9962954754226733,0.
3.04,-0.16,0.000938267637371931,0.00009612151587972072,0.996391596938553,0.
-2.72,-2.4,0.0008911383828569285,0.00009129332485423461,0.9964828902634072,0.
-1.76,-2.4,0.0008881346079161528,0.00009098560092859906,0.9965738758643358,0.
2.4,-2.72,0.0008733025677591541,0.00008946612170252994,0.9966633419860383,0.
3.36,-1.44,0.0008664656353796775,0.00008876570715330477,0.9967521076931917,0.
0.48,3.04,0.0008604058969690297,0.00008814491280991515,0.9968402526060016,0.
-4.,0.48,0.0008336663346651034,0.00008540555874904948,0.9969256581647506,0.
-3.04,-0.48,0.000816070626786777,0.00008360295355744461,0.9970092611183081,0.
3.04,-0.48,0.000815388575851559,0.00008353308034942907,0.9970927941986576,0.
-3.04,0.8,0.0007898645576289315,0.00008091825359299045,0.9971737124522506,0.
2.08,-2.72,0.0007584213968704281,0.00007769703594061286,0.9972514094881912,0.
1.76,-2.72,0.000746653230665278,0.00007649143752742242,0.9973279009257187,0.
0.16,-3.04,0.0007455857076389578,0.00007638207434847509,0.9974042830000671,0.
-3.04,1.44,0.0007451080397055946,0.00007633313930690144,0.997480616139374,0.
1.12,2.72,0.0007349814880811287,0.0000752957173027659,0.9975559118566768,0.
2.72,-2.4,0.0007324425189970973,0.00007503561075383661,0.9976309474674306,0.
3.04,0.48,0.0007322513505691305,0.00007501602636410323,0.9977059634937947,0.
3.36,0.8,0.0007032682669923328,0.00007204683312189178,0.9977780103269166,0.
-3.68,0.8,0.0006727170963555418,0.0000689169960513798,0.997846927322968,0.
-3.04,1.76,0.0006717817640223671,0.0000688211752448902,0.9979157484982129,0.
3.04,0.16,0.0006696538889006775,0.00006860318351827322,0.9979843516817312,0.
-1.44,3.04,0.0006673274874225085,0.00006836485361354286,0.9980527165353447,0.
-2.08,-2.4,0.0006418500176506774,0.00006575479554726704,0.9981184713308919,0.
-3.04,-0.16,0.0006242324786998715,0.00006394995385543938,0.9981824212847473,0.
2.72,1.76,0.0006120362069412783,0.00006270049785501646,0.9982451217826024,0.
-3.36,-0.16,0.0006059492887198438,0.00006207691905598745,0.9983071987016584,0.
-3.04,-0.8,0.0005941159217277617,0.00006086464110038628,0.9983680633427587,0.
1.12,-3.04,0.0005873373975631857,0.000060170210223550985,0.9984282335529823,0.
-3.04,-1.44,0.0005756627588157732,0.00005897419329932602,0.9984872077462816,0.
2.72,2.08,0.0005494619448755821,0.000056290031709496646,0.9985434977779911,0.
-3.04,-1.12,0.0005407329896660985,0.00005539578749456039,0.9985988935654857,0.
1.44,-3.04,0.0005261735545891397,0.000053904235495741,0.9986527978009815,0.
-4.,-0.16,0.0005157871628167565,0.00005284019397718398,0.9987056379949587,0.
-1.12,-3.04,0.0005038642440922432,0.00005161874182871067,0.9987572567367874,0.
3.36,1.44,0.0004904795347855698,0.000050247535472525914,0.99880750427226,0.
-2.72,2.08,0.0004675226406763119,0.000047895699627635334,0.9988553999718875,0.
2.72,-2.08,0.00043952521243075427,0.000045027482568338074,0.9989004274544558,0.
2.08,2.72,0.00043166259684463977,0.00004422199115116234,0.998944649445607,0.
3.36,-0.8,0.00039479972804869803,0.00004044554753613376,0.9989850949931431,0.
0.48,-3.04,0.0003553381613952238,0.00003640287841419219,0.9990214978715574,0.
-3.04,-1.76,0.00035348535896723534,0.00003621306671131526,0.9990577109382687,0.
-3.04,1.12,0.00035205570110978404,0.00003606660436414054,0.9990937775426328,0.
-3.04,-2.08,0.0003391619814031285,0.00003474569779743491,0.9991285232404303,0.
-1.76,2.4,0.0003214407562712162,0.00003293023389877975,0.9991614534743292,0.
2.72,-2.72,0.0002998494720402879,0.00003071829895889431,0.999192171773288,0.
3.04,-1.76,0.0002782846459690725,0.00002850907454457502,0.9992206808478326,0.
2.72,-1.76,0.0002717012013112435,0.00002783462873080565,0.9992485154765633,0.
-2.08,2.4,0.00026361949635138907,0.000027006692542140187,0.9992755221691055,0.
0.8,-3.04,0.000245730207109816,0.000025174011192576437,0.9993006961802982,0.
1.44,3.04,0.00023032305778385823,0.000023595614486126652,0.9993242917947843,0.
2.72,2.4,0.00022828730499137716,0.00002338706029905296,0.9993476788550834,0.
0.8,3.04,0.00021783726090709638,0.000022316497872745165,0.9993699953529561,0.
-1.76,-2.72,0.00020610259602331122,0.00002111433152697912,0.9993911096844831,0.
-0.48,-3.36,0.00020129746252167297,0.000020622066103143755,0.9994117317505862,0.
-1.44,-3.04,0.00019858021695555423,0.00002034369588932677,0.9994320754464755,0.
1.76,3.04,0.0001952989883547965,0.00002000754802011522,0.9994520829944956,0.
-3.04,-2.4,0.00017592047409209857,0.000018022301921630276,0.9994701052964172,0.
-1.76,2.72,0.00017413677184503645,0.000017839569237440177,0.9994879448656546,0.
-0.48,3.36,0.00016929217582323475,0.00001734326104679984,0.9995052881267015,0.
-0.16,3.36,0.00016592277891457104,0.000016998080710655714,0.9995222862074121,0.
3.68,1.12,0.00015786317187391641,0.000016172408359520898,0.9995384586157716,0.
-4.,0.8,0.00015234626389307412,0.00001560722467741839,0.999554065840449,0.
-1.12,3.36,0.00015116508804008752,0.000015486218251333385,0.9995695520587004,0.
3.68,-1.12,0.0001492826424473179,0.000015293369732711414,0.9995848454284331,0.
-2.4,-2.72,0.00014878001233874206,0.000015241877422800327,0.9996000873058559,0.
-3.04,2.08,0.00014837384709889335,0.00001520026752707669,0.999615287573383,0.
3.36,-1.76,0.00014687466546161565,0.000015046682765315319,0.9996303342561483,0.
2.4,2.72,0.0001431978202917507,0.000014670005666686635,0.999645004261815,0.
1.76,-3.04,0.00013652071959598786,0.000013985965191459367,0.9996589902270064,0.
-2.4,2.4,0.0001239532582219945,0.000012698482398797274,0.9996716887094053,0.
-0.8,-3.36,0.0001221664821037143,0.000012515434809617029,0.9996842041442149,0.
-0.8,3.36,0.00011746420042707507,0.000012033706116386155,0.9996962378503312,0.
3.04,1.76,0.00011350242931986808,0.000011627839571249993,0.9997078656899024,0.
-2.72,-2.72,0.0001133529052899823,0.000011612521472404207,0.9997194782113749,0.
3.68,-1.44,0.00011158885714375012,0.000011431802266980484,0.9997309100136418,0.
3.36,0.48,0.00010752612675773121,0.000011015592874521241,0.9997419256065163,0.
-0.16,-3.36,0.00010677508418875114,0.000010938651768012686,0.9997528642582844,0.
-3.36,1.12,0.0001024225660266917,0.00001049275485441667,0.9997633570131388,0.
0.16,3.36,0.0000961500474055387,9.850162086389651e-6,0.9997732071752252,0.
-3.68,-0.48,0.00008973522997034293,9.192991412050111e-6,0.9997824001666372,0.
3.68,0.8,0.00008964880935335024,9.184137988594235e-6,0.9997915843046258,0.
1.12,3.04,0.00008915673808764565,9.133727387080937e-6,0.9998007180320129,0.
-1.76,3.04,0.00008630394948231894,8.841471367256502e-6,0.9998095595033801,0.
-3.36,-0.48,0.00008358779278827468,8.563212703737352e-6,0.9998181227160838,0.
-1.44,3.36,0.00008075056826892366,8.272551158109484e-6,0.9998263952672419,0.
2.4,-3.04,0.00008013307265019284,8.209291366811829e-6,0.9998346045586087,0.
3.36,-0.48,0.00007293277887804223,7.47165199336291e-6,0.9998420762106021,0.
2.08,-3.04,0.00006789104336971932,6.95514770351868e-6,0.9998490313583056,0.
-3.36,1.44,0.0000673926600034026,6.904090454231278e-6,0.9998559354487598,0.
-2.08,-2.72,0.00006398336796410053,6.554823032184964e-6,0.999862490271792,0.
3.68,1.44,0.00006350283643127478,6.505594627065298e-6,0.9998689958664191,0.
-3.36,1.76,0.00006254391308009438,6.407357021443413e-6,0.9998754032234405,0.
3.04,-2.4,0.00006169294023055359,6.320178484091898e-6,0.9998817234019246,0.
-3.68,1.12,0.000052487058156538295,5.377075146921667e-6,0.9998871004770715,0.
0.48,3.36,0.00005093063561538564,5.2176262988040834e-6,0.9998923181033703,0.
3.36,-0.16,0.00004768850992164249,4.885484355564866e-6,0.9998972035877258,0.
-4.,-0.48,0.00004720734502895285,4.836191065429678e-6,0.9999020397787912,0.
2.08,3.04,0.00004638414116234448,4.751857341889902e-6,0.9999067916361332,0.
3.68,-0.8,0.00004604401607256668,4.717012977749046e-6,0.9999115086491109,0.
3.04,-2.08,0.00004553845012294357,4.665219903449841e-6,0.9999161738690144,0.
3.36,1.76,0.000045345932294736576,4.645497273419714e-6,0.9999208193662878,0.
1.12,-3.36,0.000041107019749368846,4.211238770500896e-6,0.9999250306050583,0.
1.44,-3.36,0.00003740391704427535,3.8318716994284196e-6,0.9999288624767577,0.
0.16,-3.36,0.000034425822733329194,3.5267786447401834e-6,0.9999323892554025,0.
-2.72,2.4,0.00003198024788974629,3.2762399372335143e-6,0.9999356654953397,0.
-1.12,-3.36,0.000030484282152384578,3.1229846306963546e-6,0.9999387884799704,0.
-3.36,-0.8,0.000030300950916848015,3.104203127886308e-6,0.9999418926830983,0.
2.72,-3.04,0.000027799033127979895,2.8478923260493767e-6,0.9999447405754244,0.
-3.36,-1.44,0.000027759977816083687,2.8438912759938363e-6,0.9999475844667004,0.
-3.36,-1.12,0.00002643771197900775,2.708430783066993e-6,0.9999502928974835,0.
3.04,2.08,0.00002618975408014885,2.6830285543602385e-6,0.9999529759260378,0.
3.36,0.16,0.000025402452413919067,2.602372858055285e-6,0.9999555782988959,0.
3.04,-2.72,0.000025395553564655073,2.601666100385439e-6,0.9999581799649963,0.
-1.76,-3.04,0.000025384881139395175,2.600572755956585e-6,0.9999607805377522,0.
2.72,2.72,0.000023882425299774354,2.4466525661361147e-6,0.9999632271903183,0.
-3.04,-2.72,0.000022435413507610688,2.2984123823990005e-6,0.9999655256027007,0.
3.68,-1.76,0.000019023960737661258,1.948923602717659e-6,0.9999674745263034,0.
-3.36,-1.76,0.00001711568861772462,1.7534292665886948e-6,0.99996922795557,0.
-3.36,-2.08,0.000016793967361054294,1.7204702966209157e-6,0.9999709484258666,0.
-2.08,2.72,0.000015393320414081562,1.576979993435756e-6,0.9999725254058601,0.
-3.36,2.08,0.000013817864664456473,1.415581274324488e-6,0.9999739409871344,0.
0.8,-3.36,0.00001310955792374352,1.3430182710689843e-6,0.9999752840054055,0.
0.48,-3.36,0.000012987152827324122,1.3304783912408878e-6,0.9999766144837967,0.
0.8,3.36,0.000012403613502834799,1.270697277397453e-6,0.9999778851810741,0.
3.68,0.48,0.000011801839682038301,1.2090481172135753e-6,0.9999790942291913,0.
-1.76,3.36,0.00001047717020411078,1.0733413815377734e-6,0.9999801675705728,0.
3.04,2.4,0.000010051704598948535,1.0297542457420343e-6,0.9999811973248186,0.
1.76,-3.36,8.918274643985908e-6,9.136391831788092e-7,0.9999821109640018,0.
-3.36,-2.4,8.742029607487586e-6,8.955836312235625e-7,0.9999830065476331,0.
-4.,1.12,8.731173129581636e-6,8.944714313864696e-7,0.9999839010190644,0.
1.44,3.36,8.728843132971512e-6,8.942327331758108e-7,0.9999847952517976,0.
-3.04,2.4,7.687844978514553e-6,7.875869141697678e-7,0.9999855828387118,0.
-1.44,-3.36,7.600034210302518e-6,7.78591075653217e-7,0.9999863614297874,0.
1.76,3.36,7.388034254724165e-6,7.568725848037377e-7,0.9999871183023722,0.
3.36,-2.08,6.601507250368561e-6,6.762962493023274e-7,0.9999877945986215,0.
3.68,1.76,5.84171201645023e-6,5.984584696182918e-7,0.9999883930570912,0.
2.4,3.04,5.496947061278907e-6,5.63138771066081e-7,0.9999889561958623,0.
4.,1.12,5.352407898572506e-6,5.483313505924944e-7,0.9999895045272128,0.
4.,-1.12,5.040846346216779e-6,5.164131989804932e-7,0.9999900209404118,0.
-0.48,-3.68,4.711042694708273e-6,4.82626222148958e-7,0.9999905035666339,0.
-2.4,2.72,4.44331234259134e-6,4.551983899745763e-7,0.9999909587650239,0.
-0.48,3.68,4.230440887162971e-6,4.333906176841352e-7,0.9999913921556416,0.
-1.12,3.68,4.109207092193706e-6,4.209707326916853e-7,0.9999918131263743,0.
-2.4,-3.04,3.95460119008747e-6,4.051320177211591e-7,0.999992218258392,0.
3.68,-0.48,3.9392557874647834e-6,4.035599467009875e-7,0.9999926218183387,0.
4.,-1.44,3.7791832049641393e-6,3.871611936502688e-7,0.9999930089795324,0.
-0.16,3.68,3.5600171454109495e-6,3.6470856602618833e-7,0.9999933736880984,0.
1.12,3.36,3.3667096475126483e-6,3.4490503770569156e-7,0.9999937185931361,0.
-0.8,3.68,3.1271541530352657e-6,3.20363599474934e-7,0.9999940389567356,0.
-2.72,-3.04,3.036623664275423e-6,3.110891371932528e-7,0.9999943500458728,0.
4.,0.8,3.0364696825364065e-6,3.110733624211275e-7,0.9999946611192352,0.
-2.08,3.04,2.9945856129350265e-6,3.067825182089441e-7,0.9999949679017534,0.
-0.8,-3.68,2.947487801923801e-6,3.019575484362511e-7,0.9999952698593018,0.
-3.68,1.44,2.4988605260346285e-6,2.559975983049188e-7,0.9999955258569001,0.
-3.68,-0.8,2.4228584980036924e-6,2.48211514832266e-7,0.9999957740684149,0.
3.04,-3.04,2.3574484105932294e-6,2.415105304805842e-7,0.9999960155789454,0.
-2.08,-3.04,2.2083631540451323e-6,2.2623738209100633e-7,0.9999962418163274,0.
-1.44,3.68,2.1998538454508647e-6,2.253656397345713e-7,0.9999964671819671,0.
4.,1.44,2.1533848742991754e-6,2.2060509192224087e-7,0.9999966877870591,0.
-0.16,-3.68,2.125018103482979e-6,2.1769903729255896e-7,0.9999969054860963,0.
2.08,-3.36,1.8916443370995516e-6,1.9379089072771834e-7,0.9999970992769871,0.
2.4,-3.36,1.8668055463052513e-6,1.9124626259746026e-7,0.9999972905232497,0.
2.08,3.36,1.6291065421812223e-6,1.6689501388179696e-7,0.9999974574182636,0.
4.,-0.8,1.5355276882043344e-6,1.5730825959094223e-7,0.9999976147265233,0.
0.16,3.68,1.5095202523530921e-6,1.5464390876118529e-7,0.999997769370432,0.
-3.68,1.76,1.3739979412321048e-6,1.4076022625780093e-7,0.9999979101306583,0.
3.36,2.08,1.189701623748312e-6,1.2187985492024595e-7,0.9999980320105132,0.
-4.,-0.8,1.120668639522544e-6,1.1480772024866363e-7,0.9999981468182334,0.
-3.36,-2.72,1.1152420399822887e-6,1.1425178828095497e-7,0.9999982610700217,0.
3.36,-2.4,1.0886162973155413e-6,1.115240945562522e-7,0.9999983725941162,0.
3.04,2.72,1.0432217282507235e-6,1.0687361465326978e-7,0.9999984794677308,0.
-1.76,-3.36,9.15994162457289e-7,9.383969341518267e-8,0.9999985733074243,0.
3.68,-2.08,7.820737716212204e-7,8.012012080962679e-8,0.999998653427545,0.
3.68,-0.16,7.188926323155e-7,7.364748268039941e-8,0.9999987270750277,0.
-2.72,2.72,7.184240401722062e-7,7.359947741479216e-8,0.9999988006745051,0.
0.48,3.68,7.005097236990583e-7,7.176423213214426e-8,0.9999988724387372,0.
-3.36,2.4,6.953070707025416e-7,7.123124253226624e-8,0.9999989436699798,0.
2.72,-3.36,6.472427846521799e-7,6.630726151574324e-8,0.9999990099772413,0.
4.,-1.76,6.448739479391336e-7,6.606458430226998e-8,0.9999990760418256,0.
2.72,3.04,6.107437245690144e-7,6.256808855097416e-8,0.9999991386099142,0.
-3.04,-3.04,6.014653882386816e-7,6.161756258440505e-8,0.9999992002274768,0.
1.12,-3.68,5.792669995375309e-7,5.9343432382047815e-8,0.9999992595709092,0.
-1.12,-3.68,5.446885608838378e-7,5.580101888747539e-8,0.9999993153719281,0.
3.68,0.16,5.365362841099449e-7,5.496585291759019e-8,0.999999370337781,0.
1.44,-3.68,5.29882654309625e-7,5.428421693545123e-8,0.9999994246219979,0.
3.36,-2.72,4.3094459182093856e-7,4.414843460019706e-8,0.9999994687704324,0.
0.16,-3.68,3.968244701683211e-7,4.065297372675547e-8,0.9999995094234062,0.
4.,0.48,3.957470560827997e-7,4.054259725099791e-8,0.9999995499660035,0.
-2.08,3.36,3.5518654900120905e-7,3.63873463713524e-8,0.9999995863533498,0.
-3.68,-1.44,3.123805660973211e-7,3.2002056075112436e-8,0.999999618355406,0.
-3.68,-1.12,3.0670119058003804e-7,3.1420228287147265e-8,0.9999996497756343,0.
-3.68,2.08,3.0338677241151307e-7,3.108068028833718e-8,0.9999996808563145,0.
-1.76,3.68,2.855558412035301e-7,2.925397747030218e-8,0.999999710110292,0.
4.,1.76,1.9809692426768377e-7,2.0294184615654564e-8,0.9999997304044766,0.
-3.68,-1.76,1.9283882535125524e-7,1.9755514817868202e-8,0.9999997501599914,0.
-3.68,-2.08,1.9074441099912267e-7,1.9540951004315905e-8,0.9999997697009424,0.
0.8,3.68,1.697068398423586e-7,1.7385741606196097e-8,0.999999787086684,0.
0.8,-3.68,1.6227101763926314e-7,1.662397334999193e-8,0.9999998037106573,0.
-4.,1.44,1.607443314417085e-7,1.6467570863391586e-8,0.9999998201782282,0.
3.68,2.08,1.2772822822571715e-7,1.3085211967957995e-8,0.9999998332634401,0.
1.76,-3.68,1.233355583968429e-7,1.2635201687423152e-8,0.9999998458986418,0.
2.4,3.36,1.1009745360413517e-7,1.1279014338135676e-8,0.9999998571776562,0.
4.,-0.48,1.0737189095943442e-7,1.0999792075106768e-8,0.9999998681774482,0.
-3.04,2.72,1.0467724052148646e-7,1.0723736635757924e-8,0.9999998789011849,0.
-3.68,-2.4,9.94030579293793e-8,1.0183419134027001e-8,0.999999889084604,0.
0.48,-3.68,9.621022891582798e-8,9.8563274253255e-9,0.9999998989409314,0.
3.36,2.4,8.70042639425767e-8,8.913215595482271e-9,0.999999907854147,0.
1.44,3.68,6.760127291121874e-8,6.925461956489982e-9,0.999999914779609,0.
-1.44,-3.68,6.330974506882045e-8,6.485813240898792e-9,0.9999999212654223,0.
-2.4,3.04,5.7799546088785155e-8,5.921316867301788e-9,0.9999999271867391,0.
1.76,3.68,5.718582000447828e-8,5.858443248721338e-9,0.9999999330451824,0.
3.04,-3.36,5.490137074068357e-8,5.624411169344379e-9,0.9999999386695936,0.
-2.08,-3.36,4.095222530748292e-8,4.195380740434436e-9,0.9999999428649743,0.
3.36,-3.04,4.001098189976761e-8,4.098954369580587e-9,0.9999999469639287,0.
-0.48,-4.,3.38649121819292e-8,3.4693157521432333e-9,0.9999999504332444,0.
-2.4,-3.36,3.1059444263949287e-8,3.1819075348210607e-9,0.9999999536151519,0.
-3.36,-3.04,2.990026413520241e-8,3.0631544768291096e-9,0.9999999566783064,0.
1.12,3.68,2.986941280365999e-8,3.059993889554597e-9,0.9999999597383004,0.
-1.12,4.,2.883760292737542e-8,2.954289370441118e-9,0.9999999626925897,0.
-0.48,4.,2.847363670254786e-8,2.9170025837440553e-9,0.9999999656095923,0.
4.,-2.08,2.6517467349486123e-8,2.716601380457949e-9,0.9999999683261936,0.
3.04,3.04,2.5451008677224712e-8,2.6073472400423543e-9,0.9999999709335409,0.
-2.72,-3.36,2.3771437881015613e-8,2.435282378665353e-9,0.9999999733688233,0.
-0.8,4.,2.1800120358158487e-8,2.2333293100206433e-9,0.9999999756021526,0.
-0.8,-4.,2.1697812093041378e-8,2.2228482648066937e-9,0.9999999778250008,0.
-0.16,4.,2.1475047408329987e-8,2.2000269733904163e-9,0.9999999800250278,0.
-1.44,4.,1.5442618967362622e-8,1.5820304198634707e-9,0.9999999816070582,0.
-3.68,2.4,1.5240386775591198e-8,1.5613125947371606e-9,0.9999999831683708,0.
-0.16,-4.,1.389133228503218e-8,1.423107718567618e-9,0.9999999845914785,0.
-3.68,-2.72,1.2681809534905432e-8,1.2991972738262466e-9,0.9999999858906758,0.
2.08,3.68,1.2406069119338569e-8,1.2709488448301984e-9,0.9999999871616246,0.
2.08,-3.68,1.2383084701529809e-8,1.2685941892997367e-9,0.9999999884302189,0.
4.,0.16,1.055407794683896e-8,1.0812202516164927e-9,0.9999999895114391,0.
-2.08,3.68,9.682499977946323e-9,9.91930807709009e-10,0.9999999905033699,0.
-3.36,2.72,8.683823024921339e-9,8.896206152059612e-10,0.9999999913929905,0.
3.36,2.72,8.635253066614392e-9,8.846448302244443e-10,0.9999999922776353,0.
2.4,-3.68,7.024453003875478e-9,7.196252370481342e-10,0.9999999929972605,0.
-1.76,-3.68,6.334611205185673e-9,6.489538883133677e-10,0.9999999936462144,0.
0.16,4.,6.314358861692826e-9,6.468791221388657e-10,0.9999999942930935,0.
3.68,-2.4,5.7464368509054295e-9,5.886979354454315e-10,0.9999999948817915,0.
2.72,3.36,5.047055450177959e-9,5.170492951871951e-10,0.9999999953988408,0.
-3.04,-3.36,4.709660826498354e-9,4.824846556472555e-10,0.9999999958813254,0.
4.,2.08,4.3313750784245865e-9,4.4373089489473484e-10,0.9999999963250563,0.
-4.,-1.12,4.092399282151604e-9,4.192488442714575e-10,0.9999999967443052,0.
-2.72,3.04,3.675591318985487e-9,3.765486469562384e-10,0.9999999971208539,0.
-1.12,-4.,3.4807489323964915e-9,3.5658787583871896e-10,0.9999999974774417,0.
-2.4,3.36,3.065867716242177e-9,3.140850655334684e-10,0.9999999977915268,0.
2.72,-3.68,2.408674690576991e-9,2.467584442834199e-10,0.9999999980382852,0.
1.12,-4.,2.14849799606294e-9,2.2010445209914916e-10,0.9999999982583897,0.
0.48,4.,2.1085426183081926e-9,2.1601119413696412e-10,0.9999999984744009,0.
-1.76,4.,2.0045804065669797e-9,2.0536070914873187e-10,0.9999999986797616,0.
1.44,-4.,1.9677763780589835e-9,2.0159029347013302e-10,0.9999999988813519,0.
4.,-0.16,1.63065419828527e-9,1.6705356464583935e-10,0.9999999990484055,0.
-4.,1.76,1.5895045719631439e-9,1.6283796101376086e-10,0.9999999992112435,0.
0.16,-4.,1.51589670189797e-9,1.5529714880887676e-10,0.9999999993665406,0.
3.36,-3.36,9.31819786261114e-10,9.546096104626781e-11,0.9999999994620016,0.
2.4,3.68,6.931882179591999e-10,7.10141751098127e-11,0.9999999995330158,0.
0.8,-4.,5.553659884051402e-10,5.689487577666553e-11,0.9999999995899106,0.
0.8,4.,5.050639554599102e-10,5.1741647139184015e-11,0.9999999996416522,0.
3.68,2.4,4.967725068009608e-10,5.0892223603518396e-11,0.9999999996925444,0.
1.76,-4.,4.54562757983912e-10,4.656801494535632e-11,0.9999999997391124,0.
-3.68,-3.04,3.40007682204775e-10,3.483233623597538e-11,0.9999999997739447,0.
-3.36,-3.36,2.3413348453159265e-10,2.398597644741817e-11,0.9999999997979306,0.
-4.,2.08,2.291372753908365e-10,2.3474136139671063e-11,0.9999999998214048,0.
3.36,3.04,2.1067039942939477e-10,2.158228349520762e-11,0.999999999842987,0.
-2.08,-3.68,2.1062298498697175e-10,2.1577426087897852e-11,0.9999999998645644,0.
3.04,-3.68,2.0432851935743639e-10,2.0932584942509498e-11,0.999999999885497,0.
4.,-2.4,1.9486674779303272e-10,1.9963266818924258e-11,0.9999999999054603,0.
-3.68,2.72,1.8910163289738148e-10,1.9372655397493457e-11,0.9999999999248329,0.
3.04,3.36,1.6706987966746745e-10,1.711559628813424e-11,0.9999999999419485,0.
-1.44,-4.,1.1913073733578294e-10,1.2204435711603992e-11,0.999999999954153,0.
-3.04,3.04,1.0643110613727263e-10,1.0903412684386103e-11,0.9999999999650564,0.
-2.4,3.68,8.359374188277824e-11,8.563822163084574e-12,0.9999999999736202,0.
0.48,-4.,7.907740031271488e-11,8.101142240369727e-12,0.9999999999817214,0.
-2.08,4.,6.797046938946524e-11,6.96328456033243e-12,0.9999999999886847,0.
1.12,4.,3.2509438513394873e-11,3.330453258580623e-12,0.9999999999920152,0.
2.08,-4.,2.719321072609583e-11,2.7858284060082913e-12,0.999999999994801,0.
4.,2.4,1.6845991102640656e-11,1.725799906962185e-12,0.9999999999965269,0.
-4.,2.4,1.1511988821045806e-11,1.1793541332926563e-12,0.9999999999977063,0.
2.72,3.68,9.720713113868757e-12,9.958455804295842e-13,0.9999999999987021,0.
3.36,-3.68,3.468019091958036e-12,3.552837580037709e-13,0.9999999999990574,0.
-3.68,-3.36,2.6624282094474686e-12,2.7275440953056705e-13,0.9999999999993302,0.
-2.4,-3.68,1.8184121955349685e-12,1.8628857030449385e-13,0.9999999999995165,0.
3.36,3.36,1.382922564860823e-12,1.416745158673746e-13,0.9999999999996582,0.
-1.76,-4.,9.55104132224909e-13,9.784634293642529e-14,0.999999999999756,0.
-3.36,3.04,6.542836692534523e-13,6.702857009983139e-14,0.999999999999823,0.
-2.4,4.,5.868265813375728e-13,6.011787928087945e-14,0.9999999999998831,0.
1.44,4.,5.765803619759846e-13,5.906819782769554e-14,0.9999999999999422,0.
2.4,-4.,4.197311171727546e-13,4.2999661970160166e-14,0.9999999999999851,0.
-4.,2.72,1.4284329695447983e-13,1.4633686263527144e-14,0.9999999999999998,0.
-4.,4.,4.645244583640388e-18,4.758854864292624e-19,0.9999999999999998,0.
-4.,-3.68,4.368090485018868e-18,4.474922316364215e-19,0.9999999999999998,0.
-3.68,4.,4.346961648490781e-18,4.453276724904372e-19,0.9999999999999998,0.
-3.68,-3.68,4.346871242068038e-18,4.453184107381895e-19,0.9999999999999998,0.
3.68,-3.36,4.222173677194831e-18,4.32543677298917e-19,0.9999999999999998,0.
3.68,-3.68,3.942938613024397e-18,4.039372364650277e-19,0.9999999999999998,0.
-4.,-3.36,3.882438893265485e-18,3.977392983268079e-19,0.9999999999999998,0.
4.,-3.36,3.313623004540714e-18,3.3946653765284883e-19,0.9999999999999998,0.
-2.72,4.,3.1763858515513396e-18,3.2540717691724383e-19,0.9999999999999998,0.
3.36,4.,3.1599077318922696e-18,3.2371906386997545e-19,0.9999999999999998,0.
3.68,4.,2.8077142162200582e-18,2.8763834099196617e-19,0.9999999999999998,0.
-3.36,-3.68,2.746172326887396e-18,2.813336370278321e-19,0.9999999999999998,0.
3.68,3.36,2.7453910509871878e-18,2.8125359864554427e-19,0.9999999999999998,0.
-3.36,4.,2.670751548513117e-18,2.7360710010232327e-19,0.9999999999999998,0.
-3.04,4.,2.420120499470819e-18,2.479310185655575e-19,0.9999999999999998,0.
3.36,3.68,2.2311685263417744e-18,2.285736951727349e-19,0.9999999999999998,0.
-3.04,-3.68,2.092491996897548e-18,2.1436687646112053e-19,0.9999999999999998,0.
3.36,-4.,2.057213854265346e-18,2.1075278127957259e-19,0.9999999999999998,0.
4.,-3.68,1.9795115420183764e-18,2.027925109440655e-19,0.9999999999999998,0.
3.04,4.,1.9156027912340432e-18,1.9624533212355774e-19,0.9999999999999998,0.
-4.,-4.,1.862087520338775e-18,1.9076292096891614e-19,0.9999999999999998,0.
3.68,-4.,1.8462599491113782e-18,1.891414538325957e-19,0.9999999999999998,0.
4.,4.,1.784671903653276e-18,1.8283202137035755e-19,0.9999999999999998,0.
-2.72,-3.68,1.7461240242363964e-18,1.7888295560712013e-19,0.9999999999999998,0.
-3.68,-4.,1.454751347896151e-18,1.4903306819737937e-19,0.9999999999999998,0.
3.04,3.68,1.4291474717493191e-18,1.4641006033735814e-19,0.9999999999999998,0.
-2.72,3.68,1.3826152265082021e-18,1.4164303036455512e-19,0.9999999999999998,0.
4.,3.36,1.2505934668709375e-18,1.2811796442389578e-19,0.9999999999999998,0.
4.,-4.,1.2117071468616141e-18,1.2413422686608168e-19,0.9999999999999998,0.
2.72,4.,1.1624247621945721e-18,1.1908545684388192e-19,0.9999999999999998,0.
-3.68,3.68,1.0655616273625413e-18,1.0916224199337779e-19,0.9999999999999998,0.
-4.,-3.04,1.0525036550414766e-18,1.0782450844718853e-19,0.9999999999999998,0.
3.04,-4.,1.046763651118753e-18,1.0723646953778616e-19,0.9999999999999998,0.
-4.,-2.72,9.452470099870418e-19,9.683652282329702e-20,0.9999999999999998,0.
-3.36,-4.,9.181106569250107e-19,9.405651924236166e-20,0.9999999999999998,0.
-3.04,3.68,9.15629428422609e-19,9.380232796964246e-20,0.9999999999999998,0.
-4.,3.68,7.858371896350737e-19,8.050566692671751e-20,0.9999999999999998,0.
3.68,3.68,7.431971847484872e-19,7.613738037012525e-20,0.9999999999999998,0.
-3.04,-4.,7.199468678275671e-19,7.375548461020908e-20,0.9999999999999998,0.
-3.36,3.68,7.115757790220019e-19,7.289790228134556e-20,0.9999999999999998,0.
-2.72,3.36,7.026871495670001e-19,7.198730012128275e-20,0.9999999999999998,0.
3.68,3.04,6.849284031249701e-19,7.01679923245087e-20,0.9999999999999998,0.
2.4,4.,5.002132448578496e-19,5.1244712535886947e-20,0.9999999999999998,0.
3.68,2.72,4.379378992061625e-19,4.486486910151207e-20,0.9999999999999998,0.
-2.72,-4.,4.0866442123838843e-19,4.1865926193052094e-20,0.9999999999999998,0.
-3.68,3.04,3.6469020496864186e-19,3.736095537330807e-20,0.9999999999999998,0.
2.72,-4.,3.428532894556847e-19,3.512385655668248e-20,0.9999999999999998,0.
2.08,4.,2.2178359083897905e-19,2.2720782535356533e-20,0.9999999999999998,0.
-4.,-2.4,2.125223483176537e-19,2.1772007756581297e-20,0.9999999999999998,0.
-4.,3.36,1.3944387856454787e-19,1.4285430354728136e-20,0.9999999999999998,0.
-3.68,3.36,1.3699289281840572e-19,1.4034337323342485e-20,0.9999999999999998,0.
-2.4,-4.,1.3398841354542932e-19,1.372654124187835e-20,0.9999999999999998,0.
-3.04,3.36,4.155018801630306e-20,4.256639468458273e-21,0.9999999999999998,0.
-4.,-2.08,3.4911416154386296e-20,3.5765256187101764e-21,0.9999999999999998,0.
3.68,-3.04,1.0271623972621526e-20,1.0522840471833123e-21,0.9999999999999998,0.
-4.,3.04,6.431074791571265e-21,6.588361711303993e-22,0.9999999999999998,0.
-2.08,-4.,6.293845741659782e-22,6.447776405205486e-23,0.9999999999999998,0.
-4.,-1.76,0.,0.,0.9999999999999998,0.
-4.,-1.44,0.,0.,0.9999999999999998,0.
-3.36,3.36,0.,0.,0.9999999999999998,0.
1.76,4.,0.,0.,0.9999999999999998,0.
3.68,-2.72,0.,0.,0.9999999999999998,0.
4.,-3.04,0.,0.,0.9999999999999998,0.
4.,-2.72,0.,0.,0.9999999999999998,0.
4.,2.72,0.,0.,0.9999999999999998,0.
4.,3.04,0.,0.,0.9999999999999998,0.
4.,3.68,0.,0.,0.9999999999999998,0.
