Dates,ACCOUNTS_RECEIVABLE_GROWTH,ACCOUNTS_PAYABLE_GROWTH_1YR,ACTUAL_SALES_PER_EMPL,ASSET_GROWTH,BS_CUR_ASSET_REPORT,BS_CUR_LIAB,BS_FUTURE_MIN_OPER_LEASE_OBLIG,BS_NUM_OF_TSY_SH,BS_OPTIONS_OUTSTANDING,BS_PENSION_RSRV,BS_SH_OUT,BS_TOT_CAP,BS_TOT_COM_PAPER_ISSUED,BS_TOT_LIAB2,BS_TOT_NON_CUR_ASSET,BS_TOTAL_LINE_OF_CREDIT,BVPS_GROWTH,CAP_EXPEND_RATIO,CASH_CONVERSION_CYCLE,CASH_FLOW_GROWTH,CASH_FLOW_TO_FIRM_1_YEAR_GROWTH,CASH_FLOW_TO_NET_INC,CASH_FLOW_TO_TOT_LIAB,CASH_RATIO,CF_CASH_FROM_INV_ACT,CF_CASH_FROM_OPER,CF_FREE_CASH_FLOW,CF_FREE_CASH_FLOW_FIRM,CF_NET_CASH_PAID_FOR_AQUIS,CF_NET_CHNG_CASH,CFF_ACTIVITIES_DETAILED,CFO_TO_AVG_CURRENT_LIABILITIES,COM_EQY_TO_TOT_ASSET,CUR_RATIO,DILUTED_EPS_AFT_XO_ITEMS_GROWTH,DILUTED_EPS_BEF_XO_ITEMS_GROWTH,DILUTED_EV,DILUTED_MKT_CAP,DIVIDEND_PER_SHARE_1_YEAR_GROWTH,DVD_PAYOUT_RATIO,EARN_FOR_COM_GROWTH,EARN_FOR_COMMON,EBITA,EBITDA,EBITDA_MARGIN,EBITDA_TO_INTEREST_EXPN,EBITDA_TO_REVENUE,EFF_TAX_RATE,EMPL_GROWTH,ENTERPRISE_VALUE,EQTY_BEF_MINORITY_INT_DETAILED,EQY_DPS,EV_TO_SH_OUT,EV_TO_T12M_CASH_FLOW_FIRM,EV_TO_T12M_EBIT,EV_TO_T12M_EBITDA,EV_TO_T12M_FREE_CASH_FLOW_FIRM,EV_TO_T12M_SALES,FREE_CASH_FLOW_EQUITY,FREE_CASH_FLOW_PER_SH,GROSS_MARGIN,GROSS_PROFIT,GROWTH_IN_CAP,HISTORICAL_MARKET_CAP,INC_BEF_XO_ITEMS_TO_NET_SALES,INCREMENTAL_OPERATING_MARGIN,INVENTORY_GROWTH,IS_AVG_NUM_SH_FOR_EPS,IS_BASIC_EPS_CONT_OPS,IS_CAP_INT_EXP,IS_DEPR_EXP,IS_DIL_EPS_BEF_XO,IS_DIL_EPS_CONT_OPS,IS_DILUTED_EPS,IS_EARN_BEF_XO_ITEMS_PER_SH,IS_EPS,IS_INC_BEF_XO_ITEM,IS_INT_EXPENSE,IS_OPER_INC,IS_SH_FOR_DILUTED_EPS,IS_TOT_CASH_COM_DVD,MODIFIED_WORK_CAP_GROWTH,NET_CHANGE_IN_CASH_1_YEAR_GROWTH,NET_DEBT,NET_DEBT_PCT_OF_TOT_CAPITAL,NET_DEBT_TO_EBIT,NET_DEBT_TO_EBITDA,NET_DEBT_TO_SHRHLDR_EQTY,NET_FIXED_ASSETS_1_YEAR_GROWTH,NET_INCOME,NET_INCOME_TO_COMMON_MARGIN,NI_INCLUDING_MINORITY_INT_RATIO,NON_CUR_LIAB,NUM_OF_EMPLOYEES,OPER_INC_GROWTH,OPER_INC_TO_INT_EXP,OPER_MARGIN,PE_RATIO,PRETAX_INC,PRETAX_INC_TO_NET_SALES,PROF_MARGIN,PX_LAST,PX_TO_BOOK_RATIO,PX_TO_CASH_FLOW,PX_TO_FREE_CASH_FLOW,PX_TO_SALES_RATIO,QUICK_RATIO,RETURN_COM_EQY,RETURN_ON_ASSET,RETURN_ON_CAP,RETURN_ON_INV_CAPITAL,RR_DIL_EPS_CONT_OPS_GROWTH,SALES_GROWTH,SHORT_AND_LONG_TERM_DEBT,SUSTAIN_GROWTH_RT,TCE_RATIO,TOT_CAP_EXPEND_GROWTH,TOT_DEBT_TO_EBITDA,TOT_DEBT_TO_TOT_ASSET,TOT_DEBT_TO_TOT_CAP,TOT_DEBT_TO_TOT_EQY,TOT_LIAB_AND_EQY,TOTAL_CAPITAL_5_YEAR_GROWTH,TOTAL_DEBT_TO_EBIT,TOTAL_DEBT_TO_EV,TOTAL_EQUITY_1_YEAR_GROWTH,TRAIL_12M_NET_SALES,WORK_CAP_GROWTH
1/1/2000,8.4698,6.5154,#N/A N/A,1.2391,39139,35611,#N/A N/A,91.065,#N/A N/A,#N/A N/A,1772.837,47657,#N/A N/A,63246,43625,10000,9.2394,1.3975,-1.4127,-46.9616,-44.8694,0.655,14.5938,0.1013,-384,995,283,389.4,#N/A N/A,-1758,-2369,0.268,23.2843,1.0991,6.4103,6.4103,240874.4461,216626.25,9.0909,14.2668,3.3447,1514,2236,3361,21.1703,22.1118,17.3713,30,#N/A N/A,234639.5841,19518,0.12,132.3526,24.208,19.6845,12.8015,58.975,2.7101,147,0.1592,36.2363,7011,-1.3292,209859.5841,7.8509,-0.7224,-3.2627,1777.2,0.85,7,1125,0.83,0.83,0.83,0.85,0.85,1519,152,2133,1830,216,4.1541,-238.0769,24533,55.6923,2.0581,1.3385,125.6942,-10.1081,1519,7.8251,1519,27635,#N/A N/A,-0.3271,14.0329,11.0244,31.4827,2170,11.2156,7.8509,112.7094,10.8899,23.0712,60.6392,2.4572,0.6554,41.4733,9.435,17.1404,15.8324,6.4103,-4.7694,28139,35.5564,#N/A N/A,-25.6008,1.5352,33.9991,59.0448,144.1695,82764,0.4018,2.3607,0.1199,6.6208,86579,-45.8896
4/1/2000,7.1881,0.0336,#N/A N/A,-0.4775,39437,33862,#N/A N/A,127,#N/A N/A,#N/A N/A,1760.705,48348,#N/A N/A,63775,43512,10000,2.835,1.7346,-0.1668,-9.3674,-12.0254,0.7676,14.2313,0.0963,-1022,1490,631,689.797,#N/A N/A,-298,-766,0.26,22.8176,1.1646,-17.1875,-17.1875,224567.6494,199184.625,8.3333,11.7252,-18.86,1936,2624,3745,17.9797,44.5833,17.2971,30.0036,#N/A N/A,219067.2367,19174,0.13,124.4202,23.0938,20.7411,14.1142,53.2884,2.5377,1795,0.357,36.317,7863,0.305,192907.2367,8.9649,-534.6457,-5.5567,1767.6,1.1,8,1121,1.06,1.06,1.06,1.1,1.1,1941,84,2727,1818,227,16.3702,-238.0769,25913,57.4733,2.4534,1.6695,135.1466,-3.5878,1941,8.9419,1941,29913,#N/A N/A,-33.2436,32.4643,12.5953,28.0211,2773,12.8077,8.9649,104.6502,10.1922,21.6246,53.1089,2.2667,0.7207,38.538,8.7928,15.9939,14.734,16.4835,-1.1596,29174,34.0193,#N/A N/A,-28.2972,1.8796,35.171,60.3417,152.154,82949,0.1977,2.7622,0.1332,0.0835,86325,-25.5774
7/1/2000,7.4538,-7.9833,#N/A N/A,-1.7558,40037,32812,#N/A N/A,137.755,#N/A N/A,#N/A N/A,1754.379,48918,#N/A N/A,64329,43839,10000,0.0481,2.2183,-4.6181,-36.3272,-34.8657,1.0509,12.2791,0.0924,-1016,2063,1133,1261.1131,#N/A N/A,-107,-1154,0.2238,23.0102,1.2202,16.129,16.129,229982.3352,203828.7305,8.3333,12.0531,11.44,1958,2940,3979,17.6663,21.7432,18.2682,29.9929,#N/A N/A,224171.938,19547,0.13,127.7785,26.9697,20.9585,14.5917,69.5112,2.5778,1475,0.6444,35.8156,7801,1.9741,197586.938,9.0124,21.0361,-4.308,1758.1,1.11,8,1039,1.08,1.08,1.08,1.11,1.11,1963,183,2814,1809.8,236,51.5076,87.8822,26338,57.4,2.4624,1.7144,134.7419,-6.4937,1963,8.9895,1963,31517,#N/A N/A,5,15.377,12.9195,27.5367,2804,12.8736,9.0124,107.456,10.2377,25.3364,70.9527,2.2979,0.7598,38.3017,8.8768,16.3589,15.028,20,3.0127,29371,33.6851,#N/A N/A,-23.6453,1.9118,35.0172,60.0413,150.2584,83876,2.5287,2.746,0.131,-2.5962,86962,41.6944
9/30/2000,36.237,28,80985.6372,0.9761,43880,36406,1401,131.0414,#N/A N/A,#N/A N/A,1762.8992,49200,#N/A N/A,67725,44469,10000,1.7736,1.5172,88.3487,41.0325,42.2233,1.77,13.6936,0.1022,-1826,4726,1611,1821.103,#N/A N/A,683,-2233,0.2441,23.0642,1.2053,32.1429,32.1429,178964.9904,153000,8.3333,8.2552,27.8791,2665,4096,5324,18.5631,17.8658,20.7839,29.4956,2.8959,174947.4306,20624,0.13,99.2385,17.8936,15.0376,10.6617,42.0436,1.9791,2483,0.919,38.0582,9749,0.6856,149846.4306,10.4232,65.4114,-2.1159,1753,1.52,0,1228,1.48,1.48,1.48,1.52,1.52,2670,298,3960,1800,220,29.4926,48.1562,24854,54.6506,2.1363,1.5147,120.5101,-4.9801,2670,10.4037,2670,31319,316303,31.039,13.2886,15.4591,19.1011,3787,14.7837,10.4232,81.1889,7.3537,16.1223,40.872,1.6953,0.903,39.7284,9.2047,17.5314,15.9235,32.1429,5.93,28576,36.4487,22.3186,20.4563,1.7415,32.3445,58.0813,138.557,88349,2.2351,2.4562,0.1633,0.5509,88396,108.946
12/30/2000,-53.661,-0.3411,80985.6372,2.4479,41975,32902,1401,141.245,#N/A N/A,#N/A N/A,1757.417,50299,#N/A N/A,63324,42815,10000,11.0746,1.5165,-24.0463,94.4724,80.1904,1.1057,16.1297,0.1175,-1382,1935,659,708.6171,#N/A N/A,230,-323,0.2982,25.0254,1.2758,18.0723,20.4819,198154.1877,171315.8113,8.3333,13.2054,15.2576,1745,2392,3476,18.4921,49.6571,17.1156,29.1185,2.8959,194241.3663,21466,0.13,110.5266,18.2203,16.5396,11.7551,43.3506,2.1738,1544,0.3785,37.1018,7535,5.5438,169028.3663,8.7498,11.4464,-1.144,1740.9,1.02,7,1084,1,1,0.98,1.02,1,1777,70,2243,1781.2,234,29.4926,48.1562,24966,53.769,2.1259,1.5109,116.3049,-2.624,1750,8.5922,1750,30422,316303,5.1571,32.0429,11.0444,20.8182,2507,12.3443,8.6169,91.8677,7.9659,16.5149,41.8363,1.889,0.3955,41.0175,9.9359,17.9074,16.6391,20.4819,4.9669,28833,35.601,22.3186,79.2135,1.7449,34.0052,57.3232,134.3194,84790,2.8212,2.4551,0.1484,9.9805,89357,157.1712
3/31/2001,-55.6349,-2.016,80985.6372,1.1947,40574,29949,1401,168.644,#N/A N/A,#N/A N/A,1736.66,49897,#N/A N/A,61349,43366,10000,19.6881,3.243,-21.5516,123.9597,118.1201,1.6318,19.6597,0.1262,-1177,3337,2308,2349.237,#N/A N/A,-102,-2262,0.378,26.619,1.3548,8.4906,10.3774,224475.1295,200880.0945,7.6923,11.6658,5.3719,2040,2504,3564,18.4583,61.4483,17.1067,28.9017,2.8959,220015.5838,22591,0.14,126.6889,17.6139,19.0688,13.4624,35.8272,2.4849,1001,1.3278,38.3364,7987,3.2039,196242.5838,10.0365,-25.2142,2.0803,1738.2,1.2,7,1060,1.17,1.17,1.15,1.2,1.17,2091,58,2521,1777.7,243.348,29.4926,65.7718,23526,51.0137,2.039,1.4395,104.1388,-0.1383,2045,9.7917,2045,31400,316303,-7.5541,43.4655,12.1004,23.8901,2941,14.1163,9.8157,107.9335,8.7828,16.3752,34.5588,2.2308,0.4394,40.7453,10.1001,18.0325,16.3475,10.3774,-3.7735,27306,35.9921,22.3186,19.7905,1.6708,32.5304,54.7247,120.8711,83940,2.2763,2.3666,0.1241,17.821,88540,90.583
6/30/2001,21.8239,0.3549,80985.6372,1.4521,40309,32876,1401,184.286,#N/A N/A,#N/A N/A,1722.642,50538,#N/A N/A,63117,44785,10000,15.9684,3.7502,10.9208,92.1474,82.6333,2.4853,22.1208,0.122,-2345,3964,2907,2944.7031,#N/A N/A,24,-1595,0.4251,25.8267,1.2261,-16.6667,-10.1852,185843.3014,162151.7902,7.6923,14.1536,-18.5393,1595,2188,3243,18.034,61.1887,16.3929,28.8621,2.8959,182549.7213,21977,0.14,105.9708,12.7644,16.8699,11.6967,23.3307,2.1094,3067,1.6786,37.5777,7434,3.3117,158000.7213,8.6589,-35.8859,-1.4463,1731.8,0.99,10,1055,0.97,0.97,0.9,0.99,0.92,1713,53,2097,1767.9,242.452,54.675,65.7718,24549,52.764,2.2686,1.5729,111.7031,3.0069,1595,8.0625,1595,30241,316303,-25.4797,39.566,10.6,19.8528,2408,12.1721,8.0625,88.1616,7.1894,11.4418,21.3107,1.8459,0.9335,38.9805,9.5402,16.8908,15.2106,-10.1852,-9.1731,28561,33.4634,22.3186,13.6559,1.83,33.5641,56.5139,129.9586,85094,2.5778,2.6394,0.1565,12.4316,86542,2.8789
9/29/2001,-11.6459,-13.9771,69217.4468,2.2117,42461,35119,1401,190.3195,177.9565,10308,1723.1937,50599,#N/A N/A,66855,47842,10000,17.7224,2.3209,98.1402,0.0846,-3.4091,2.0274,20.89,0.182,-958,4730,2692,2729.8255,916,2615,-1638,0.3905,25.9659,1.2091,-10.8108,-2.027,229195.5135,208352.8336,7.6923,9.1049,-12.4578,2333,3396,4078,17.2885,76.9434,18.4183,28.6311,1.1296,229195.5135,23448,0.14,133.0062,16.2176,23.2568,15.9596,26.2463,2.7592,3409,1.5629,40.346,8933,2.8435,208437.5135,11.5848,-27.7986,-9.6747,1722.4937,1.48,9,682,1.45,1.45,1.32,1.48,1.36,2565,53,2994,1722.4937,233.5416,-10.5384,282.8697,20758,46.9574,2.1063,1.4454,88.5278,-1.2564,2333,10.537,2333,31736,319876,-24.3939,56.4906,13.5224,26.3529,3594,16.2323,10.537,115.5366,8.8894,14.9958,24.4472,2.5237,0.9155,35.1991,8.6459,15.8107,8.2573,-2.027,-13.5657,27151,31.9942,24.6016,-34.5746,1.8906,30.0666,53.6592,115.7924,90303,2.622,2.755,0.1185,13.6928,83067,-1.7661
12/29/2001,150.1914,-1.2231,69217.4468,-2.0451,37385,30084,1401,204.474,177.9565,10308,1711.889,47959,#N/A N/A,60005,45671,10000,11.5229,2.4747,-24.3093,33.9018,31.6247,2.1737,24.368,0.1319,-1393,2591,1544,1565.2466,916,-2497,-3695,0.4643,27.7536,1.2427,-30.6122,-27,202562.2232,182312,7.6923,18.7695,-31.6905,1192,1517,2428,16.4789,80.9333,13.4664,29.1782,1.1296,198977.46,23051,0.14,116.2327,13.4808,22.2222,14.9461,20.7505,2.463,-458,0.8985,36.051,6500,-4.6522,178036.46,7.1215,-39.5349,-12.071,1718.4,0.75,9,911,0.73,0.73,0.68,0.75,0.69,1284,30,1342,1753,241,-10.5384,282.8697,20941,47.6018,2.3387,1.573,90.8464,0.6964,1192,6.6112,1192,29921,319876,-40.1694,44.7333,7.4432,24.0741,1813,10.0555,6.6112,99.3371,7.7236,12.2894,19.0205,2.2243,0.8924,32.347,8.5376,14.865,7.4729,-27,-11.2216,24908,26.2756,26.1659,-17.9467,1.871,29.9894,51.936,108.056,83056,1.9259,2.7818,0.1252,7.3838,80788,-19.5305
3/30/2002,151.7749,10.8933,69217.4468,0.3228,36723,32597,1401,223.399,177.9565,10308,1694.323,47236,#N/A N/A,62816,47488,12000,-1.8546,2.8432,-31.2368,-19.059,-19.3165,48.2321,22.265,0.1094,-1061,2701,1751,1775.6807,916,-380,-2020,0.4472,25.4064,1.1266,-97.3913,-78.6325,146082.6053,124588.8017,7.1429,57.4719,-97.2549,56,950,2318,15.1586,70.2424,11.7958,25.2101,1.1296,144265.2559,21395,0.15,85.1463,10.2267,19.9896,11.9554,16.0033,1.8123,1368,1.027,36.9956,7270,-5.333,121991.2559,2.2645,-146.8301,-20.914,1705,0.85,10,1368,0.25,0.84,0.03,0.26,0.03,445,33,784,1730.4,255.75,-10.5384,-272.549,22274,51.0064,3.0863,1.8459,104.1084,-11.4322,56,0.285,56,30219,319876,-68.9012,23.7576,3.9896,18.0451,595,3.0278,0.285,68.7718,5.7019,8.8594,13.9347,1.5552,0.834,23.6677,6.1564,10.9061,4.7467,-28.2051,-5.6782,25841,10.0654,23.8428,-7.6774,2.1415,30.686,54.7062,120.7806,84211,0.6141,3.5806,0.1791,-5.2941,79605,-61.1671
6/29/2002,-14.1395,0.2992,69217.4468,-1.3373,37316,30239,1401,228.591,177.9565,10308,1690.088,47836,#N/A N/A,61864,46640,12000,2.4595,4.3937,4.6208,-12.4369,-12.6632,2.6436,21.8107,0.1727,-786,3471,2681,2704.9584,916,1763,-922,0.4276,26.3138,1.234,-15.5556,2.0619,120306.8999,99809.2241,7.1429,14.969,-17.6803,1313,2288,3204,15.1024,94.2353,16.1647,29.5341,1.1296,119071.032,22092,0.15,70.4526,8.7553,16.4395,9.8995,13.5696,1.4951,2413,1.5859,36.9457,7323,-5.3465,98549.032,8.5465,68.4211,-29.227,1690.5,1,13,916,0.99,0.99,0.76,1,0.78,1694,34,2123,1711.7,253.575,-39.901,7245.8333,20522,48.1579,2.8334,1.7062,92.8934,-14.0844,1313,6.6243,1313,31625,319876,1.2399,62.4412,10.7109,14.5411,2404,12.1286,6.6243,55.772,4.4608,7.3892,11.4913,1.2514,0.9302,22.2106,5.79,10.167,4.358,2.0619,0.1921,25744,18.8859,24.7753,-25.2602,2.1403,30.6637,53.8172,116.5309,83956,0.831,3.5543,0.2162,0.5233,79643,-4.7895
9/28/2002,0.5979,8.273,74975.7035,6.8447,41652,34550,6733,198.5909,222.9367,13215,1722.3669,48799,#N/A N/A,73702,54832,12000,-2.7937,2.556,89.019,6.2368,6.1034,4.9361,18.7078,0.1729,-3657,5025,3059,3092.823,916,166,-1202,0.3958,23.6122,1.2056,-55.303,-23.4483,155850.8477,133974.25,7.1429,13.3367,-56.3652,1018,2810,3225,13.7647,67.1875,13.6168,29.5354,-1.2464,153525.4344,22782,0.15,89.1363,11.0523,22.5906,13.7383,16.8011,1.891,2413,1.8004,38.8068,9191,-3.5574,133483.4344,8.0687,68.4211,-26.8587,1699.1,1.12,13,415,1.11,1.11,0.59,1.12,0.6,1911,48,2547,1728.7,254.865,-6.8871,-93.652,20042,46.8009,2.9491,1.7935,87.973,-12.5061,1018,4.2983,1018,39152,315889,-14.9299,53.0625,10.7541,21.1172,2712,11.4508,4.2983,74.0252,5.8592,9.5648,14.5902,1.6254,0.9229,15.4835,3.8322,7.4082,8.6666,-23.4483,6.969,26017,13.4185,19.7207,-3.5329,2.3281,26.9651,53.3146,114.1998,96484,0.8651,3.8283,0.1695,-2.8403,81186,-3.2689
12/28/2002,5.8872,21.2428,74975.7035,15.2475,39737,31786,6733,195.928,222.9367,13285,1728,50376,#N/A N/A,71147,55983,12000,5.6088,3.4012,-8.764,-13.6241,-13.2545,1.6171,18.8834,0.1755,-2675,2238,1580,1608.0061,1148,-1187,-750,0.4343,25.6718,1.2501,16.1765,8.4529,158360.987,137919.155,7.1429,18.6586,16.1074,1384,1999,2939,14.0421,73.475,14.6474,29.9849,-1.2464,155753.04,24573,0.15,90.1349,11.4993,21.4035,13.3282,16.9655,1.8716,2413,0.9158,36.0478,7233,5.0397,135527.04,6.9125,23.6364,-24.7107,1725.3,0.8,4,940,0.7917,0.79,0.79,0.8039,0.8,1387,40,1823,1758.5,258.795,-35.9674,52.463,20226,45.1483,2.7794,1.7308,82.3099,-13.6268,1384,6.8976,1384,39361,315889,35.842,45.575,9.0855,21.0268,1981,9.8729,6.8976,74.9135,5.5153,9.9379,14.7174,1.6065,0.9376,15.8366,4.2187,7.8925,9.472,8.2192,11.2867,25803,12.8817,20.3513,-37.1538,2.208,26.9567,51.2208,105.0055,95720,1.5875,3.5458,0.1657,6.6028,83221,8.9029
3/29/2003,8.4424,13.4258,74975.7035,15.1132,39795,31511,6733,196.316,222.9367,13527,1730.181,50418,#N/A N/A,70365,57143,10000,21.6278,3.6798,-12.6159,38.2821,38.0822,2.1906,20.5628,0.1847,-633,3735,2720,2748.68,40,647,-2455,0.4514,27.4124,1.2629,3133.3333,292,163561.2929,145505.246,6.6667,16.0445,2944.6429,1705,2501,3488,15.089,85.0732,16.125,30.0487,-1.2464,160763.935,26573,0.16,92.9174,11.0237,18.2583,12.505,15.8318,1.8869,580,1.5724,36.9747,7998,6.7364,142739.935,7.9747,77.1717,-12.5195,1729.8,1,5,987,0.98,0.98,0.97,1,0.99,1725,41,2312,1763.7,276.768,-13.5517,52.463,18024,40.4153,2.047,1.402,67.8282,-1.0332,1705,7.8822,1705,38854,315889,194.898,56.3902,10.6884,21.3178,2466,11.4003,7.8822,78.801,5.3716,9.7436,14.0437,1.6567,0.9976,22.5984,5.984,11.3349,11.0406,16.6667,10.0758,23845,18.9726,27.2488,6.8421,1.8548,24.5982,47.2946,89.7339,96938,1.6582,2.7081,0.1483,24.2019,85201,100.7756
6/28/2003,7.8891,20.3038,74975.7035,15.763,40566,32596,6733,209.971,222.9367,13685,1720.423,50350,#N/A N/A,69864,56624,10000,21.5109,4.9922,-13.5471,10.7462,10.6482,2.1535,21.2441,0.1893,-1208,3844,3074,3097.1091,585,609,-2027,0.4724,28.1161,1.2445,34.2105,3.0303,171799.7464,155142.8141,6.6667,15.4407,35.9482,1785,2397,3379,14.9951,102.3939,15.7002,29.9725,-1.2464,168817.9613,27326,0.16,98.1258,11.2879,19.0025,12.9551,16.0069,1.9426,2110,1.7845,36.2977,7812,5.2555,151964.9613,8.2938,4.6443,-4.1472,1722.6,1.04,2,982,1.02,1.02,1.02,1.04,1.04,1785,33,2202,1756.4,275.616,-26.3238,-65.4566,16853,38.1471,1.897,1.2933,61.6739,0.263,1785,8.2938,1785,37268,315889,3.7211,66.7273,10.2314,22.6487,2549,11.8437,8.2938,84.3696,5.5612,10.2171,14.5445,1.7468,0.9474,23.8456,6.5052,12.2331,11.6365,3.0303,8.5818,23024,20.1636,22.2567,-2.5316,1.7669,23.6897,45.7279,84.2568,97190,1.3387,2.5916,0.1364,23.6918,86902,12.6183
9/27/2003,6.5532,10.8781,74975.7035,8.2635,44998,37900,6711,242.886,244.966,14251,1694.509,51496,#N/A N/A,76593,59459,18000,24.3178,2.4379,76.8683,-5.393,-5.5964,1.7549,19.0239,0.2018,-606,4754,2804,2825.7112,585,2144,-2004,0.4022,26.6751,1.1873,162.7119,40.5405,176451.5554,161791.4715,6.6667,10.0648,166.11,2709,3932,4984,16.5936,160.7742,19.2336,29.9639,-1.2464,173032.0972,27864,0.16,102.1134,11.7929,17.1506,11.6993,16.8327,1.9413,2110,1.6412,38.4942,9975,5.5268,157047.0972,10.4812,54.0601,-6.5438,1708.5,1.59,4,1052,1.56,1.56,1.55,1.59,1.59,2716,31,3752,1745.7,273.36,3.0893,1191.5663,15985,36.4547,1.5844,1.0808,57.3679,1.7244,2709,10.4542,2709,38693,315889,47.3106,121.0323,14.4792,21.3057,3878,14.9655,10.4542,88.5246,5.6362,10.9416,15.6715,1.7893,0.9302,29.9451,7.5475,15.3238,13.3747,40.5405,9.4114,23632,26.9312,21.0072,-0.8138,1.5978,22.6237,45.8909,84.8119,104457,1.0622,2.3424,0.1366,22.3071,89131,-0.0563
12/27/2003,0.128,6.5539,74975.7035,6.378,42619,35385,6711,260.307,244.966,14165,1685.37,51851,#N/A N/A,73640,59206,18000,17.6003,4.6213,-23.3401,59.2046,58.3174,2.6141,21.5861,0.2402,-1707,3563,2792,2816.4821,62,160,-1696,0.4733,27.6798,1.2044,0,-0.2155,173215.8069,158644.4182,6.6667,19.844,-1.5173,1363,2067,3055,16.337,87.2857,13.7768,30.0513,-1.2464,169949.3803,28185,0.16,100.838,10.6258,16.8534,11.4014,14.7936,1.8626,2110,1.6504,35.5896,7892,2.928,154784.3803,6.1511,54.0601,-8.1073,1691.7,0.81,0,988,0.79,0.79,0.79,0.81,0.81,1364,35,1818,1727.4,270.672,-26.4075,1191.5663,15165,34.9827,1.5039,1.0174,53.8052,1.7336,1363,6.1466,1363,38255,315889,-0.2743,51.9429,8.1984,21.1126,1950,8.7937,6.1466,87.7223,5.4917,9.8971,13.8135,1.7239,0.9258,28.6667,7.656,14.9863,11.1444,0,10.5158,23666,22.9781,22.0361,17.1733,1.5877,23.2418,45.6423,83.9666,101825,1.4294,2.3469,0.1393,14.6991,91241,-9.0177
3/27/2004,-8.5699,2.4037,74975.7035,2.7275,41409,34357,6711,274.609,244.966,13957,1675.1899,50756,#N/A N/A,70752,58173,10000,12.0551,6.1685,-22.4582,4.8728,4.6874,1.9703,22.7244,0.2385,-932,3917,3282,3305.0988,697,265,-2720,0.4882,28.951,1.2053,19.5876,18.4866,164188.0177,150851.0993,12.5,15.1924,16.5982,1988,2587,3539,16.1239,107.2424,15.2853,30.0035,-1.2464,161400.9933,28830,0.18,96.3479,9.9813,15.7634,10.791,13.4005,1.7399,2052,1.954,36.8203,8525,0.6704,147667.9933,8.595,10.184,-5.3258,1679.6,1.18,3,952,1.1612,1.16,1.16,1.1848,1.18,1990,33,2467,1711.3,302.328,-41.6738,-59.0417,13733,32.2651,1.3412,0.9182,47.6344,0.0618,1988,8.5864,1988,36395,315889,6.7042,74.7576,10.6552,19.4592,2843,12.2792,8.5864,84.1977,5.122,9.3257,12.5388,1.6158,0.9201,28.3198,7.9839,15.6906,11.1641,18.3673,7.0362,21926,24.0173,22.6982,-37.4384,1.4659,22.018,43.1988,76.0527,99582,1.0384,2.1414,0.1358,8.4936,92763,-14.872
6/26/2004,-8.1863,1.2039,74975.7035,3.5868,42430,35167,6711,288.9694,244.966,14012,1664.6973,51653,#N/A N/A,70974,58246,10000,12.3336,4.6088,-24.9059,0.8325,0.8184,2.1533,22.6985,0.275,-1080,3876,3035,3057.7578,-608,1463,-1333,0.4755,29.5026,1.2065,3.9216,3.9216,157447.5569,145595.0919,12.5,16.696,0.8403,1800,2429,3410,15.8318,106.5625,14.5546,28.8819,-1.2464,155011.1424,29702,0.18,93.1167,9.5674,15.0701,10.3424,12.9122,1.6374,2052,1.8178,36.903,8646,2.5879,142731.1424,7.6828,2.4646,1.493,1669.6,1.08,5,981,1.06,1.06,1.06,1.08,1.08,1800,32,2249,1698.1,300.528,-38.5316,140.2299,12280,29.2506,1.1939,0.8193,41.344,0.8213,1800,7.6828,1800,35807,315889,2.1344,70.2813,9.5992,18.7615,2531,10.8029,7.6828,81.8958,4.8054,8.9852,12.1385,1.5285,0.9202,27.5654,7.9448,15.5918,10.9392,3.9216,8.8607,21951,22.9631,23.02,9.2208,1.4646,21.8036,42.497,73.9041,100676,1.49,2.1341,0.1416,8.695,94670,-8.8708
9/25/2004,-4.6579,11.6312,84106.1273,6.2667,47143,39786,16609,317.0946,249.3479,15883,1645.5925,54615,#N/A N/A,79315,63860,10000,17.1043,1.8949,67.5299,-15.4607,-15.2717,1.4216,19.3847,0.2657,-1627,4019,1898,1925.3809,766,875,-1517,0.3958,28.547,1.1849,7.7419,7.6923,177816.1315,166807.218,12.5,10.5726,4.3559,2827,4137,5175,15.7413,132.6923,18.7019,29.7925,-1.2464,174579.5041,31688,0.18,106.0891,11.283,16.9183,11.5014,15.7212,1.8105,2052,1.1441,38.806,10738,6.0568,162222.5041,10.2707,1.8771,12.7124,1659,1.71,4,1038,1.68,1.68,1.67,1.71,1.7,2842,39,3785,1692.1,300.472,-8.5827,-59.1884,12357,28.0554,1.1975,0.8141,38.9958,3.3086,2827,10.2165,2827,39529,329001,0.8795,97.0513,13.6786,21.0192,4048,14.629,10.2165,94.1601,5.1194,10.7358,15.013,1.7113,0.9273,26.7934,7.4056,15.2213,11.2965,7.6923,6.7842,22927,23.9606,21.2965,8.7692,1.5104,20.6544,41.9793,72.3523,111003,2.2499,2.2218,0.1313,13.7238,96428,3.6489
12/25/2004,-5.0169,4.0009,69628.9677,3.0189,41343,33822,16609,355.178,254.7872,15596,1613.3205,53332,#N/A N/A,74979,63556,10000,10.8966,2.777,-29.8032,-41.6222,-41.0645,1.4836,18.5279,0.2558,-680,2080,1331,1365.3,242,-1416,-2816,0.4015,28.5227,1.2224,6.3291,7.5949,165073.7234,151745.628,12.5,20.8362,2.8613,1402,2112,3144,15.7141,64.1633,13.7245,30,-1.2464,162186.2274,29920,0.18,100.5295,11.5851,15.6505,10.6226,16.8006,1.6693,2192,0.8172,36.0311,8254,2.8563,147425.2274,6.142,6.0027,12.0695,1628.7,0.86,4,1032,0.85,0.85,0.84,0.86,0.86,1407,49,1862,1660.6,293.166,-38.5577,-59.1884,14761,33.0364,1.4244,0.9668,49.3349,0.657,1402,6.1201,1402,41157,329001,2.4202,38,8.1282,19.2379,2010,8.7742,6.1201,87.2829,4.9273,10.9395,15.939,1.5604,0.937,27.5949,7.7562,15.4485,11.2442,7.5949,3.3055,23412,21.8451,21.2662,-2.8534,1.5334,22.3186,43.8986,78.2487,104899,2.2756,2.2592,0.1444,6.1558,97161,3.9674
3/26/2005,-6.3285,-1.3489,67689.7639,3.822,40510,32197,16609,375.6946,169.1913,15156,1595.7913,53843,#N/A N/A,73263,62878,10000,9.6908,3.5847,-30.7593,-20.0153,-19.3325,1.713,17.8917,0.2689,-1338,3133,2259,2304.3776,880,11,-1784,0.3939,29.1378,1.2582,-3.4483,-1.8231,135238.5127,120790.18,11.1111,17.3301,-7.998,1829,1107,2139,14.4041,31.9254,9.6048,32.2722,-1.2464,133466.7157,30125,0.2,83.6367,10.0817,15.3463,9.6241,15.4235,1.3863,2681,1.4084,39.4028,8775,6.082,118407.7157,8.3116,-188.675,2.0742,1603.9,1.13,4,1032,1.14,1.12,1.12,1.15,1.14,1851,67,801,1627.9,320.78,-27.3689,-95.8491,15059,33.3282,1.7315,1.0859,49.9884,-2.4504,1829,8.2128,1829,41066,329001,-67.5314,11.9552,3.5968,15.7537,2733,12.2721,8.2128,70.8732,3.9305,9.3046,14.3036,1.2649,0.9502,26.6576,7.743,15.2745,9.2272,-3.4483,-3.8138,23718,22.0378,21.3317,37.6378,1.7103,22.9408,44.0503,78.732,103388,2.1763,2.7271,0.1777,4.4918,96278,17.8815
6/25/2005,-4.0945,-1.9113,65437.4911,0.3308,39143,29964,16609,396.2886,172.1171,15114,1579.5165,51657,#N/A N/A,70774,61866,10000,7.2841,5.1538,-33.4746,10.6295,10.7308,2.8285,19.1031,0.2755,-974,4288,3456,3485.1238,176,-396,-3710,0.4152,29.933,1.3063,-11.3208,-11.3208,141939.1269,129731.784,11.1111,20.9934,-15.7778,1516,2925,3898,15.2112,69.6071,18.1058,47.9931,-1.2464,139876.8141,30235,0.2,88.5567,10.2419,15.3593,9.7434,15.4028,1.4821,1342,2.1718,40.5871,8738,0.0077,126708.8141,7.0417,-188.675,-1.2309,1591.3,1.28,4,973,0.94,1.26,0.94,0.95,0.95,1516,56,2659,1617.2,318.26,-15.1329,-95.8491,13168,30.3389,1.4459,0.9172,43.5522,-3.8746,1516,7.0417,1516,40810,329001,18.2303,47.4821,12.3508,16.3381,2915,13.5399,7.0417,76.6233,4.1908,9.6099,14.4761,1.3793,1.0017,25.2732,7.5107,14.9284,9.5005,18.8679,-8.1096,21422,19.9675,21.3168,-1.0702,1.4922,21.208,41.4697,70.8517,101009,1.0956,2.3523,0.1531,1.7945,94378,26.3803
9/24/2005,-11.5222,-22.1834,74162.1201,-4.7341,45661,35152,5481,407.2793,236.07,13779,1573.9798,55739,#N/A N/A,72650,60087,10000,9.2019,3.8745,63.3103,33.7149,33.6462,1.6862,20.4749,0.3893,-1431,5374,3987,4020.8354,184,4317,374,0.397,31.2989,1.299,19.1617,19.6429,140491.8056,131914.56,11.1111,9.8694,12.7343,3187,4320,5383,15.9809,112.1458,22.0371,29.5096,0.1131,138336.1364,33098,0.2,87.8894,9.2108,14.7543,9.4985,12.377,1.5179,6534,2.5258,44.0701,10765,2.058,129381.1364,13.1821,-188.675,-14.3245,1578.5,2.15,4,1063,2.01,2.12,1.99,2.04,2.02,3220,48,4054,1604.8,317.794,-6.9968,393.3714,8955,21.2946,0.9551,0.6149,27.056,-9.3509,3187,13.047,3187,37498,329373,7.107,84.4583,16.5964,15.3645,4568,18.7006,13.047,78.5145,3.909,8.8107,11.873,1.4433,1.0519,24.4929,7.3208,14.6399,10.5979,26.1905,-11.7235,22641,22.0756,23.2387,-34.6063,1.5546,21.4103,40.6197,68.4059,105748,2.5271,2.4148,0.1637,4.4496,91134,42.8436
12/31/2005,-9.201,-6.096,74162.1201,-2.3165,41583,33268,5481,437.9037,166.318,12892,1550.3945,55217,#N/A N/A,69737,60886,10000,13.8386,3.9719,-48.4168,49.3269,49.0895,1.8185,22.8014,0.3698,-4008,3106,2324,2370.2,748,-3433,-2531,0.474,31.9433,1.2499,28.5714,27.0588,139899.2289,130896.384,11.1111,18.3197,21.826,1708,2295,3238,16.491,49.0606,15.6736,30,0.1131,138044.0384,32732,0.2,89.038,8.5975,14.464,9.4177,11.3324,1.5531,2228,1.4855,39.15,8088,3.5345,127861.0384,8.2676,-188.675,-13.6084,1564.5,1.09,4,943,1.08,1.08,1.08,1.09,1.09,1708,66,2030,1587.2,312.9,-40.7777,-142.4435,10183,23.7283,1.067,0.6947,31.1102,-6.7718,1708,8.2676,1708,36469,329373,9.0226,30.7576,9.8262,14.7796,2440,11.8108,8.2676,78.7724,3.9063,8.2159,10.8634,1.4702,0.9986,26.304,7.9472,15.4683,10.7106,27.0588,-9.8175,22485,21.4852,23.0556,4.4059,1.534,21.9432,40.7212,68.6942,102469,1.8832,2.3559,0.1629,9.3984,88885,10.5571
4/1/2006,-3.0179,0.7286,74162.1201,-0.0106,39591,34118,5481,469.4166,166.6486,13049,1521.839,55328,#N/A N/A,69828,63786,10000,16.7777,2.7689,-45.8833,-18.1615,-17.7444,1.2681,21.9568,0.2928,-963,2564,1638,1688.3925,61,-2035,-3636,0.4624,32.4531,1.1604,16.0714,14.0351,130368.8451,119846.882,50,22.8205,10.5522,2022,2842,3823,18.4645,53.0972,17.4646,30.0104,0.1131,128696.6724,33549,0.3,84.5665,8.3073,11.37,7.8752,11.1282,1.4541,765,1.065,41.1786,9014,2.758,116907.6724,9.2371,-188.675,-4.218,1538.1,1.31,4,981,1.3,1.3,1.3,1.31,1.31,2022,72,2576,1560.1,461.43,-32.5652,-142.4435,11789,26.0025,1.0415,0.7214,35.1396,-1.752,2022,9.2371,2022,35710,329373,221.598,35.7778,11.7679,13.3368,2889,13.1978,9.2371,73.3757,3.4847,7.8778,10.5987,1.3611,0.9163,26.488,8.1571,15.7421,12.6809,16.0714,-1.7063,21779,20.4434,23.5984,5.9497,1.3327,21.0675,39.3634,64.917,103377,2.0879,1.9241,0.1692,11.366,88505,-34.1634
7/1/2006,-0.5744,1.0583,74162.1201,3.1146,40669,34929,5481,488.8945,167.0836,13012,1506.3518,56239,#N/A N/A,69907,63486,10000,18.7744,3.7509,-44.278,-6.5765,-6.0716,1.8029,21.5286,0.3121,-945,4006,2938,2987.0044,73,1383,-1678,0.4638,32.8818,1.1643,54.2553,54.2553,136241.5796,125720.542,50,20.4302,46.5699,2222,3086,4055,18.4155,57.9286,17.929,29.9937,0.1131,134520.4701,34248,0.3,89.3022,8.8328,11.7107,8.1532,12.1555,1.5015,3120,1.9416,41.964,9491,8.87,123430.4701,9.8245,15.4412,-4.7416,1513.2,1.47,4,969,1.45,1.45,1.45,1.47,1.47,2222,70,2827,1534.3,453.96,-16.9413,-142.4435,11090,24.4607,0.9654,0.6722,32.3815,0.1211,2222,9.8245,2222,34978,329373,6.3182,40.3857,12.4994,13.7714,3174,14.0337,9.8245,78.2661,3.604,8.4438,11.676,1.4162,0.9315,28.3455,8.909,17.2734,13.8846,15.0794,5.0536,21991,22.5544,24.1946,28.3654,1.3329,21.1137,39.1028,64.211,104155,2.1607,1.9144,0.1635,13.2727,89593,-37.466
9/30/2006,11.1421,8.3685,74162.1201,-2.3773,44660,40091,5084,501.9878,207.6632,13553,1506.4826,51188,#N/A N/A,74728,58574,10000,-10.0151,3.3689,64.9439,-0.5769,-0.2541,1.5089,20.0982,0.2658,-5633,5343,3757,3808.0935,2917,-460,-170,0.3992,27.613,1.114,16.0804,12.4378,160827.6381,148882.375,50,13.0502,11.1076,3541,4780,5794,18.4964,81.6056,22.0665,28.0374,0.1131,158380.7858,28506,0.3,105.1328,10.4086,13.2792,9.3661,14.5916,1.7324,4852,2.4925,44.5634,11701,-8.1648,146354.7858,13.1965,24.0437,-1.0912,1507.3,2.3,4,1014,2.26,2.26,2.31,2.3,2.35,3465,71,4494,1532.5,452.19,10.377,-142.4435,12026,29.6704,1.0083,0.7112,42.1876,4.9724,3541,13.4859,3541,34637,329373,10.8535,63.2958,17.1154,15.9524,4815,18.338,13.4859,92.7942,5.1342,9.8685,13.9093,1.6245,0.9115,30.8194,9.085,18.125,14.1407,6.6038,7.4917,22682,26.7974,15.2532,14.3475,1.3413,21.9714,44.3112,79.5692,103234,0.2317,1.9017,0.1432,-13.874,91423,-56.523
12/30/2006,10.5349,-69.1217,61919.9137,-0.8276,42447,36763,5084,537.5468,106.8836,13151,1484.8273,51755,#N/A N/A,73812,59174,10000,-11.2887,3.2901,7.7118,-2.8654,-2.6332,1.6361,20.2271,0.2933,-2418,3017,2100,2152.1954,205,-1070,-1669,0.4264,27.3654,1.1546,12.037,12.037,155298.5864,143539.128,50,24.3953,7.9625,1844,2559,3508,18.5143,48.0548,15.9245,28.4994,0.1131,153123.8189,27809,0.3,103.1257,10.1185,12.5872,8.9129,14.3967,1.6502,3332,1.4005,40.2469,8866,-6.2698,139959.8189,8.3708,17.3723,-1.355,1499.5,1.23,8,949,1.21,1.21,1.21,1.23,1.23,1844,73,2268,1522.8,449.85,1055.3012,68.8319,13164,32.1285,1.0821,0.7662,47.3372,5.1196,1844,8.3708,1844,37049,355766,11.7241,31.0685,10.2955,15.1543,2579,11.7073,8.3708,90.0338,5.0329,9.5491,13.6618,1.538,0.9223,31.8098,9.436,18.3824,14.1432,12.037,6.6315,23946,24.0497,14.5319,17.2634,1.3938,23.564,46.268,86.1088,101621,1.5352,1.9684,0.1564,-15.0403,92793,-31.6416
3/31/2007,9.7396,-70.2925,66819.2014,-0.8019,42293,48084,5084,674.7482,82.2216,13217,1360.4066,51477,#N/A N/A,85793,60255,10000,-44.1318,3.8849,8.4798,34.2434,35.234,1.523,18.4257,0.2119,-151,3442,2556,2649.5487,36,58,-3233,0.3846,16.3387,0.8796,19.2308,19.2308,170066.9713,153749.2,33.3333,25.4259,11.7705,2260,3108,4057,18.3935,31.2077,17.0663,28.0395,0.1131,167715.7927,16755,0.4,123.2836,10.4472,13.567,9.6311,14.4624,1.7715,13599,1.7785,41.8055,9938,-6.9603,143182.7927,9.5112,10.4676,-8.4539,1437.2,1.52,3,949,1.55,1.5,1.55,1.57,1.57,2261,130,2773,1460.8,574.88,881.9598,68.8319,24533,59.4192,1.9845,1.4088,146.422,3.6955,2260,9.507,2260,37709,355766,7.6475,21.3308,11.665,16.3941,3142,13.2172,9.507,100.531,8.5457,9.9301,13.825,1.6549,0.6974,39.2295,9.5831,18.9367,14.6443,15.3846,8.5975,34722,29.255,1.6789,-4.3197,1.9939,33.8593,67.4515,207.2337,102548,1.7344,2.8088,0.207,-50.0581,94675,-31.6416
6/30/2007,9.6141,-69.7425,67794.5616,4.2763,46588,45010,5084,672.7793,23.2608,13619,1377.9553,55868,2000,88062,62021,10000,-34.415,4.2024,10.2646,11.9321,14.0069,1.8992,18.4938,0.3071,-3204,4484,3417,3555.9835,477,2284,1004,0.4075,18.9183,1.0351,15.8621,15.8621,187892.8194,165603.24,33.3333,23.2244,6.2556,2361,3402,4448,18.5148,23.0466,18.4419,27.9878,0.1131,183821.1294,20547,0.4,133.4014,11.0591,14.5394,10.323,15.1098,1.9113,3540,2.4916,41.2787,9956,-0.6597,162323.1294,9.7931,18.7084,-8.9024,1371.4,1.72,3,1046,1.68,1.68,1.68,1.72,1.72,2362,193,3108,1405.8,548.56,687.2222,65.1482,21498,51.1309,1.7004,1.2073,104.6284,5.5338,2361,9.789,2361,43052,355766,9.9399,16.1036,12.8861,17.7143,3280,13.5992,9.789,112.5183,7.9001,10.4979,14.4308,1.7784,0.834,36.5216,9.4057,18.4497,14.4069,15.8621,6.641,35321,28.0397,4.9027,-0.0936,1.9835,32.5212,63.2222,171.9034,108609,3.153,2.7937,0.1921,-40.0053,96177,-72.5087
9/29/2007,7.0775,1.1301,74674.4344,16.6583,53177,44310,4849,672.3733,157.6613,13582,1385.2341,63743,5831,91962,67254,10000,8.6118,2.9267,65.1682,-3.5935,-1.6371,1.3034,17.5007,0.3644,1098,5151,3391,3545.7859,291,5697,-552,0.3814,23.6393,1.2001,21.2121,23.8938,171987.6414,152734.49,33.3333,14.5206,11.6069,3952,5656,6705,18.948,31.186,23.228,28.0066,0.1131,168871.8103,28469,0.4,121.9085,10.214,12.4933,9.0219,14.1869,1.7095,3642,2.45,44.9318,12970,24.5272,149743.8103,13.6874,33.4994,-5.1957,1384.1,2.85,3,1049,2.8,2.8,2.8,2.85,2.85,3951,215,5368,1412.9,573.71,7.6986,65.1482,19128,40.1874,1.4151,1.0219,67.1889,4.446,3952,13.6908,3952,47652,386558,19.4482,24.9674,18.5963,15.0348,5488,19.012,13.6908,103.2532,5.2599,9.484,13.312,1.5515,0.9899,36.5669,9.3148,18.8919,14.6548,23.8938,9.9364,35274,31.2572,11.6081,10.971,1.8845,29.2898,55.3378,123.9032,120431,5.4883,2.6096,0.2089,-0.1298,98786,94.0687
12/29/2007,11.7189,6.8523,63385.0548,19.8797,48425,47048,4849,695.8923,40.485,14261,1373.4786,63914,5831,93095,73398,10000,11.6797,4.1287,62.4468,39.3106,41.1469,1.8124,18.5617,0.2556,-5779,4203,3185,3314.075,4962,-4204,-2628,0.4124,23.5818,1.0293,36.3636,36.3636,183736.9221,161691.102,33.3333,23.8896,25.7592,2319,3294,4324,19.2911,24.2921,17.6475,27.4859,8.6551,181301.3245,28728,0.4,132.0016,10.1876,12.7444,9.2813,13.8766,1.7905,2405,2.303,41.4905,10166,23.4934,158142.3245,9.4645,28.6696,2.1978,1383,1.68,3,1030,1.65,1.65,1.65,1.68,1.68,2319,178,2977,1404.3,554,12.0138,-292.8972,23159,44.6335,1.6279,1.1856,80.6147,7.3262,2319,9.4645,2319,46047,386558,31.261,16.7247,12.15,15.0904,3198,13.052,9.4645,109.9776,5.5048,9.2667,12.7607,1.5838,0.8048,38.5305,9.7492,19.7257,14.65,36.3636,11.2261,35186,29.3257,6.9766,11.0142,1.8013,28.8829,55.0521,122.4798,121823,4.8756,2.4734,0.1941,3.3047,101259,-75.7741
3/29/2008,12.1991,13.1971,69384.1545,17.9233,46312,44683,4849,731.3225,17.5275,14243,1354.8401,62497,5831,92663,74616,10000,69.389,4.3313,61.1129,23.4457,23.1526,1.5367,19.5191,0.2204,-1130,4249,3268,3373.1193,929,-1161,-4280,0.3899,23.3734,1.0365,27.7419,27.7419,188441.5075,165444.174,25,24.7071,22.3451,2765,3989,5055,19.684,34.8621,18.8472,27.5039,8.6551,184974.2006,28265,0.5,136.5284,9.9369,12.2459,9.0091,13.4147,1.7733,2664,2.3919,43.2534,11601,21.4076,160589.2006,10.3091,28.8291,2.3525,1366.3,2.02,5,1066,1.98,1.98,1.98,2.02,2.02,2765,145,3652,1395.8,683.15,10.4242,-292.8972,24385,46.3153,1.6144,1.1877,86.2728,6.2642,2765,10.3091,2765,47980,386558,31.6985,25.1862,13.6162,14.6153,3814,14.2202,10.3091,113.2156,5.6816,9.0205,12.3002,1.5639,0.8066,50.6308,10.1998,20.9258,15.5474,32,12.826,34232,38.1214,5.471,10.7223,1.6673,28.3078,54.7738,121.1109,120928,4.389,2.2663,0.1851,68.6959,104308,-75.7741
6/28/2008,0.6789,0.5645,65452.015,6.7223,44187,44753,4849,751.5968,17.27,13582,1343.458,61931,4500,88392,71723,10000,37.3661,3.9275,59.2557,-16.6146,-16.6279,1.324,19.6194,0.218,-1497,3739,2787,2902.2801,126,127,-2115,0.3864,23.7408,0.9874,22.0238,22.0238,185091.7004,161299.536,25,23.9147,19.6103,2824,4065,5113,20.0938,32.1572,20.2087,27.4968,8.6551,181787.846,27518,0.5,135.3134,10.1864,11.5553,8.5761,13.8398,1.7233,3302,2.0634,43.3105,10958,10.8524,157130.846,11.1616,53.0457,5.0788,1350.7,2.09,3,1048,2.05,2.05,2.05,2.09,2.09,2824,159,3735,1379.1,675.35,1.3509,-94.4396,24657,47.2583,1.5673,1.1632,89.6032,-1.1997,2824,11.1616,2824,43639,386558,20.1737,23.4906,14.7623,13.7925,3895,15.3946,11.1616,111.716,5.7101,9.2542,12.7018,1.5203,0.7515,49.3498,10.5648,20.992,15.4566,22.0238,4.9007,34413,37.548,5.966,-10.7779,1.6235,29.6894,55.5667,125.0563,115910,4.2274,2.1875,0.1893,33.9271,105490,-75.7741
9/27/2008,-4.8129,-12.9128,67776.7878,-9.0566,49004,42435,5810,757.8859,119.3072,19452,1339.0959,47391,468,96058,60520,10000,-51.0697,5.427,64.9344,28.5381,27.5461,1.4956,19.584,0.3042,-879,6621,5401,5547.3219,296,2989,-2753,0.4337,12.295,1.1548,17.1429,17.1429,134456.9186,113439.264,25,15.1242,12.0192,4427,5900,6896,20.6388,35.9167,25.5351,23.7907,3.0777,133716.3129,13466,0.5,99.8557,6.9249,8.3898,6.2519,8.8329,1.2903,4175,4.0333,47.9005,12936,-25.653,112698.3129,16.3927,53.0457,1.3889,1339.1,3.31,4,996,3.28,3.28,3.28,3.31,3.31,4427,192,5574,1347.9,669.55,-1.1511,-47.5338,21018,60.95,1.3187,0.9827,156.082,-5.1585,4427,16.3927,4427,53623,398455,3.8376,29.0313,20.6399,9.3929,5809,21.51,16.3927,80.3866,8.3691,6.0715,7.7987,1.1038,0.9259,58.8291,10.7282,23.0935,17.9708,17.1429,-6.4436,33925,49.9317,-8.6383,-30.6818,1.5862,30.9749,71.5853,251.9308,109524,-1.6477,2.1286,0.2537,-52.6994,103630,-25.9163
12/27/2008,-14.372,-19.7981,54487.9597,-16.3179,43995,37425,5810,779.6875,92.354,18276,1321.3973,42487,837,88251,57949,10000,-50.7899,7.3222,62.2368,4.354,3.5526,1.9111,21.5238,0.3285,-48,4386,3787,3886.9744,21,-447,-4583,0.4497,13.3416,1.1756,3.0303,3.0303,145116.431,130753.055,25,29.4118,-1.0349,2295,2999,3916,20.8054,28.7941,18.0369,26.4894,3.0777,144621.1866,13601,0.5,109.4456,7.4307,9.2422,6.8933,9.2053,1.4342,1403,2.8171,43.4388,9431,-33.5247,128030.1866,10.5707,-10.3905,-7.2917,1344.3,1.7009,3,917,1.7,1.6937,1.7,1.71,1.71,2295,136,2687,1349.5,675,-11.5399,89.3673,16499,54.6469,1.0544,0.7864,120.4922,-11.267,2295,10.5707,2295,50826,398455,-9.7414,19.7574,12.3762,10.7611,3122,14.3798,10.5707,92.5458,9.4133,6.8789,8.5701,1.2974,0.9196,58.1682,11.0034,24.0197,17.0545,2.6508,-11.3909,28794,41.0599,-8.8598,-41.1591,1.3724,28.2449,67.7713,210.2826,101944,-3.9052,1.8401,0.1991,-52.3357,100839,377.1242
3/28/2009,-13.4267,-22.0688,58350.3783,-14.2837,44435,36430,5810,794.2362,53.4563,18459,1310.8836,42288,0,88182,59220,10000,-43.7655,6.7248,64.8457,11.5792,10.5742,1.5279,22.0986,0.3438,-1849,4741,4036,4109.5343,79,-616,-3743,0.4805,14.8367,1.2197,17.1717,17.1717,152380.2588,139599.098,10,23.5901,12.2242,3103,4338,5274,21.7944,52.2178,22.6839,27.1938,3.0777,151265.4631,15379,0.55,115.392,7.5928,9.4376,7.1355,9.1976,1.5551,2415,3.0435,45.5097,10581,-32.336,136882.4631,13.3462,-10.3905,-7.6844,1326.1,2.3826,3,936,2.32,2.3623,2.32,2.34,2.34,3103,101,4032,1336.9,732,-9.6348,46.9423,14289,48.0109,0.8915,0.674,92.348,-9.3462,3103,13.3462,3103,51752,398455,10.4053,39.9208,17.3419,11.125,4262,18.3312,13.3462,99.7382,8.9006,7.1764,8.7328,1.4386,0.9663,57.9644,11.2644,24.9735,17.7604,19.308,-13.3142,26815,44.2906,-7.2117,-28.1346,1.2649,25.8695,63.4104,173.3019,103655,-3.5847,1.673,0.1773,-45.2574,97268,391.4058
6/27/2009,-6.3076,-9.2319,59143.4415,-10.5556,43446,32961,5810,800.1111,4.9916,18427,1313.6029,41274,0,85182,60229,10000,-31.6336,6.3623,62.0622,39.0211,36.4648,1.6173,24.5897,0.3493,-2337,5198,4381,4442.737,25,-2147,-5168,0.5391,17.7429,1.3181,17.0732,17.0732,170665.4674,160062.102,10,22.5887,13.8102,3214,4473,5426,22.5179,64.5952,23.0247,26.5035,3.0777,168487.0472,18395,0.55,128.2633,7.9003,10.2355,7.8322,9.3678,1.7637,-111,3.3192,45.0946,10627,-33.3549,157120.0472,13.6383,-10.3905,-15.1333,1319.9,2.4794,3,953,2.4,2.4437,2.4,2.44,2.44,3214,84,4168,1338.2,726,-6.6398,46.9423,11269,37.8637,0.6846,0.5238,60.9366,-3.2062,3214,13.6383,3214,52221,398455,11.593,49.619,17.6865,12.2304,4373,18.5564,13.6383,114.2472,8.5415,7.6086,9.0524,1.6681,1.0279,56.7987,11.876,26.0061,19.3543,19.2056,-6.8574,22781,43.9686,-4.0419,-14.1807,1.059,21.9735,55.1946,123.1872,103675,-4.3872,1.3839,0.1352,-32.7967,95533,391.4058
9/26/2009,-2.7783,6.0165,68338.9592,-0.4583,48935,36002,5830,821.6792,73.2105,15953,1305.3374,46237,235,86267,60087,10000,72.4524,4.8627,66.4622,-2.6129,-3.8158,1.3397,24.0799,0.3881,-2495,6448,5122,5183.0959,1069,2652,-1206,0.5297,20.7637,1.3592,9.4512,9.4512,183384.8168,175497.63,10,15.1049,8.7192,4813,6422,7389,22.98,91.2222,27.1355,24.573,0,180494.6687,22637,0.55,138.2743,8.5662,10.6105,8.2024,10.2417,1.8849,6486,3.885,48.274,13145,-2.4351,170868.6687,17.6754,245.5357,-7.7009,1318.4,3.7093,4,967,3.59,3.6477,3.59,3.65,3.65,4813,81,6124,1340.7,727,-6.1758,-11.2747,9508,29.4703,0.5589,0.4321,41.7842,-0.9718,4813,17.6754,4813,50265,398455,9.8672,75.6049,22.4899,12.8998,6381,23.4337,17.6754,125.031,7.5482,8.3553,10.0193,1.8132,1.1006,74.3706,12.2857,29.3129,23.319,11.2102,0.8294,23482,63.1369,-0.0765,8.6885,1.0671,21.5388,50.7862,103.1949,109022,-3.2757,1.3804,0.1301,68.9811,95757,96.8793
12/26/2009,1.2883,7.9449,57229.5567,3.2018,45697,34575,5830,852.6997,0.074,15216,1282.3477,45963,2038,83059,59511,10000,66.9285,5.8509,59.5805,1.1172,0.2163,1.7051,25.0689,0.4043,-699,4435,3677,3737.6777,824,286,-3369,0.5784,20.9423,1.3217,15.8824,15.8824,176992.4804,169495.2,10,27.6048,13.3333,2601,3077,4001,22.7958,48.7927,17.5037,26.0028,0.2394,174414.0865,22033,0.55,136.0115,8.274,10.1907,7.8956,9.9814,1.7999,4158,2.8259,43.6477,9977,8.1813,164461.0865,11.3789,9.0671,-8.5176,1301.2,1.9563,0,924,1.97,1.9281,1.97,2,2,2601,82,2791,1321.6,718,-2.1944,-11.2747,9837,30.7541,0.5748,0.4453,44.4128,0.8232,2601,11.3789,2601,48484,399409,3.8705,34.0366,12.2102,12.3534,3515,15.3775,11.3789,122.4998,7.4643,8.1107,9.8099,1.7423,1.0523,77.0668,13.2569,31.6311,23.2043,13.8358,5.283,23814,55.7927,-1.8041,26.5442,1.078,22.6352,51.8112,107.5173,105208,-2.9302,1.3914,0.1365,61.7542,96904,69.2846
3/27/2010,-1.4332,23.2408,59397.7602,-0.2267,44895,34993,5830,883.8021,0.0508,14598,1261.2781,45464,2250,82244,58525,10000,42.319,4.5483,57.3029,-20.5653,-20.395,1.1122,24.1319,0.3498,-1946,3766,2938,3004.6098,185,-2147,-3746,0.5558,20.3626,1.283,12.5,12.5,170111.3257,160116.516,18.1818,24.6013,9.1202,3386,4557,5456,22.8717,60.6222,22.9978,25.9891,0.2394,167906.6163,21059,0.65,133.1242,8.3546,9.6743,7.5389,10.2578,1.7243,3187,2.2978,45.5615,10809,7.5104,155742.6163,14.2725,50.8439,-3.5674,1278.6,2.6093,4,899,2.61,2.5716,2.61,2.65,2.65,3386,90,4273,1296.7,833,-9.1543,-248.539,12047,36.261,0.6941,0.5409,56.8899,-2.9682,3386,14.2725,3386,47251,399409,5.9772,47.4778,18.0113,11.6589,4575,19.2843,14.2725,117.9437,7.3955,8.1329,10.0163,1.6546,0.9886,76.9197,13.5352,32.5112,23.8311,8.8598,2.0387,24288,57.9965,-2.5028,17.4468,1.0905,23.4848,53.4225,114.6959,103420,-3.3264,1.3994,0.1447,36.8578,97378,23.6977
6/26/2010,4.1976,15.2807,60767.2837,3.375,44469,35443,5830,910.1818,0.002,15145,1242.3611,47231,1600,84816,62705,10000,27.8182,5.2796,57.41,-12.4471,-12.0888,1.268,22.6372,0.3128,-1780,4551,3689,3761.9004,1984,-466,-3456,0.5614,20.7485,1.2547,17.5,17.5,182895.0389,170733.392,18.1818,22.7919,11.6677,3589,4677,5591,22.8755,58.8526,23.0357,23.2628,0.2394,180558.3231,22237,0.65,145.3348,9.2777,10.273,8.0473,11.5097,1.8409,3907,2.939,45.3257,11001,14.4328,166650.3231,14.7872,31.2057,3.26,1255.2,2.829,1,914,2.82,2.7901,2.82,2.86,2.86,3589,95,4388,1272.8,818,0.4422,78.2953,13787,38.1436,0.7844,0.6145,61.6647,-1.2686,3589,14.7872,3589,49373,399409,5.2783,46.1895,18.0792,12.2643,4677,19.2699,14.7872,128.1257,7.4943,9.0207,11.2273,1.7624,0.9704,70.8259,13.6486,33.1066,23.6152,14.1747,2.9916,24873,54.6834,-4.3145,5.508,1.1086,23.2081,52.6624,111.2488,107174,-1.7756,1.4152,0.1378,20.8998,98083,-13.9151
9/25/2010,5.6179,4.9489,67999.8407,4.0634,48116,40562,5417,933.8065,39.1977,15978,1227.9935,50050,1144,90280,65336,10000,8.219,3.9119,61.4426,5.3815,5.5768,1.2926,21.6515,0.2872,-4082,6795,5058,5135.0976,2929,802,-1859,0.5106,20.3134,1.1862,16.4345,16.4345,198232.8213,184682.784,18.1818,15.37,9.225,5257,7012,7932,23.0095,77.7647,27.3338,24.4141,7.1014,195573.3325,23046,0.65,159.2625,9.8652,10.7754,8.5106,12.5051,1.9582,7230,4.0787,49.0265,14227,8.2466,180220.3325,18.1157,32.085,-1.7248,1240.1,4.2052,0,920,4.18,4.1465,4.18,4.24,4.24,5257,102,6698,1258.4,808,4.9742,-69.7587,15227,39.6547,0.839,0.6626,65.7129,-0.4871,5257,18.1157,5257,49718,426751,9.373,65.6667,23.0814,12.8328,6955,23.9671,18.1157,140.1799,7.82,9.4936,12.0876,1.8611,0.9551,64.9388,13.3346,31.3864,24.1433,13.6747,6.57,26878,54.9577,-6.5757,30.9955,1.1696,23.6911,53.7023,115.9934,113452,-2.1301,1.4809,0.1374,1.8326,99872,-41.5913
12/25/2010,9.3988,6.3357,57661.2591,7.3683,47523,40388,5417,957.9883,39.1977,15995,1211.2002,51124,3300,90185,65437,10000,8.9399,3.7844,57.5413,-14.4983,-14.1007,1.3245,20.9614,0.3279,498,3792,2790,2859.7561,51,2102,-2314,0.5044,20.0699,1.1767,17.2589,17.2589,215594.9386,202206.8,18.1818,27.7681,10.073,2863,3755,4673,23.2747,50.2473,18.9905,24.9935,6.8456,212718.4165,22671,0.65,175.6261,11.0846,11.3124,8.9937,14.4104,2.0933,4527,2.2828,44.1257,10858,11.2286,197510.4165,11.6349,37.3928,0.9905,1222.2,2.3587,0,918,2.31,2.3259,2.31,2.34,2.34,2863,93,3445,1240,795,9.3027,634.965,15104,39.8743,0.8032,0.6386,66.3183,2.659,2863,11.6349,2863,49797,426751,23.4325,37.043,14.0001,13.7796,3817,15.5118,11.6349,155.7586,8.712,10.7615,14.0599,2.0027,0.9349,67.5331,13.838,31.6859,25.7741,20.6343,7.6516,28349,48.7805,-7.1959,32.19,1.1986,25.0965,55.4515,124.4742,112960,-1.5285,1.5076,0.1333,2.8263,101621,-35.8479
3/26/2011,12.9832,-1.6729,62486.0867,9.7215,46937,39843,5417,981.3164,39.1977,16014,1194.2782,51027,2013,90263,66537,10000,15.981,4.0406,53.2131,13.6219,13.5455,1.1678,21.5116,0.2953,-584,4279,3220,3292.755,108,-1048,-4903,0.5189,20.3809,1.178,14.9425,14.9425,223837.2879,209531.17,15.3846,24.6998,8.2103,3664,5095,5993,23.1334,61.7835,22.4743,24.9949,6.8456,221014.4278,23127,0.75,185.0611,11.2136,11.4414,9.137,14.6858,2.1137,2771,2.6726,46.4449,12385,12.2361,204878.4278,13.7403,17.4371,-0.8478,1204.8,3.1216,3,898,3,3.0793,3,3.04,3.04,3664,97,4786,1221.4,905,16.9414,51.1877,16052,40.8833,0.831,0.6636,69.1569,5.2091,3664,13.7403,3664,50420,426751,12.0056,49.3402,17.9479,13.8999,4885,18.3192,13.7403,163.8584,8.8588,10.8856,14.328,2.0182,0.9291,69.5831,14.1756,32.4706,26.9702,19.7426,12.4009,27816,52.3962,-6.7175,27.8986,1.1499,24.5131,54.5123,119.8397,113474,-1.6055,1.44,0.1259,9.6099,104563,-28.3579
6/25/2011,2.3811,0.127,61293.3537,2.7843,45372,36028,5417,1000.5008,39.1977,15375,1178.6182,50623,1150,87780,64786,10000,5.6643,4.6837,52.3576,2.8126,2.9588,1.2188,22.2659,0.3137,-805,4679,3680,3761.7133,64,-411,-3669,0.5469,20.2355,1.2594,13.1206,13.1206,225960.4026,210700.863,15.3846,23.2613,6.9657,3839,5272,6157,23.2553,57.5421,23.5386,23.6324,6.8456,223133.959,22291,0.75,189.3183,11.2431,11.2161,9.0137,14.8268,2.0962,4015,3.0961,46.5382,12173,7.1817,206104.959,14.6768,30.5938,1.2933,1188.6,3.2418,3,885,3.19,3.2018,3.19,3.23,3.23,3839,107,4965,1204.9,893,3.0763,11.8026,16942,43.0875,0.8516,0.6844,75.7083,-0.8709,3839,14.6768,3839,51752,426751,13.1495,46.4019,18.9815,13.7115,5027,19.2186,14.6768,167.1824,9.2461,10.8816,14.4161,1.9946,0.9761,70.1716,14.3771,32.5472,27.5931,14.755,7.7706,28245,53.8488,-6.8786,15.8933,1.141,25.6404,55.7948,126.2177,110158,-2.0821,1.4198,0.1266,0.0895,106449,3.5232
9/24/2011,3.6507,9.1363,68040.1143,2.6275,50928,42124,5562,1019.2873,20.6623,18374,1163.1826,49671,2300,96198,65505,10000,-7.7494,6.7719,58.0635,4.4444,4.5247,1.2927,20.6314,0.283,-3505,7097,6049,6135.0407,1588,619,-2810,0.4801,17.2958,1.209,10.5263,10.5263,234507.6899,218578.156,15.3846,16.0291,4.4322,5490,7391,8279,23.4782,72.6228,28.0777,24.5257,1.5491,231497.0099,20138,0.75,199.0204,11.4845,11.4111,9.2223,14.4241,2.1652,7404,5.1604,49.9288,14722,-0.7572,213886.0099,18.619,84.1542,5.9184,1172.2,4.8563,2,888,4.62,4.7904,4.62,4.68,4.68,5490,114,7091,1188.7,880,1.9368,-22.818,17514,46.3959,0.8633,0.6977,86.553,-1.5111,5490,18.619,5490,54074,433362,5.8674,62.2018,24.0487,13.7251,7274,24.6693,18.619,175.6356,10.621,11.047,13.9178,2.0562,0.9496,73.4346,13.7947,32.423,27.2548,15.5275,1.6093,29436,61.6637,-10.9032,-39.6661,1.1727,25.2815,59.2619,145.4707,116433,-0.5999,1.451,0.1272,-12.6748,106916,16.5475
12/31/2011,2.6884,9.9155,56933.9259,2.1131,48847,38209,5562,1034.6742,20.6623,17579,1153.4844,50486,300,94564,66500,10000,-4.1207,4.5795,56.5005,13.1593,13.3919,1.3995,21.5156,0.3228,-2230,4291,3354,3441.9197,1319,-87,-2315,0.5177,17.9467,1.2784,12.987,12.987,261259.8697,244996.83,15.3846,28.3757,7.0905,3066,3941,4788,23.5713,43.5273,19.4058,20.073,1.5491,258124.5188,20701,0.75,223.7781,12.4861,12.608,10.2361,15.5217,2.4128,4400,2.8936,45.0614,11118,-1.2479,240674.5188,12.4265,281.8182,8.0424,1159.1,2.8354,9,847,2.61,2.7978,2.61,2.65,2.65,3066,110,3631,1174.2,870,0.9599,-22.818,17368,45.5244,0.8483,0.6887,83.5683,-1.844,3066,12.4265,3066,56355,433362,5.3991,33.0091,14.7165,15.0441,3836,15.5474,12.4265,199.295,11.6262,12.0994,15.0947,2.3035,0.9816,74.0524,14.0679,32.2526,28.2789,20.2888,0.2682,29703,53.0395,-12.3555,-6.487,1.1779,25.751,58.8341,142.9197,115347,-0.4953,1.4508,0.1151,-8.7464,106982,49.096
3/31/2012,-0.396,5.2025,59495.2949,0.3155,47393,38903,5562,1049.7881,20.6623,16544,1142.7746,51308,250,93269,66439,10000,-7.4951,3.7028,56.7261,3.6691,3.9577,1.143,21.9827,0.2876,-1684,4436,3238,3325.9824,606,-971,-3363,0.5207,17.9835,1.2182,11.3333,11.3333,245663.1673,227244.402,13.3333,25.1997,5.9225,3881,5174,6033,23.8051,51.5641,23.3991,24.8014,1.5491,243153.8551,20471,0.85,212.775,11.6646,11.8358,9.6272,14.5921,2.2918,3621,2.8181,47.6322,12281,0.5507,223503.8551,15.0526,281.8182,7.1901,1149,3.5183,5,859,3.34,3.479,3.34,3.38,3.38,3881,117,4857,1161.9,978,-1.3758,7.3473,19558,48.7475,0.952,0.7744,95.1126,-2.6266,3881,15.0526,3881,54366,433362,1.4835,41.5128,18.838,13.7067,5161,20.0171,15.0526,186.811,10.9181,11.1418,14.0018,2.1519,0.9341,74.664,14.3208,32.4784,28.4682,12.9803,-3.3113,30745,55.8489,-13.2472,13.1256,1.2173,27.0091,59.9224,149.5161,113832,-0.0657,1.4965,0.1264,-11.4084,106099,19.6786
6/30/2012,3.4906,-0.1128,57104.6838,5.1027,48141,39499,5562,1064.8595,20.6623,16682,1129.9325,53605,0,94112,67638,10000,0.7992,4.7656,55.0217,-3.5478,-3.2403,1.1802,21.6094,0.3102,-998,4513,3566,3659.4521,341,1045,-2507,0.5385,18.6053,1.2188,4.3887,4.3887,256708.5913,238422.285,13.3333,25.3138,-0.3907,3824,4615,5481,23.48,44.2016,22.1481,24.6354,1.5491,254214.488,21541,0.85,224.982,12.2861,12.7945,10.3419,15.35,2.4283,4791,3.1358,47.4078,11732,5.8906,234404.488,15.4524,-47.8723,-2.8915,1137.2,3.7524,2,866,3.33,3.7156,3.33,3.36,3.36,3824,124,4290,1149.3,968,3.9313,7.3473,19684,47.6022,0.9907,0.8008,90.8478,1.0153,3824,15.4524,3824,54613,433362,-13.5952,34.5968,17.3354,14.0332,5074,20.5035,15.4524,198.1488,10.8818,11.7965,14.8095,2.2887,0.9355,74.1969,14.3943,31.8825,27.5099,16.0486,-5.3905,31938,55.4149,-12.2629,-5.2052,1.2993,27.5853,59.5803,147.4039,115779,-0.8236,1.6074,0.1256,-3.1772,104689,-7.5128
9/29/2012,2.2258,-6.6338,67482.4869,2.3876,49433,43625,5739,1080.1935,11.3897,20418,1117.3677,49218,1800,100229,69780,10000,-2.5062,6.346,60.0017,-10.5819,-10.5331,1.0879,19.5413,0.2551,-951,6346,5346,5426.4449,1456,1644,-3791,0.4568,15.8204,1.1331,11.039,11.039,235487.3026,217677.42,13.3333,16.4067,6.2477,5833,7998,8818,24.0367,81.6481,30.0915,25.514,0.204,233260.7783,18860,0.85,208.7592,11.7017,11.4097,9.2859,14.7149,2.232,5354,4.7533,51.7574,15167,-0.912,214031.7783,19.9051,-47.8723,-11.869,1124.7,5.2444,2,820,5.13,5.1875,5.13,5.19,5.19,5833,108,7666,1136.4,957,3.9805,165.5897,19105,50.1588,0.9345,0.7605,100.6374,0.8211,5833,19.9051,5833,56604,434246,8.1089,70.9815,26.1603,12.6186,7831,26.7233,19.9051,182.9617,11.3485,11.1537,14.0838,2.0925,0.9131,85.1531,14.0923,34.2848,28.7895,8.2907,-0.6172,30234,71.1823,-16.4472,-4.5802,1.2036,25.3613,61.4287,159.2604,119213,-5.0405,1.4789,0.1296,-6.1824,104507,-34.03
12/29/2012,4.1832,-2.8722,50124.7337,1.6567,48949,42122,5739,1092.4929,11.3897,19069,1108.7944,50843,300,98044,68309,10000,-4.0553,5.6345,58.2548,-6.2456,-6.3231,1.3268,19.7034,0.2847,-1013,4023,3309,3388.0372,58,173,-2716,0.481,16.282,1.1621,3.4483,3.4483,258452.1574,239749.2,13.3333,31.2665,-1.1089,3032,3788,4610,24.1588,49.0426,19.6941,15.9179,7.7609,256264.8447,19092,0.85,231.1203,13.037,12.6426,10.2744,16.2216,2.4822,3901,2.9712,45.6169,10678,0.7071,236505.8447,12.9528,-13.7549,-12.0915,1113.7,2.9208,15,822,2.7,2.8965,2.7,2.72,2.72,3032,94,3457,1124,948,4.549,165.5897,19637,50.5444,0.9688,0.7873,102.2015,-2.5025,3032,12.9528,3032,55922,466995,-4.7921,36.7766,14.7685,13.9607,3606,15.405,12.9528,203.7365,12.3877,12.4854,15.594,2.3369,0.9073,83.281,14.2473,33.3739,28.8818,3.5277,-5.1271,31629,57.2419,-15.9916,-23.7994,1.2681,26.9739,62.2092,164.6143,117258,-4.4728,1.5604,0.1234,-7.5494,103242,-35.8244
3/30/2013,7.0923,-8.8345,57396.0382,1.1605,47911,41037,5739,1109.5028,11.3897,17962,1095.4258,49779,0,97270,67242,10000,-9.5135,3.6907,60.7783,-28.4491,-28.1542,0.9839,18.5628,0.2524,-863,3174,2314,2390.2905,121,-1027,-3326,0.4517,15.4195,1.1675,-12.8743,-12.8743,232629.1864,212017.434,11.7647,32.4861,-16.8771,3226,4230,5040,23.3916,51.4286,20.2215,22.1525,0.204,231012.8288,17756,0.95,210.8886,12.5669,11.959,9.646,15.5442,2.2564,3345,2.1019,48.676,12132,-2.98,209346.8288,12.9433,-110.943,-13.4155,1100.9,3.6925,2,810,2.91,3.6664,2.91,2.93,2.93,3226,98,3904,1109.4,1048,10.1566,-5.7673,21539,54.637,1.115,0.8994,120.444,-3.6711,3226,12.9433,3226,56233,434246,-19.6212,39.8367,15.6636,12.3568,4144,16.6265,12.9433,182.5414,11.7902,11.8655,14.7437,2.0892,0.9088,83.2658,13.9005,32.1341,28.1725,5.3854,-3.3317,31896,56.216,-17.5029,-28.2137,1.3318,27.6988,64.0752,178.3593,115153,-4.4485,1.6512,0.1381,-13.0331,102383,-19.0342
6/29/2013,7.9119,-11.602,53743.7305,1.7844,47533,39222,5739,1119.9648,11.3897,17994,1085.8544,53891,0,97837,70312,10000,-3.9791,3.8183,63.4522,-16.663,-16.6007,0.9307,17.6866,0.2609,-2547,3761,2776,2856.7488,2383,516,-827,0.4396,16.8671,1.2119,10.5105,13.2132,226316.6704,203475.784,11.7647,25.0544,5.6747,4041,5163,5988,24.2201,61.732,25.6577,16.7538,0.204,224860.5146,19877,0.95,207.0816,12.7635,11.3337,9.1945,15.9946,2.2269,4809,2.5447,48.9716,11429,0.5335,201078.5146,17.735,-110.943,-3.635,1090.9,3.9749,2,825,3.77,3.9495,3.68,3.79,3.7,4139,97,4813,1098.8,1037,13.2785,-50.622,23651,54.1721,1.1921,0.9671,118.2077,-1.0764,4041,17.3151,4041,58615,434246,12.1911,49.6186,20.623,11.795,4972,21.3043,17.3151,176.8773,10.1161,11.8816,14.9688,2.0326,0.9404,77.8985,13.8102,30.5974,27.9811,6.2947,-5.6936,33883,58.3815,-18.0906,4.0127,1.3855,28.7522,62.8732,169.3473,117845,-2.7428,1.7078,0.1507,-7.6568,100974,-3.8301
9/28/2013,5.3893,-6.1745,63507.0453,5.8802,51351,40154,5919,1153.1316,5.623,16242,1054.3909,56536,2458,103294,74872,10000,28.0664,6.1325,69.5446,2.8207,3.0728,1.055,16.9255,0.2756,-2902,6525,5461,5559.9188,494,642,-3013,0.4174,18.0569,1.2789,11.6959,12.2807,221833.1298,202575.6,11.7647,16.4871,6.0346,6185,7242,8112,23.9766,71.7876,29.6221,12.4613,-0.6987,220450.1081,22792,0.95,209.0782,12.371,11.5588,9.2821,15.528,2.2255,9138,5.0918,52.3535,14337,14.8685,197772.1081,22.7022,-40.0208,1.0057,1072.5,5.9393,1452,870,5.76,5.9016,5.73,5.8,5.77,6217,113,6898,1080,1025,8.9453,-60.9489,22541,49.5733,1.1819,0.9491,98.3078,-1.2574,6185,22.5854,6185,63140,431212,-10.0183,61.0442,25.189,11.4274,7102,25.9339,22.5854,179.1601,8.6773,11.7034,14.7581,2.0707,1.029,79.1511,13.4324,31.8114,28.6191,13.766,-6.5486,33607,66.1014,-13.451,6.4,1.415,26.6251,59.4435,146.5698,126223,3.5919,1.7621,0.1524,20.7807,99055,92.7858
12/28/2013,6.8103,-4.6925,51566.2829,4.595,47959,41059,5919,1198.4443,5.623,16031,1012.1834,54604,0,105906,74687,10000,-4.7135,3.9176,67.1741,-17.3254,-16.8838,1.3951,15.8499,0.2363,35,3326,2477,2560.459,264,-1307,-4673,0.4036,13.5406,1.1681,-15.1852,-10,224370.3761,200536.082,11.7647,39.1304,-21.372,2384,3293,4095,23.7375,39,18.4161,20.5152,-7.6624,223128.1888,16607,0.95,220.4424,13.0264,12.0162,9.6031,16.6875,2.2795,6764,2.3928,47.7964,10628,7.3973,194835.1888,11.3779,-42.9181,1.4457,1035.2,2.992,21,802,2.43,2.9745,2.29,2.44,2.3,2530,105,2954,1041.8,990,10.0686,-60.9489,28160,62.7171,1.5165,1.212,168.2198,0.6325,2384,10.7214,2384,64847,431212,-14.5502,28.1333,13.2848,11.6717,3183,14.3146,10.7214,183.8595,11.7321,12.3174,15.8673,2.1142,0.9186,88.7196,13.2019,30.6865,28.11,2.6932,-5.0068,37864,54.0032,-20.8642,18.9076,1.6296,30.8726,69.3429,226.1888,122646,5.1462,2.0391,0.1697,-12.876,97883,1.0693
3/29/2014,5.8802,-8.0633,55766.0733,7.9555,48182,42433,5919,1215.3035,5.623,15984,997.5922,57869,6549,106801,76132,10000,7.4632,3.9438,72.8515,12.8229,13.5015,0.8656,16.0982,0.2291,-1001,3581,2673,2781.1286,339,307,-2260,0.412,13.9783,1.1355,41.5808,45.3608,212600.5134,182194.477,15.7895,25.7761,28.2393,4137,5430,6256,25.2057,46,26.0157,20.4936,-0.6987,211605.531,17377,1.1,212.1163,12.0449,10.7115,8.6543,15.3759,2.1814,5149,2.6741,50.0852,12044,16.2518,180833.531,17.682,-42.9181,-2.0938,999.6,4.1332,21,826,4.23,4.1101,4.12,4.25,4.14,4252,136,5090,1005.1,1096,9.2602,-60.9489,30636,63.6275,1.5508,1.253,174.9329,2.935,4137,17.2038,4137,64368,431212,30.3791,37.4265,21.1669,10.7034,5348,22.2398,17.2038,173.1426,10.4065,11.1026,14.2694,1.9604,0.9012,95.3349,13.9869,31.8113,28.8957,12.1035,-3.5187,40356,70.7613,-19.937,5.5814,1.6505,32.463,69.7368,230.4345,124314,6.4745,2.0428,0.1907,-2.069,97006,-16.366
6/28/2014,-0.4428,-6.5144,51939.6492,0.9046,47163,42306,5919,1224.2162,5.623,15093,989.6605,53223,6474,104515,71748,10000,-21.3077,3.7674,73.3699,3.7756,4.1927,216.8333,16.5861,0.2261,-800,3903,2867,2966.8234,47,-155,-2820,0.4253,11.9888,1.1148,-99.4565,-8.2228,218386.8281,189393.391,15.7895,31.5485,-99.5546,18,4578,5378,24.8176,42.6825,24.0121,20.7751,-0.6987,217269.2472,14256,1.1,219.5392,12.2543,11.3273,9.1133,15.6613,2.2617,2851,2.8907,48.5511,10874,-1.2395,187867.2472,15.4262,-60.9989,-5.4575,991.8,5.8407,3,800,3.46,5.8032,0.02,3.48,0.02,3455,126,4239,997.7,1090,0.6731,-60.9489,29262,67.0255,1.5256,1.2274,203.2648,-20.2421,18,0.0804,18,62209,431212,-11.926,33.6429,18.9266,10.103,4361,19.4714,0.0804,181.3188,13.1781,11.2896,14.547,2.027,0.8533,74.5554,10.7486,24.4954,27.5265,46.9355,-4.0321,38827,51.0343,-23.8623,5.1777,1.6286,32.6522,72.9515,269.7069,118911,5.2167,2.0242,0.1787,-28.0488,96065,-41.5594
9/27/2014,-4.3865,-8.0016,63523.4673,-7.0922,47377,39581,6105,1224.6858,1.7509,18261,990.5238,44989,650,105257,69894,10000,-44.5717,6.3981,77.1349,-7.1418,-7.1553,1.1049,16.0265,0.2141,-1236,6059,5112,5202.9579,6,-1085,-5699,0.4231,10.1201,1.197,-3.8394,-3.8194,184366.9321,159701.976,15.7895,19.7461,-11.3339,5484,5837,6554,24.0137,56.0171,27.1804,22.2582,-11.9709,183564.6319,11868,1.1,185.3208,10.6411,10.3178,8.2379,13.5868,1.9782,552,5.1616,53.3405,12862,-20.4242,158919.6319,22.8715,-42.4817,-8.961,990.4,5.2122,1,717,5.54,5.1856,5.51,5.57,5.54,5515,117,5508,995.4,1089,-3.7329,-60.9489,24499,67.0967,1.377,1.0994,203.9204,-22.0679,5484,22.7429,5484,65676,379592,-20.1508,47.0769,22.8425,8.8771,7094,29.4198,22.7429,153.2465,13.3906,9.5226,12.2295,1.7351,0.9449,69.3768,9.8754,24.4363,24.9043,-12.1331,-11.9481,32975,55.6776,-26.0636,-10.9962,1.4798,28.1186,73.2957,274.4714,117271,-0.5458,1.8535,0.1796,-47.6035,92793,-30.3742
12/27/2014,-10.3602,-8.0262,51608.0423,-8.6501,46316,35640,6105,1232.6011,1.7509,17211,984.7341,44701,0,99747,65721,10000,-24.8482,4.2124,71.3887,8.5388,8.4321,1.5507,17.1965,0.247,560,3610,2753,2839.947,148,319,-3402,0.4473,10.8375,1.2996,2.6201,0.4115,182476.6215,159264.15,15.7895,45.0331,-2.349,2328,3090,3760,24.3469,34.8148,19.1935,19.4935,-11.9709,181804.8178,12142,1.1,184.6233,10.3666,10.3128,8.2834,13.1842,2.0168,1490,2.7862,48.2491,9452,-18.136,158049.8178,12.3328,-6.1224,-19.7883,988.1,3.2005,2,670,2.44,3.1922,2.35,2.45,2.36,2416,108,2792,992.3,1088,-12.0202,-60.9489,23607,65.7632,1.3391,1.0756,192.083,-23.1894,2328,11.8836,2328,64107,379592,-5.4841,25.8519,14.2522,8.7748,3001,15.319,11.8836,153.3038,13.0168,9.2834,11.8779,1.7674,0.9515,83.2516,10.1984,24.876,26.7326,7.3172,-11.8996,32411,45.7608,-26.1699,0.9423,1.4767,28.9288,72.5062,263.7185,112037,-0.5553,1.8385,0.1783,-26.583,90147,54.7246
3/28/2015,-10.5252,-5.2304,54829.9227,-9.3191,45186,35535,6105,1239.6094,1.7509,17298,979.5298,45877,700,98892,67543,10000,-19.8001,4.489,79.4274,8.4334,7.8574,1.1258,17.6506,0.2465,-1931,3883,3018,3113.9967,560,-402,-2567,0.4477,12.1388,1.2716,-15.0485,-15.3664,183477.0075,160496.622,18.1818,36.245,-16.6304,3449,4207,4872,23.6604,42.3652,23.4084,16.5246,-11.9709,182763.3218,13684,1.3,186.5827,10.2521,11.1102,8.8875,12.9417,2.1028,2942,3.0724,49.9207,10390,-20.7227,159330.3218,16.9413,-36.4564,-18.2207,982.3,3.7191,1,665,3.58,3.709,3.5,3.59,3.51,3526,115,3911,986.7,1278,-12.6073,-60.9489,23280,62.7206,1.4152,1.1321,168.2446,-22.1487,3449,16.5714,3449,63357,379592,-23.1631,34.0087,18.7911,9.0922,4224,20.295,16.5714,155.367,11.6435,9.2109,11.6931,1.8496,0.9647,72.6248,9.5164,22.4606,24.4308,-9.76,-13.4487,32040,46.3019,-24.9685,-4.7357,1.5581,28.4221,69.8389,231.5531,112729,0.181,1.9477,0.1753,-20.9901,86913,67.8727
6/27/2015,-8.8607,-11.7677,50791.376,-8.63,42112,33732,6105,1249.449,1.7509,17012,970.1101,45402,1600,95198,66537,10000,-4.8688,4.4684,78.6801,8.5319,8.2163,1.4359,18.6853,0.2836,-1343,4236,3288,3383.7067,113,1086,-1849,0.4679,12.2357,1.2484,14950,-12.7168,163739.3547,141925.63,18.1818,42.9102,16288.8889,2950,3708,4354,23.3185,37.2137,22.583,18.1994,-11.9709,163176.865,13294,1.3,168.2045,8.9878,10.4406,8.3509,11.2239,1.9473,4333,3.372,48.9419,9436,-14.6948,140636.865,15.3631,-26.3394,-31.5365,975.1,3.5485,2,646,3.02,3.5288,3.01,3.04,3.03,2962,117,3418,979,1271,-10.4411,-60.9489,22383,62.463,1.4321,1.1455,166.404,-3.6773,2950,15.3008,2950,61466,379592,-19.3678,29.2137,17.7282,9.2837,3621,18.7811,15.3008,138.4701,10.579,8.0234,10.0729,1.7029,1.0005,103.1652,12.4899,29.5631,24.9497,-39.192,-13.917,31951,58.8968,-26.1326,-8.4942,1.6352,29.4075,70.3736,237.5362,108649,-0.7868,2.0443,0.1958,-6.5643,83796,72.5345
9/26/2015,-5.4347,-12.1795,58394.6823,-5.7781,42504,34269,6405,1255.4947,0.4798,16504,965.7287,46368,600,96071,67991,10000,23.2573,5.8075,83.804,-12.8734,-12.3412,1.1828,17.7036,0.2391,-5445,5279,4370,4481.9812,2528,-1794,-1348,0.4606,12.9074,1.2403,-16.6969,-17.148,157281.7231,133876.736,18.1818,28.2735,-18.6178,4463,5197,5878,23.0775,45.9219,26.6467,12.5147,-0.4834,156815.5871,14262,1.3,162.3806,9.0123,10.4481,8.313,11.346,1.9184,5053,4.5079,51.7113,11407,3.0652,132903.5871,20.2185,-30.185,-26.2482,969.4,4.7589,1,681,4.59,4.7475,4.59,4.6,4.6,4460,128,4888,972.8,1261,-5.3302,-65.3456,23750,62.2151,1.5824,1.259,164.6561,-0.4178,4463,20.2321,4463,61802,377757,-11.2564,38.1875,22.1588,9.0674,5098,23.1107,20.2321,131.4497,9.3187,7.9109,10.0171,1.6473,1.0373,100.9568,11.5821,29.7345,26.3119,-8.4472,-8.5182,31944,72.4127,-28.3329,-4.0127,1.6934,28.9099,68.8923,221.4642,110495,-1.5166,2.1283,0.2037,20.0599,81742,5.6311
12/26/2015,0.2549,-16.0279,49460.3674,6.0864,47623,34664,6405,1262.3107,0.4798,16939,959.9619,51682,0,103784,71233,10000,26.0925,5.7845,77.8839,53.1856,53.2712,2.7458,18.2379,0.4289,-1886,5530,4574,4710.3565,2590,6668,2807,0.5385,12.5572,1.3738,-11.0638,-14.3443,167682.3984,146058.38,18.1818,61.9732,-13.488,2014,1563,2240,21.4558,15.2381,11.9889,12.5147,-0.4834,167274.2225,14925,1.3,174.2509,8.6231,12.4525,9.6445,10.6407,2.0693,9667,4.7562,46.489,8686,15.6171,145386.2225,10.7953,-173.9514,-14.264,961.7,3.0205,1,677,2.09,3.0106,2.09,2.09,2.09,2017,147,1216,964.4,1250,3.8286,1990.2821,21741,59.0579,1.6185,1.2535,144.2476,3.8059,2014,10.7793,2014,69120,377757,-56.447,8.2721,6.5082,10.0994,1034,5.5341,10.7793,144.6596,9.7411,7.7695,9.6413,1.8215,1.1551,95.1417,11.1532,27.6943,24.9024,-5.6879,-4.6248,36610,36.1793,-29.6528,11.5519,2.1108,30.802,70.837,242.9007,118856,0.2173,2.7254,0.2189,22.6363,80836,21.3844
3/26/2016,-0.4036,-7.7234,53574.123,4.7264,43525,33584,6405,1268.2464,0.4798,16723,955.8442,52056,0,102167,74532,10000,17.8302,3.9747,80.933,-10.9451,-9.6468,1.381,18.1105,0.3161,-4452,3458,2588,2725.1492,2815,-4338,-3241,0.5354,13.3275,1.296,-25.4286,-27.095,171252.7887,145784.69,7.6923,53.5144,-27.3992,2504,3286,3991,20.5118,23.8982,19.7203,17.8747,-0.4834,170783.0353,15734,1.4,178.6725,8.977,13.7617,10.3737,11.1321,2.1278,1596,2.7032,47.9395,9702,13.4686,145078.0353,12.3728,-177.913,-11.8724,957.4,2.7639,0,705,2.61,2.758,2.61,2.62,2.62,2504,167,2888,960.5,1340,0.6003,-979.1045,25549,61.6545,2.0587,1.5519,160.7867,3.6345,2504,12.3728,2504,68583,377757,-26.157,17.2934,14.2702,10.8067,3049,15.0657,12.3728,144.9748,9.2207,7.9251,9.8949,1.8266,1.073,81.1136,10.3394,25.4306,22.7507,-25.6383,-2.7627,36166,37.7062,-33.7783,0.578,2.1968,30.6344,69.4752,227.6023,118057,0.4001,2.9143,0.2118,14.837,80261,3.0049
6/25/2016,0.5831,2.0325,50895.1522,6.4032,41433,34447,6405,1273.7399,0.4798,16688,950.8546,51230,0,98447,74173,10000,30.5436,5.3607,79.4406,-2.8093,-1.7663,1.443,18.674,0.2894,-951,4117,3349,3487.1955,40,-978,-4185,0.5393,14.7138,1.2028,-0.9967,-1.3245,175817.7221,152067.105,7.6923,46.8465,-3.2881,2853,3287,4011,20.098,25.3861,20.8624,12.5345,-0.4834,175295.2454,17010,1.4,184.3555,9.2481,14.7605,10.8744,11.3448,2.1855,1370,3.5105,46.8792,9013,12.8364,151043.2454,14.8445,-988.8889,7.2536,954,3.0681,1,724,2.98,3.0563,2.98,2.99,2.99,2854,158,2884,957.3,1337,0.7417,-979.1045,24103,58.4145,2.0296,1.4952,140.4686,4.1553,2853,14.8393,2853,64000,377757,-15.6232,18.2532,15.0005,11.7038,3263,16.9718,14.8393,151.7278,8.8797,8.3066,10.2631,1.903,0.9955,78.1019,10.5541,25.674,22.5911,-13.392,-0.2801,34071,41.5139,-32.657,-18.9873,2.1136,29.4717,66.506,198.5605,115606,0.2387,2.8689,0.1944,27.5667,80207,-16.6348
9/24/2016,3.0527,3.0027,57244.2808,6.3125,43888,36275,6854,1279.2494,1.6139,17070,945.8674,52716,899,99078,73582,10250,30.6207,4.0894,87.0297,-24.6259,-23.5602,0.884,17.243,0.2351,-3687,3979,3006,3147.8542,234,-1212,-1298,0.4844,15.5325,1.2099,2.8322,3.0501,183626.1288,158138.673,7.6923,29.5006,0.8514,4501,4882,5613,19.8391,35.7516,25.7832,9.647,0.6732,182947.5302,18246,1.4,193.4177,10.3419,15.9445,11.5388,12.9539,2.2892,10466,3.1689,50.0367,10893,13.6905,157004.5302,20.6936,-139.1003,0.1289,948.6,4.9488,0,731,4.73,4.9289,4.72,4.75,4.74,4505,157,4486,952.7,1329,2.8676,32.4415,25797,58.3788,2.2483,1.6271,140.2621,0.9789,4501,20.6752,4501,62803,380300,-8.2242,28.5732,20.6063,12.0687,4986,22.9031,20.6752,158.5477,8.6049,9.2876,11.7401,1.9839,1.0121,73.0405,10.4156,25.1866,21.4247,3.8193,-1.3101,34324,51.4931,-29.564,7.0407,2.1649,29.2194,65.1112,186.6246,117470,1.1971,2.9915,0.1876,27.5097,79918,-7.5531
12/31/2016,-1.7241,0.4149,47738.6274,-1.1451,42889,36481,6854,1286.6791,1.6139,16967,939.4969,53252,0,99047,74606,10250,25.4688,5.3446,82.6833,-28.481,-28.0267,2.26,15.6582,0.2932,303,3955,3215,3338.2636,109,2224,-2134,0.436,15.5981,1.1757,-11.4833,-11.4833,188771.4466,165049.892,7.6923,75.3565,-13.1082,1750,1823,2532,20.3391,18.7556,13.9466,9.647,0.6732,187833.9874,18327,1.4,199.9304,11.6868,16.0665,11.6327,14.7652,2.366,3749,3.4115,43.7565,7944,3.0378,163603.9874,9.6557,-139.1003,-4.7365,942.4,2.486,0,709,1.85,2.4723,1.85,1.86,1.86,1753,135,1433,947.8,1321,-2.4861,-66.6467,24109,56.6511,2.0622,1.4931,130.6863,-0.4125,1750,9.6392,1750,62566,380300,17.8454,10.6148,7.8931,13.177,1424,7.8436,9.6392,166.3323,8.9269,10.6712,13.611,2.0854,0.9713,69.8184,9.8227,23.1981,18.7358,-17.8818,-2.8313,34804,17.2057,-29.2058,-22.5941,2.1554,29.6217,65.3572,188.66,117495,1.0725,2.977,0.1853,22.3992,79389,-50.5517
4/1/2017,2.1521,-6.5281,50720.4838,2.0651,45013,35966,6854,1296.1216,1.6139,17320,931.9403,53534,0,101951,75482,10250,20.0676,5.0599,87.3529,0.2313,0.3107,1.4869,15.2201,0.3419,-1668,3466,2781,2921.3209,60,1636,-609,0.4462,15.2861,1.2515,-4.9808,-4.9808,166901.0879,144538.668,7.1429,60.163,-6.9089,2331,2886,3616,20.1071,24.5986,18.7464,4.5436,0.6732,166180.3757,18419,1.5,178.3165,10.334,14.7036,10.5364,12.8673,2.1186,5139,2.9746,46.4928,8968,2.8393,143360.3757,12.0898,-40.9905,-4.8071,934.9,2.7589,1,730,2.48,2.7431,2.48,2.49,2.49,2332,147,2499,939.6,1403,3.8116,-66.6467,22695,55.0329,2.0081,1.4389,122.3846,-1.7039,2331,12.0846,2331,65985,380300,-13.4695,17,12.9556,11.6533,2443,12.6652,12.0846,146.9329,7.7833,9.3718,11.7737,1.8534,1.0638,66.9634,9.587,22.7273,19.041,-0.5404,-4.6892,34990,26.6762,-27.918,-21.2644,2.2185,29.0385,65.3603,188.6864,120495,0.853,3.0959,0.2106,16.7023,78440,-8.9931
7/1/2017,7.717,3.2442,50362.8714,5.216,44742,31697,6854,1302.698,1.6139,17554,925.7914,53914,0,101879,76894,10250,18.5088,4.2111,85.8573,-13.2621,-12.5676,1.31,14.6949,0.3633,-1906,3571,2723,2872.4186,273,-763,-2756,0.4527,16.1358,1.4116,-2.0134,-2.0134,157634.9765,135388.656,7.1429,51.1739,-4.4515,2726,3194,3986,20.0939,23.7262,20.8114,11.0604,0.6732,157085.8131,19627,1.5,169.6773,10.1037,13.9905,9.9756,12.7698,2.0045,2477,2.9298,45.9458,8800,5.2391,134313.8131,14.2328,-101.3699,-1.0983,929.4,3.1129,0,792,2.92,3.0991,2.92,2.93,2.93,2726,168,2810,933.2,1395,8.1176,21.9836,22642,53.4022,2.0166,1.4379,114.6024,-0.4233,2726,14.2328,2726,70182,380300,-2.5659,16.7262,14.6713,10.9549,3065,16.0027,14.2328,138.5752,6.8433,9.1011,11.6205,1.7384,1.1899,61.7299,9.5329,22.6058,19.3762,1.4023,-0.3797,34157,30.1403,-26.1332,10.4167,2.1691,28.0813,63.3546,172.8856,121636,0.115,3.0421,0.2174,15.1407,78367,86.7306
9/30/2017,8.7307,3.8976,61492.0895,6.7132,49735,37363,6540,1307.2496,1.5,16720,922.1792,58078,1496,107631,75621,10250,-1.1049,5.9969,94.7051,44.0814,38.1839,1.31,15.5392,0.3367,-3810,5733,4777,4738.3578,54,1066,-919,0.4542,14.034,1.3311,-2.0134,-2.0134,170059.5901,142511.838,7.1429,51.1739,-4.4515,-1054,5017,5807,20.1428,35.4085,25.7597,123.5623,-3.6024,169386.2367,17594,1.5,183.6804,9.9434,14.8584,10.6258,12.2689,2.1403,6039.5,5.1671,49.013,11049,10.1715,141480.7367,-4.6711,22.251,1.9317,924.5,4.9889,4,790,-1.14,4.9589,-1.14,-1.14,-1.14,-1053,164,4658,928.9,1387,9.5572,21.9836,27773,61.0422,2.4362,1.7422,156.6883,2.6313,-1054,-4.6755,-1054,70268,366600,3.8342,28.4024,20.6627,11.5584,4469,19.8243,-4.6755,146.5413,8.0421,8.5482,10.593,1.8073,1.157,32.1051,4.7384,10.9448,9.877,0.6091,3.5508,40353,30.1403,-27.0406,-1.7472,2.5314,32.1907,69.4807,227.6615,125356,3.366,3.5397,0.2382,-3.6266,79140,62.5115
12/30/2017,13.2746,7.7385,52024.0044,6.6301,49122,35733,6540,1312.4978,1.5,16750,917.9683,57985,1997,106995,76163,15300,1.4462,5.2897,87.7573,16.359,14.9102,2.7409,16.2363,0.3594,-1764,4602,3732,3816.3413,71,29,-2909,0.4811,14.4997,1.3747,-2.1622,-2.1622,168539.8586,141984.122,7.1429,82.5075,-4.0571,1679,1737,2511,19.8858,15.2182,13.1659,123.5623,-3.6024,167820.8772,18166,1.5,182.8177,9.4808,14.7678,10.5415,11.7012,2.0963,3120.5,4.0534,43.2414,8247,8.8879,140843.8772,8.7825,22.251,8.9497,920.7,2.9038,3,774,1.81,2.889,1.81,1.82,1.82,1675,165,1397,925.4,1382,14.3455,-98.696,26853,59.4843,2.363,1.6867,146.8179,3.8012,1679,8.8035,1679,71262,366600,-2.5122,8.4667,7.3249,11.2073,1135,5.9511,8.8035,146.5508,7.7532,8.1833,10.1441,1.7771,1.1436,31.1402,4.6808,10.8079,9.9456,16.8575,5.051,39695,5.4472,-25.9764,17.5676,2.4934,31.6838,68.4574,217.0312,125285,2.6637,3.493,0.2365,-0.8565,80057,108.9419
3/31/2018,4.9569,7.6473,54563.557,0.9353,46795,35442,6540,1319.5384,1.5,15963,912.7682,57792,1996,102974,74827,15300,2.6603,2.464,89.7444,-33.8142,-32.2369,0.9542,15.7321,0.3303,-635,2294,1363,1512.7547,51,-1304,-2519,0.4537,15.2275,1.3203,5.2419,5.2419,155677.8953,128440.18,4.6667,59.8002,3.1317,2404,3321,4094,20.3018,23.6647,20.4669,13.4366,-3.6024,155078.716,18520,1.57,169.8993,9.3779,13.0945,9.4572,11.9922,1.92,1402,1.4895,45.9881,9199,7.9538,127513.716,12.0132,67.0868,8.6035,915.1,3.0646,0,773,2.61,3.0466,2.61,2.63,2.63,2403,173,2978,919.4,1437,4.603,-98.696,27437,59.5356,2.3167,1.6732,147.1311,1.1098,2404,12.0182,2404,67532,366600,19.1677,17.2139,14.8878,9.9831,2776,13.8779,12.0182,133.4364,6.8852,7.9607,10.242,1.5954,1.0992,31.1595,4.7539,10.9438,10.376,11.0634,3.7016,39144,12.526,-26.0493,35.9124,2.3871,32.185,67.7326,209.9099,121622,3.0301,3.3052,0.2524,0.5608,80771,25.4891
6/30/2018,0.458,-1.0658,51162.0295,0.291,48257,36822,6540,1323.844,1.5,15774,908.7938,60546,3986,102071,73733,20000,2.6904,5.2118,88.8493,18.5102,18.3635,1.5709,16.5189,0.3937,-2969,4232,3420,3591.6195,1,772,-436,0.4922,16.2185,1.3105,0.6849,0.6849,164287.9498,138387.392,4.6667,53.1575,-1.1739,2694,3536,4326,20.8251,22.6492,23.0646,10.1469,-3.6024,163684.707,19785,1.57,180.112,9.5114,13.3937,9.7792,12.0001,2.0365,5027,3.7533,46.9343,8803,12.3011,137418.707,14.3527,67.0868,10.6371,911.2,3.2906,0,790,2.94,3.2748,2.94,2.95,2.95,2692,191,3188,915.2,1431,1.6022,-98.696,26132,56.7458,2.1383,1.5612,131.1913,-0.9768,2694,14.3634,2694,65249,366600,13.452,16.6911,16.9972,10.6717,2996,15.9736,14.3634,144.4303,6.9456,8.24,10.4547,1.7273,1.1084,29.0419,4.6982,10.6085,10.9214,5.6678,-2.0728,40627,13.604,-24.1407,-4.2453,2.4272,33.3035,67.101,203.961,121990,2.3561,3.3244,0.2482,0.82,80374,-12.3419
9/29/2018,-2.7048,1.6587,62065.0314,-1.5747,49146,38227,5595,1340.9476,1.5,17002,892.4794,56481,2995,106452,74236,10250,-1.3592,5.2673,97.0928,-28.1528,-26.1724,2.1112,14.3229,0.3138,455,4119,3337,3422.0088,16,-127,-4605,0.4034,13.6118,1.2856,0.6849,0.6849,129576.609,102894.084,4.6667,72.5038,-1.1739,1951,4950,5740,20.9458,29.7409,26.3787,55.954,-4.3644,129137.6345,16796,1.57,144.6954,8.1721,10.5929,7.7462,10.4082,1.6225,2249.5,3.7024,49.1131,10687,-2.7498,101448.1345,8.9752,-3.8314,6.2539,901.3,5.2454,0,790,2.15,5.2153,2.15,2.17,2.17,1953,193,4628,905.2,1416,-3.2466,-98.696,27554,61.9414,2.2602,1.6528,162.7525,-2.9147,1951,8.966,1951,68225,350600,-0.6441,23.9793,21.2684,7.8797,4434,20.3768,8.966,108.5735,6.0406,6.7986,8.7448,1.3021,1.0939,50.7634,7.0178,16.2071,15.9025,5.1705,-3.4734,39551,13.958,-26.8446,-18.2008,2.3724,32.0557,70.0253,233.6149,123382,-0.0195,3.2443,0.3063,-4.4852,79591,-11.7443
12/29/2018,-2.6728,-0.4358,51859.6691,4.5025,52705,38871,5306,1348.1762,1.5,16467,886.6429,65311,2993,114320,78222,15300,-6.0759,8.8293,93.797,3.4116,5.3434,2.9912,13.4745,0.4632,-853,4759,4220,4397.7524,1,5667,1863,0.413,12.5873,1.3559,-1.6575,-1.6575,156535.0225,126129.29,4.6667,87.6962,-5.2412,1591,2606,3749,22.7557,17.8524,20.6193,15.356,-4.3644,155930.3094,16480,1.57,175.866,8.865,12.1094,8.1806,10.735,1.9813,8531.5,4.7437,44.2361,8043,12.6343,125105.3094,8.7614,-3.8314,1.0268,889.6,2.1566,2,1143,1.78,2.1441,1.78,1.79,1.79,1593,210,1919,893.9,1397,-2.9368,19441.3793,30699,64.8959,2.3841,1.6106,184.8669,35.7422,1591,8.7504,1591,75449,350600,37.3658,9.1381,10.5544,10.3137,1882,10.3509,8.7504,134.7736,7.5913,8.2655,10.3076,1.6214,1.1649,49.8759,6.7444,14.9044,15.9077,-25.7848,-4.6665,48705,6.1366,-24.8184,-38.046,2.5552,37.2004,74.574,293.2976,130926,3.646,3.7824,0.3124,-9.2072,78701,3.3236
3/30/2019,-15.7572,-14.3893,54652.0251,27.1579,77517,42351,5637,1350.8271,1.5,16471,885.8752,89815,7871,136876,77135,15300,-1.8323,5.0446,87.8519,28.204,33.2041,1.1773,11.7267,1.0926,4162,2941,2358,2672.1806,42,28263,21031,0.4127,11.4095,1.8303,7.6628,7.6628,148679.4371,122841.32,3.1847,57.423,3.9101,2498,2882,3869,22.7129,11.1178,20.1921,9.7182,-4.3644,148059.1846,17645,1.62,167.1332,8.0585,12.2938,8.0049,9.4564,1.9016,25501,2.6605,47.0226,9010,55.4108,122162.1846,13.0421,-98.6936,0.1722,886.3,3.7922,1,987,2.81,3.7777,2.81,2.82,2.82,2499,348,2147,890.8,1435,-14.8967,19441.3793,25766,59.175,2.1394,1.3931,144.9482,37.881,2498,13.0369,2498,94525,350600,-27.9046,6.1695,11.2051,9.5685,2768,14.446,13.0369,131.7171,6.9233,7.7115,9.28,1.589,1.6347,48.3008,6.3227,12.7573,12.2449,23.9947,-4.2094,72039,20.5651,-17.4604,-37.3792,3.8948,46.5814,80.2082,405.2599,154652,9.1894,5.9816,0.4866,-4.6761,77859,209.7507
6/29/2019,-27.4962,-24.9257,51420.4221,22.6494,38121,35066,5555,1351.4179,1.5,15925,885.6375,83529,2988,131524,111499,15300,-6.8662,6.1548,81.3669,-14.4849,-10.6788,2.1645,11.7378,0.3086,-30373,3619,3031,3345.367,32587,-35310,-8177,0.4295,12.0017,1.0871,-36.3946,-36.3946,184529.8499,129830.976,3.1847,85.8338,-37.9362,1672,2786,3844,22.3023,8.8981,21.3224,9.7182,-4.3644,183541.3986,17957,1.62,207.2421,10.2223,17.2915,10.4218,11.8697,2.3796,-3508,3.421,46.2392,8336,37.9596,128789.3986,9.28,-196.2912,-9.5615,886,2.6122,2,1058,1.87,2.5884,1.87,1.89,1.89,1673,432,1759,892.8,1436,-26.6153,19441.3793,54613,75.1117,5.1451,3.101,301.796,36.67,1672,9.2745,1672,96458,350600,-44.8243,4.0718,9.757,10.5949,1522,8.4424,9.2745,138.8999,7.1721,8.3948,10.0099,1.6802,0.8528,40.8669,5.6787,11.9006,10.8908,-20.9592,-3.8814,65433,5.7893,-73.1132,-27.5862,3.7154,43.7328,78.3357,361.5882,149620,9.4328,6.1645,0.3565,-9.1521,77131,-73.2838
9/28/2019,-26.0161,-25.3431,62113.5197,23.3454,38420,37701,5605,1350.8865,1.5,17142,887.1105,89142,304,131202,113766,10250,24.8303,5.9913,86.0562,-16.2175,-10.1742,0.9403,11.2575,0.2352,128,3451,2875,3200.2829,0,-1911,-5675,0.3891,13.6928,1.0191,91.1628,91.1628,179228.4597,119791.548,3.1847,41.6349,88.1087,3670,5096,6117,22.7861,17.2797,28.0893,8.1122,0,178343.7853,20840,1.62,201.039,10.0717,17.7339,10.1453,11.5647,2.3117,-1219.5,3.2409,50.9712,11100,57.8265,118908.2853,16.8526,-196.2912,-3.7455,887.1,4.567,1,1021,4.11,4.5368,4.11,4.14,4.14,3670,354,4071,893.7,1528,-24.6913,-1404.7244,59290,73.8595,5.8956,3.3728,282.5486,39.0382,3670,16.8526,3670,93501,350600,-12.0354,11.5,18.694,10.2737,3994,18.3405,16.8526,128.0302,5.7062,8.054,9.5293,1.5415,0.8204,50.1209,6.8448,14.6658,13.0351,-13.0099,0.0781,68158,29.2531,-66.8371,-26.3427,3.8772,44.786,76.46,324.8094,152186,14.6556,6.7774,0.3822,23.9457,77148,-93.4151
12/28/2019,-30.1423,-26.948,49832.6716,17.1677,38931,40673,5605,1351.0405,1.5,16474,887.892,89581,2519,133275,114472,15300,21.1824,7.1048,81.965,-5.9466,-10.1742,3.8094,10.87,0.2917,-902,4476,3846,3200.2829,13,3057,-115,0.3643,13.0369,0.9572,-26.4045,-26.4045,156987.2703,99282.35,3.1847,122.449,-26.1471,1175,965,1977,20.6528,6.0644,11.2515,8.1122,0.5705,156210.8548,19999,1.62,175.9345,10.0717,18.7753,9.8824,11.5647,2.041,5246.5,4.3311,45.0857,7922,37.1607,98493.8548,6.6928,-257.9378,0.847,888,2.0822,5,1012,1.31,2.0619,1.31,1.32,1.32,1176,326,343,895,1440,-28.572,-46.0561,57588,74.1006,6.9216,3.6432,286.1089,-5.3106,1175,6.6872,1175,92602,352600,-82.1261,1.0521,1.9521,8.5563,-50,-0.2846,6.6872,105.9563,4.9249,6.7915,8.1247,1.2854,0.7602,49.4257,6.3412,13.1297,12.1551,-3.8333,-3.3605,69453,-11.0956,-64.2522,16.8831,4.3938,45.2749,77.5309,345.0566,153403,14.9158,8.3477,0.4446,21.2092,76537,-93.4151
3/28/2020,-19.371,-0.1058,51398.1849,-0.2923,39953,38442,5605,1350.65,1.5,16483,890.5787,90453,115,133512,114247,15300,15.8541,6.1128,73.6024,21.5913,18.4582,2.6275,11.3263,0.3669,-1236,3576,2991,3271.0293,6,817,-1624,0.3743,13.3275,1.0393,-45.9075,-45.9075,163353.1954,107412.838,0.6173,106.4611,-45.5164,1361,2493,3549,20.5129,10.9876,19.5829,13.3036,0.5705,163353.1954,20551,1.63,183.4236,10.0717,20.31,10.5478,11.5647,2.1636,2989,3.3629,48.0053,8700,0.7103,107555.1954,7.5153,-26.6859,7.106,889.4,2.3136,0,1056,1.52,2.3022,1.52,1.53,1.53,1362,323,1870,889.4,1450,-21.6138,-97.1093,55661,72.9034,6.9204,3.594,269.0497,-4.7171,1361,7.5098,1361,95070,352600,-12.9017,5.7895,10.3184,10.5115,1571,8.6685,7.5098,115.3552,5.2336,7.0891,8.4126,1.4198,0.8484,41.2504,5.1015,9.9981,10.2924,-39.058,-5.4173,69765,-2.6652,-62.792,0.3431,4.5047,45.2432,77.1285,337.2245,154200,14.5422,8.674,0.4271,16.3816,75499,-95.7032
6/27/2020,-11.1932,-1.4102,51398.1849,3.013,39845,37993,5605,1350.6009,1.5,16732,891.0571,91719,25,132794,114283,15300,17.386,5.9103,67.5554,18.4029,16.5762,2.5236,11.8891,0.4104,-332,4285,3560,3860.3706,18,2365,-1689,0.4322,13.76,1.0487,1.0695,1.0695,164050.4962,109174.491,0.6173,85.5209,1.555,1698,2881,3951,20.7834,12.2322,22.5,7.006,0.5705,163332.9193,21208,1.63,183.3024,10.0717,19.0988,10.4741,11.5647,2.1769,3375,3.9937,48.0068,8430,9.805,108414.9193,9.6754,-26.6859,13.8435,891.4,2.2069,1,1070,1.89,2.189,1.89,1.9,1.9,1699,323,2268,897.3,1453,-10.995,-97.1093,54792,71.9754,6.4069,3.5137,256.8295,-1.9447,1698,9.6697,1698,94801,352600,28.9369,7.0217,12.9157,10.9713,1827,10.4043,9.6697,116.2148,5.112,6.8514,8.1501,1.4414,0.8565,40.3626,5.2043,10.2159,10.966,-15.4314,-2.596,70385,5.8441,-62.4701,23.2993,4.5136,45.6666,76.7398,329.9194,154128,15.1004,8.2302,0.4309,17.8935,75031,-39.3781
9/26/2020,-24.3858,-17.6266,44475.3261,2.4871,39165,39869,5265,1350.3156,1.5,17184,892.6534,85814,0,135245,116806,10250,-1.7727,8.6431,74.0721,69.8059,16.5762,4.3215,13.4548,0.3458,-558,5860,5182,3860.3706,299,-878,-6293,0.4692,13.2057,0.9823,-63.017,-67.8832,164601.8932,113166.12,0.6173,122.2689,-63.0518,1356,2000,3089,18.2285,9.7445,19.6977,7.006,0.5705,163796.213,20597,1.63,183.4936,10.0717,27.8992,13.0349,11.5647,2.3761,441,5.8055,58.9083,9238,-3.7334,112367.213,7.5883,-43.9869,11.9209,892.6,1.49,0,1089,1.32,1.4757,1.52,1.33,1.52,1190,317,1390,899,1455,-23.0184,54.0555,51300,71.2243,8.7379,4.0824,247.5152,-34.8817,1356,8.6469,1356,95376,352600,-65.8561,4.3849,8.8637,15.6786,1014,6.466,8.6469,120.236,5.4555,6.1605,7.1959,1.6257,0.7643,26.9817,3.628,7.5543,8.0186,-67.4719,-27.9882,65088,-6.0085,-53.022,17.7083,5.1797,41.7308,75.8478,314.0403,155971,13.1014,11.0864,0.3974,-1.2295,68936,-39.3781
12/26/2020,-19.8027,-0.767,37399.3193,-3.1121,34038,36543,5265,1350.4924,1.5,17346,893.5228,82633,0,127116,114591,15300,6.2764,9.9474,69.6128,9.7855,16.5762,5.1455,14.6598,0.3046,-2000,4914,4420,4699.9398,1120,-3003,-5783,0.4827,14.3909,0.9315,-19.084,-65.6489,170263.1648,120160.542,0.6173,361.5385,-18.7234,955,1343,2395,20.114,8.5536,18.1618,7.006,0,169183.8521,21389,1.63,189.3447,8.5112,27.0651,13.0302,9.7256,2.6209,260,4.9463,53.2873,7027,-7.7561,119070.8521,3.056,-43.9869,2.3516,893.6,1.1336,2,1052,0.45,1.1265,1.06,0.45,1.07,403,280,723,901.7,1457,-22.1936,54.0555,49989,69.9127,7.997,3.85,232.3665,-3.87,955,7.242,955,90573,352600,110.7872,2.5821,5.4827,18.7865,243,1.8427,7.242,127.2852,5.5669,6.3785,7.359,1.8406,0.7227,25.9496,3.5559,7.6797,7.8438,-45.3662,-24.9502,61120,-67.8681,-69.4049,-21.5873,4.7073,41.1225,73.9656,284.1073,148629,9.8406,9.7776,0.3613,6.881,64552,-43.8002
3/27/2021,-18.8493,-10.7014,37399.3193,-4.7899,30774,36617,5265,1350.6628,1.5,17265,896.3201,81856,0,124747,116040,10000,6.0846,4.6875,66.6313,-26.594,-25.4525,1.9811,14.1759,0.2171,-2671,2625,2065,2314.5724,1746,-3107,-3130,0.4712,14.9454,0.8404,-3.2895,-40.7895,184706.1765,132546.678,0.6135,181.1111,-2.6451,1325,1992,3042,20.5732,10.8256,21.3954,11.1842,0,183355.5594,21942,1.64,204.5648,8.5112,31.9268,14.6955,9.7256,3.0233,641,2.3073,55.2258,7852,-9.5044,131391.5594,5.697,-13.009,-3.3173,895,1.3292,0,1050,0.9,1.3199,1.47,0.91,1.48,810,281,1362,904.2,1467,-19.4508,54.0555,51839,70.1418,9.0265,4.1548,234.9164,-4.6468,1325,9.3192,1325,88130,352600,-27.1658,4.847,9.5794,23.9877,912,6.4144,9.3192,140.0175,5.9881,7.402,8.5963,2.1585,0.6273,25.1053,3.544,7.2925,7.4346,-42.6695,-21.5472,59789,-20.3632,-74.3292,-4.2735,4.7919,40.7243,73.0417,270.943,146814,9.4752,10.4108,0.3261,6.6657,60647,-43.8002
6/26/2021,-18.7467,6.5997,37399.3193,-6.4323,29967,35832,5265,1350.6651,1.5,16764,896.8004,81335,900,121857,114247,10000,4.1383,4.862,67.4434,-36.6861,-25.4525,2.4009,13.2221,0.2248,-629,2713,2155,2314.5724,152,241,-1749,0.4365,15.4132,0.8363,-33.8624,-39.6825,176880.5366,125870.58,0.6135,141.8515,-33.4511,1130,1841,2878,20.2421,9.9241,21.7191,11.1842,0,175644.4726,22228,1.64,195.8568,8.5112,37.6193,15.402,9.7256,3.1177,1964,2.4022,53.6261,7106,-11.3215,124592.4726,7.8258,-24.9246,-2.9759,897.1,1.4604,0,1037,1.14,1.4414,1.25,1.16,1.26,1037,290,1194,906,1471,-23.4592,-89.8097,50923,69.491,10.9066,4.4654,227.7721,-8.7371,1130,8.5277,1130,86025,352600,-47.3545,4.1172,9.0106,25.9028,813,6.1354,8.5277,132.7009,5.6052,7.7092,8.9857,2.2058,0.6091,21.9449,3.195,6.5745,6.9679,-34.15,-24.5387,58978,-9.1843,-74.7375,-23.0345,5.1717,40.8962,72.5124,263.801,144214,9.6859,12.6318,0.3358,4.7952,56338,-43.8002
9/25/2021,-11.4734,-1.934,59177.5966,-15.3682,29539,33618,3670,1350.5092,1.5497,14435,898.0686,74136,0,113005,102462,10000,-8.7875,5.6533,67.7906,-56.587,-25.4525,1.0909,11.3234,0.2157,-675,2544,2094,2353.9104,275,-849,-2692,0.3483,14.3188,0.8787,69.0789,106.0606,169143.4287,121176.156,0.6135,59.8944,71.9764,2332,3604,4353,22.0889,14.3663,26.0752,14.221,-19.9943,168020.8489,18901,1.64,187.0913,12.0705,26.879,13.2634,14.1695,2.9297,141,2.3313,56.9067,9500,-13.6085,120035.8489,14.7418,156.3241,-8.9404,898.2,2.9714,0,749,2.72,2.9494,2.57,2.74,2.6,2461,303,2972,906.6,1474,-13.8165,3.303,47890,71.5994,7.6612,3.7804,252.1057,-8.7504,2332,13.9691,2332,79387,282100,113.8129,9.8086,17.8028,19.5491,2869,17.1858,13.9691,133.66,6.3508,9.3543,11.1504,2.0884,0.6549,29.0749,3.9879,8.5851,8.5642,99.858,6.4533,55140,11.6607,-77.1422,-33.6283,4.3527,41.7724,74.3768,290.2716,132001,7.0576,8.821,0.3282,-8.347,57350,-479.4034
12/25/2021,-14.0576,-16.5942,59177.5966,-10.3304,31330,34056,3670,1350.7047,1.5497,13937,899.4353,76659,0,114163,101945,10000,-11.521,11.5587,61.3439,-33.9031,-31.7613,4.4311,9.7492,0.3078,-1358,3248,2967,3263.2756,698,3262,1377,0.3153,14.2938,0.92,-23.5849,62.2222,165356.9725,118214.184,0.6135,222.8097,-23.2461,733,1684,2315,21.5696,7.4437,16.3063,14.221,-19.9943,164069.5808,19050,1.64,182.414,13.3837,24.9081,13.0338,15.7609,2.8113,5986,3.2992,51.6658,7335,-7.2296,116944.5808,4.663,33.2673,-2.8446,899.3,1.4133,2,631,0.73,1.3998,0.81,0.74,0.82,662,311,1059,909.2,1475,-11.6672,3.303,47063,71.119,7.1448,3.7387,246.2484,-37.8113,733,5.1631,733,80107,282100,46.473,3.4051,7.4593,18.2857,623,4.3883,5.1631,130.02,6.1388,10.4845,12.5745,1.9994,0.6934,27.3004,3.9162,8.3481,9.0386,24.2628,7.6591,57547,-33.5275,-76.1182,-43.1174,4.5716,43.1791,75.0688,301.104,133275,7.5587,8.7365,0.3507,-11.1607,58360,-8.8224
3/26/2022,-12.7888,-12.0313,59177.5966,-13.1534,27896,31844,3670,1351.3582,1.5497,13118,903.1804,72852,0,108026,99607,10000,-12.2114,3.8968,56.295,-49.6762,-45.2554,0.949,9.096,0.2373,172,1321,982,1234.6742,260,-2965,-4196,0.2871,15.2232,0.876,4.0816,78.8889,174705.4032,128581.733,0,101.57,5.0566,1392,2388,3008,21.0366,10.1279,19.3627,14.9245,-19.9943,173404.034,19410,1.64,191.9927,15.8405,24.8181,13.8127,18.6078,2.9057,-1513,1.0893,53.3634,8290,-10.9998,127520.034,9.4303,30.3721,-6.8622,901.5,2.2164,0,620,1.61,2.1953,1.53,1.62,1.54,1465,297,1762,910.7,1488,-12.1928,4.5703,45817,70.1703,6.5575,3.6496,235.2364,-41.1803,1392,8.9604,1392,76182,282100,29.3686,5.9327,11.3421,17.6798,1722,11.0846,8.9604,141.19,6.5698,12.9135,15.4779,2.1271,0.6487,27.0217,4.0734,8.6717,9.5432,66.3307,9.2629,53375,-0.4242,-77.5159,-39.4643,4.2516,41.8618,73.265,274.0412,127503,6.3561,7.6392,0.3078,-11.737,59677,32.432
6/25/2022,-11.3871,-10.4049,59177.5966,-12.7339,28999,30466,3670,1351.2839,1.5497,11760,904.1264,73973,0,105703,96851,10000,-10.4133,5.9968,49.6209,-29.93,-45.2554,0.949,8.5277,0.3141,-1697,1901,1584,1234.6742,62,721,713,0.2719,15.9523,0.9518,4.0816,78.8889,151747.2531,107416.121,0.6098,101.57,5.0566,-3196,2005,2591,20.265,8.7831,18.3668,14.9245,-19.9943,151747.2531,20076,1.65,167.8385,15.8405,21.0147,12.3704,18.6078,2.5069,3730,1.752,52.6689,7430,-9.0515,107419.2531,-22.783,27.3364,-5.1296,904.1,1.6477,6,586,-3.55,1.6477,-3.54,-3.55,-3.54,-3214,295,1428,904.1,1491,-10.7159,199.1701,44257,68.7178,6.1289,3.6078,219.6704,-41.0798,-3196,-22.6554,-3196,75237,282100,19.598,4.8407,10.1226,14.5029,-4501,-31.9061,-22.6554,118.81,5.3506,11.8667,14.024,1.7678,0.7146,5.9616,0.9339,2.8508,16.8671,14.306,6.4599,53826,-0.4242,-74.3575,-43.19,4.3879,42.77,72.7644,267.1663,125850,6.5306,7.4541,0.3547,-9.885,60533,74.9872
9/24/2022,-2.9591,2.4273,57894.5543,-3.6045,29118,31505,3331,1351.0249,6.0217,9596,906.092,76034,0,105222,98125,10000,15.0716,9.6944,56.0608,55.8569,51.1104,1.4626,9.9171,0.2774,-1319,3965,3556,3828.0006,1328,14,-2852,0.3205,17.2457,0.9242,15.1751,15.0735,174434.7463,129041.151,0.6098,52.0739,16.2521,2711,3830,4400,20.3436,14.0127,26.3615,13.3756,2.1978,173011.2986,21944,1.65,190.9423,15.8405,23.0313,14.05,18.6078,2.8583,2218,3.9258,57.7077,9632,2.5602,127659.2986,17.1889,27.3364,-5.9394,905.8,3.2565,5,570,3.13,3.2181,2.96,3.17,2.99,2869,314,3263,915.9,1494,-5.063,199.1701,45275,67.2774,6.027,3.6767,205.5992,-7.8959,2711,16.2423,2711,73717,288300,9.7914,10.3917,19.5495,16.6519,3312,19.843,16.2423,140.89,5.8175,12.1909,13.9961,2.1013,0.7322,8.0304,1.2652,3.4646,16.748,9.1124,-0.018,54013,3.8486,-75.1772,-9.1111,4.3863,42.4487,71.038,245.2795,127243,5.5357,7.1902,0.3122,15.9244,60530,41.4808
