N.rows,expr,time
10,tidyfast::dt_pivot_longer-4,19485600
10,stats::reshape-4,77586080
10,tidyr::pivot_longer-4,30586800
10,utils::stack-4,10535720
10,data.table::melt-0,966040
10,nc::capture_melt_single-0,15675280
10,reshape2::melt-4,4038640
10,data.table::melt-0,586480
10,cdata::unpivot_to_blocks-4,62840320
10,cdata::unpivot_to_blocks-4,29522280
10,nc::capture_melt_single-4,9373520
10,data.table::melt-0,526920
10,data.table::melt-0,441040
10,stats::reshape-0,44986480
10,stats::reshape-0,46299160
10,utils::stack-4,8542560
10,utils::stack-4,8458800
10,utils::stack-0,2769040
10,reshape2::melt-0,2679360
10,tidyfast::dt_pivot_longer-4,937440
10,tidyr::gather-0,24516040
10,reshape2::melt-0,2677520
10,tidyr::gather-4,6521880
10,nc::capture_melt_single-4,9324400
10,utils::stack-4,9196040
10,utils::stack-4,8755280
10,cdata::unpivot_to_blocks-4,29247800
10,nc::capture_melt_single-4,9314280
10,cdata::unpivot_to_blocks-4,28396960
10,utils::stack-0,2943720
10,tidyr::pivot_longer-0,9661880
10,tidyr::pivot_longer-4,10285120
10,cdata::unpivot_to_blocks-4,29424960
10,cdata::unpivot_to_blocks-0,31869920
10,reshape2::melt-0,2661600
10,data.table::melt-0,556400
10,stats::reshape-0,45149360
10,reshape2::melt-4,3352640
10,stats::reshape-4,51970320
10,data.table::melt-0,552680
10,reshape2::melt-4,3212440
10,tidyr::pivot_longer-0,9874320
10,tidyfast::dt_pivot_longer-0,647840
10,nc::capture_melt_single-0,8905600
10,reshape2::melt-0,11277800
10,tidyfast::dt_pivot_longer-0,661160
10,tidyfast::dt_pivot_longer-4,811040
10,data.table::melt-0,485400
10,tidyfast::dt_pivot_longer-4,768440
10,stats::reshape-0,51775120
10,cdata::unpivot_to_blocks-4,40962800
10,tidyfast::dt_pivot_longer-4,1343040
10,reshape2::melt-0,3912200
10,tidyr::pivot_longer-0,14113520
10,nc::capture_melt_single-4,14539760
10,cdata::unpivot_to_blocks-0,33790560
10,utils::stack-0,4184480
10,reshape2::melt-0,3930640
10,data.table::melt-4,1389640
10,data.table::melt-4,832000
10,tidyr::gather-0,6098960
10,stats::reshape-4,61617160
10,tidyr::pivot_longer-4,10308680
10,tidyr::gather-4,6398240
10,data.table::melt-4,998880
10,data.table::melt-4,825800
10,nc::capture_melt_single-0,8783600
10,cdata::unpivot_to_blocks-0,23245160
10,nc::capture_melt_single-0,8985840
10,stats::reshape-0,48285920
10,tidyfast::dt_pivot_longer-0,617840
10,tidyfast::dt_pivot_longer-0,507920
10,tidyfast::dt_pivot_longer-4,853320
10,reshape2::melt-0,11380280
10,tidyr::gather-4,6578320
10,utils::stack-4,8540760
10,tidyr::gather-4,6521200
10,tidyr::pivot_longer-0,13587840
10,utils::stack-0,4066640
10,cdata::unpivot_to_blocks-4,42361480
10,tidyr::pivot_longer-0,13756280
10,utils::stack-4,12559920
10,tidyfast::dt_pivot_longer-4,1290080
10,cdata::unpivot_to_blocks-0,33426680
10,nc::capture_melt_single-0,12840080
10,reshape2::melt-4,4837600
10,utils::stack-4,12420400
10,stats::reshape-4,59325440
10,tidyfast::dt_pivot_longer-0,601920
10,tidyr::pivot_longer-4,10272200
10,tidyfast::dt_pivot_longer-0,606640
10,utils::stack-0,2849240
10,tidyr::pivot_longer-0,10243320
10,data.table::melt-4,1046680
10,nc::capture_melt_single-4,9452200
10,tidyfast::dt_pivot_longer-4,899880
10,cdata::unpivot_to_blocks-0,23390600
10,tidyr::gather-4,6860400
10,tidyr::gather-0,5955200
10,data.table::melt-4,999160
10,tidyr::pivot_longer-4,10352840
10,tidyr::pivot_longer-4,10270000
10,tidyr::pivot_longer-4,10221120
10,tidyr::gather-0,5914160
10,utils::stack-0,2972480
10,reshape2::melt-4,3139720
10,nc::capture_melt_single-0,9914720
10,tidyr::gather-0,6401800
10,reshape2::melt-4,11939800
10,nc::capture_melt_single-0,8771840
10,nc::capture_melt_single-0,8600560
10,tidyr::pivot_longer-0,9651600
10,cdata::unpivot_to_blocks-4,36207440
10,stats::reshape-0,48248640
10,utils::stack-4,8580960
10,cdata::unpivot_to_blocks-4,28529360
10,nc::capture_melt_single-0,8930320
10,cdata::unpivot_to_blocks-0,51375920
10,tidyr::pivot_longer-4,10418360
10,stats::reshape-0,45233800
10,data.table::melt-0,546960
10,tidyr::gather-0,6050800
10,reshape2::melt-4,3193080
10,data.table::melt-4,953600
10,stats::reshape-4,53444960
10,reshape2::melt-4,3372720
10,stats::reshape-0,57471960
10,nc::capture_melt_single-4,13445480
10,nc::capture_melt_single-4,13833640
10,nc::capture_melt_single-4,14031600
10,cdata::unpivot_to_blocks-0,35597080
10,tidyr::gather-0,9132240
10,stats::reshape-0,68765960
10,data.table::melt-4,958960
10,cdata::unpivot_to_blocks-0,32970040
10,data.table::melt-4,972920
10,reshape2::melt-4,3337600
10,reshape2::melt-0,2800040
10,tidyr::gather-4,6931560
10,reshape2::melt-4,3141520
10,tidyr::pivot_longer-0,9904600
10,tidyr::gather-4,6729560
10,nc::capture_melt_single-4,9375160
10,tidyfast::dt_pivot_longer-0,579760
10,cdata::unpivot_to_blocks-0,23121640
10,stats::reshape-4,52191680
10,stats::reshape-4,60927880
10,utils::stack-0,2831880
10,nc::capture_melt_single-4,9258080
10,data.table::melt-4,923440
10,stats::reshape-0,61517040
10,reshape2::melt-0,4027560
10,tidyfast::dt_pivot_longer-0,870960
10,tidyfast::dt_pivot_longer-0,736560
10,tidyr::gather-0,8787280
10,reshape2::melt-0,3933000
10,tidyr::gather-4,9487320
10,stats::reshape-4,80463960
10,tidyr::pivot_longer-0,9667480
10,tidyfast::dt_pivot_longer-0,604280
10,tidyr::gather-4,6539920
10,tidyr::gather-0,5994200
10,tidyr::pivot_longer-4,10370520
10,data.table::melt-0,552840
10,cdata::unpivot_to_blocks-0,24302720
10,tidyr::pivot_longer-0,10385680
10,cdata::unpivot_to_blocks-4,29106400
10,tidyr::gather-4,6694480
10,data.table::melt-0,578880
10,utils::stack-0,2980720
10,tidyr::gather-0,6115680
10,utils::stack-0,2974280
10,tidyfast::dt_pivot_longer-4,930280
10,utils::stack-4,8590080
10,tidyfast::dt_pivot_longer-4,912880
10,utils::stack-0,2837240
10,tidyr::pivot_longer-4,20428600
10,stats::reshape-4,51077440
10,nc::capture_melt_single-0,8670880
10,stats::reshape-4,70278040
31,utils::stack-0,3139400
31,tidyfast::dt_pivot_longer-0,672560
31,tidyr::gather-0,6276040
31,stats::reshape-4,62530000
31,data.table::melt-4,1338760
31,reshape2::melt-0,2799800
31,cdata::unpivot_to_blocks-0,24473560
31,tidyfast::dt_pivot_longer-0,663840
31,tidyr::pivot_longer-4,10570400
31,nc::capture_melt_single-4,9764040
31,tidyr::pivot_longer-0,9852400
31,tidyr::gather-4,8548280
31,reshape2::melt-4,5065360
31,utils::stack-0,3063880
31,utils::stack-4,18908960
31,tidyfast::dt_pivot_longer-0,699320
31,stats::reshape-0,48554640
31,stats::reshape-4,69080920
31,tidyr::gather-4,10248160
31,data.table::melt-4,1457520
31,tidyr::pivot_longer-4,22525120
31,reshape2::melt-4,4997080
31,tidyr::pivot_longer-4,10504920
31,tidyr::gather-4,8728640
31,reshape2::melt-0,2764280
31,cdata::unpivot_to_blocks-4,41842280
31,tidyr::pivot_longer-4,12239520
31,reshape2::melt-0,2969520
31,utils::stack-4,18932200
31,tidyfast::dt_pivot_longer-4,1282040
31,reshape2::melt-4,4996920
31,tidyr::gather-0,6393360
31,tidyr::pivot_longer-0,9877320
31,data.table::melt-4,1295280
31,nc::capture_melt_single-4,9426600
31,tidyr::gather-4,8837160
31,tidyfast::dt_pivot_longer-4,1401360
31,cdata::unpivot_to_blocks-4,39375480
31,nc::capture_melt_single-0,9056880
31,tidyr::pivot_longer-4,10824480
31,stats::reshape-4,89656840
31,tidyr::pivot_longer-0,14392080
31,data.table::melt-0,876280
31,cdata::unpivot_to_blocks-0,36101360
31,tidyr::gather-0,19693640
31,nc::capture_melt_single-4,10102040
31,cdata::unpivot_to_blocks-4,38916720
31,stats::reshape-4,61615840
31,data.table::melt-4,1275720
31,tidyr::gather-0,6365560
31,stats::reshape-4,63881360
31,tidyfast::dt_pivot_longer-4,1442480
31,nc::capture_melt_single-0,9506160
31,data.table::melt-4,1307800
31,stats::reshape-4,96731920
31,tidyfast::dt_pivot_longer-4,1909640
31,data.table::melt-4,1773720
31,reshape2::melt-0,4146480
31,cdata::unpivot_to_blocks-4,57350640
31,tidyfast::dt_pivot_longer-4,1336840
31,utils::stack-4,18720920
31,cdata::unpivot_to_blocks-0,36478000
31,reshape2::melt-0,2753640
31,tidyr::pivot_longer-4,10629360
31,stats::reshape-0,46227280
31,utils::stack-0,2965000
31,tidyr::gather-0,6506760
31,cdata::unpivot_to_blocks-0,24741800
31,reshape2::melt-0,2823120
31,reshape2::melt-0,2673520
31,nc::capture_melt_single-0,9037040
31,cdata::unpivot_to_blocks-4,40570360
31,stats::reshape-0,70103240
31,tidyr::gather-4,12951000
31,tidyfast::dt_pivot_longer-0,928520
31,tidyr::gather-0,8758720
31,data.table::melt-0,876560
31,reshape2::melt-4,5316120
31,data.table::melt-0,571680
31,cdata::unpivot_to_blocks-0,25376000
31,reshape2::melt-0,13712240
31,utils::stack-4,18335680
31,tidyfast::dt_pivot_longer-4,1257280
31,utils::stack-4,18233280
31,stats::reshape-0,46573400
31,stats::reshape-4,64998000
31,data.table::melt-4,1840960
31,utils::stack-0,4106400
31,tidyr::gather-4,13010200
31,data.table::melt-0,865240
31,cdata::unpivot_to_blocks-4,59564240
31,tidyfast::dt_pivot_longer-0,969440
31,tidyfast::dt_pivot_longer-0,782080
31,reshape2::melt-0,4143600
31,reshape2::melt-4,7558760
31,stats::reshape-0,61352080
31,reshape2::melt-4,5340360
31,reshape2::melt-0,2886080
31,tidyr::gather-4,9004880
31,tidyfast::dt_pivot_longer-0,664160
31,tidyfast::dt_pivot_longer-4,1184880
31,cdata::unpivot_to_blocks-4,40075760
31,reshape2::melt-4,15794720
31,tidyr::gather-4,8745120
31,nc::capture_melt_single-0,9382640
31,utils::stack-0,2856360
31,cdata::unpivot_to_blocks-0,24058320
31,stats::reshape-4,61149920
31,nc::capture_melt_single-4,12962360
31,tidyr::gather-4,12638880
31,nc::capture_melt_single-0,12791000
31,tidyr::pivot_longer-0,13972520
31,cdata::unpivot_to_blocks-4,58690120
31,utils::stack-0,4325600
31,tidyr::pivot_longer-0,14071000
31,utils::stack-4,24647200
31,data.table::melt-0,583280
31,data.table::melt-4,1195360
31,tidyr::gather-4,8731200
31,stats::reshape-4,65191000
31,tidyfast::dt_pivot_longer-0,644120
31,utils::stack-4,18892320
31,tidyr::gather-0,6590240
31,nc::capture_melt_single-4,20203360
31,utils::stack-4,18418520
31,nc::capture_melt_single-0,9250160
31,stats::reshape-0,46575040
31,tidyfast::dt_pivot_longer-0,673280
31,nc::capture_melt_single-0,8828680
31,tidyfast::dt_pivot_longer-4,1237360
31,tidyr::pivot_longer-4,12322080
31,data.table::melt-0,832600
31,tidyr::pivot_longer-0,13883160
31,data.table::melt-4,1853480
31,data.table::melt-0,710000
31,utils::stack-0,4477000
31,tidyr::gather-0,9190360
31,nc::capture_melt_single-4,14247400
31,stats::reshape-0,69802320
31,tidyr::pivot_longer-0,13401360
31,tidyr::gather-0,6890600
31,cdata::unpivot_to_blocks-4,40689440
31,tidyr::pivot_longer-4,10941680
31,nc::capture_melt_single-0,13171240
31,stats::reshape-0,82917560
31,cdata::unpivot_to_blocks-0,34758160
31,utils::stack-0,4223000
31,nc::capture_melt_single-4,14228840
31,nc::capture_melt_single-4,14083320
31,data.table::melt-4,1805560
31,tidyr::pivot_longer-0,14012720
31,utils::stack-4,27516680
31,reshape2::melt-4,7605520
31,tidyr::pivot_longer-0,14015280
31,tidyfast::dt_pivot_longer-0,890760
31,tidyr::pivot_longer-0,14185120
31,stats::reshape-4,90316000
31,data.table::melt-0,593480
31,cdata::unpivot_to_blocks-0,26213360
31,tidyr::pivot_longer-4,10904960
31,tidyfast::dt_pivot_longer-4,1297400
31,cdata::unpivot_to_blocks-0,25038320
31,nc::capture_melt_single-4,9968200
31,data.table::melt-0,578640
31,reshape2::melt-4,5205240
31,data.table::melt-0,578880
31,utils::stack-0,3070200
31,tidyr::gather-0,16706240
31,cdata::unpivot_to_blocks-0,25460400
31,cdata::unpivot_to_blocks-4,38705040
31,stats::reshape-0,46889600
31,stats::reshape-0,71096400
31,nc::capture_melt_single-0,13137280
31,utils::stack-0,4175200
31,utils::stack-4,27737680
31,tidyr::pivot_longer-4,15125080
31,nc::capture_melt_single-0,13195040
31,nc::capture_melt_single-4,10824200
31,tidyfast::dt_pivot_longer-4,1279200
31,reshape2::melt-4,5200400
100,nc::capture_melt_single-0,9346120
100,cdata::unpivot_to_blocks-4,77060240
100,reshape2::melt-0,3080400
100,cdata::unpivot_to_blocks-0,27653600
100,stats::reshape-4,97412720
100,tidyr::pivot_longer-0,10451720
100,cdata::unpivot_to_blocks-4,77912640
100,tidyfast::dt_pivot_longer-4,1818800
100,nc::capture_melt_single-0,9347560
100,cdata::unpivot_to_blocks-4,77706360
100,reshape2::melt-0,3217520
100,stats::reshape-0,51658120
100,nc::capture_melt_single-4,10975560
100,utils::stack-4,78044960
100,tidyr::gather-0,25648160
100,nc::capture_melt_single-4,14164200
100,reshape2::melt-4,16517440
100,reshape2::melt-4,16049160
100,data.table::melt-0,938960
100,tidyr::pivot_longer-0,10307160
100,tidyr::pivot_longer-4,10872960
100,utils::stack-4,52109960
100,stats::reshape-4,95918240
100,tidyr::gather-4,15716560
100,tidyr::gather-4,15359080
100,stats::reshape-0,51139280
100,tidyr::gather-4,15258200
100,cdata::unpivot_to_blocks-0,28575200
100,nc::capture_melt_single-0,9337920
100,tidyr::gather-0,7442240
100,data.table::melt-4,1744160
100,data.table::melt-0,559120
100,tidyfast::dt_pivot_longer-0,658080
100,reshape2::melt-0,3096280
100,cdata::unpivot_to_blocks-4,85964120
100,utils::stack-0,3114120
100,nc::capture_melt_single-4,9708720
100,tidyr::gather-0,7287440
100,nc::capture_melt_single-4,9844680
100,cdata::unpivot_to_blocks-0,28710240
100,stats::reshape-0,49593120
100,tidyr::pivot_longer-4,11209960
100,data.table::melt-4,1694160
100,tidyr::pivot_longer-4,10971920
100,nc::capture_melt_single-0,9294840
100,tidyfast::dt_pivot_longer-4,1897720
100,tidyr::gather-4,22146520
100,cdata::unpivot_to_blocks-0,40554800
100,nc::capture_melt_single-0,13289240
100,utils::stack-0,4281160
100,tidyfast::dt_pivot_longer-4,2474120
100,stats::reshape-0,68670120
100,data.table::melt-4,1686400
100,reshape2::melt-0,3104640
100,tidyr::gather-0,7421160
100,tidyr::pivot_longer-4,22161680
100,tidyr::pivot_longer-0,10243520
100,tidyr::pivot_longer-4,11909000
100,cdata::unpivot_to_blocks-4,74167120
100,tidyfast::dt_pivot_longer-0,759360
100,stats::reshape-4,117563560
100,tidyfast::dt_pivot_longer-4,2617120
100,cdata::unpivot_to_blocks-0,41242280
100,stats::reshape-0,60134880
100,data.table::melt-0,687560
100,stats::reshape-4,97545120
100,utils::stack-0,3449720
100,data.table::melt-4,1879160
100,cdata::unpivot_to_blocks-4,120397680
100,tidyfast::dt_pivot_longer-0,1084680
100,tidyr::gather-4,22513960
100,nc::capture_melt_single-4,14394520
100,tidyr::gather-0,10496840
100,tidyfast::dt_pivot_longer-0,1030960
100,utils::stack-4,76346240
100,tidyr::pivot_longer-0,14942360
100,tidyr::pivot_longer-0,14477920
100,data.table::melt-0,899920
100,utils::stack-4,76549880
100,data.table::melt-4,2542240
100,tidyfast::dt_pivot_longer-0,926560
100,nc::capture_melt_single-0,13123280
100,reshape2::melt-4,16199760
100,cdata::unpivot_to_blocks-4,89060280
100,data.table::melt-0,721760
100,data.table::melt-0,537520
100,data.table::melt-4,1578160
100,tidyr::pivot_longer-0,10493840
100,utils::stack-0,3090680
100,tidyr::gather-0,7505400
100,reshape2::melt-4,11281520
100,tidyr::gather-4,15380080
100,nc::capture_melt_single-0,9272200
100,tidyfast::dt_pivot_longer-0,742520
100,stats::reshape-0,50328240
100,stats::reshape-4,150479240
100,nc::capture_melt_single-4,14028560
100,data.table::melt-0,953800
100,reshape2::melt-4,13037320
100,reshape2::melt-0,3020360
100,nc::capture_melt_single-4,9991800
100,tidyr::pivot_longer-0,10292840
100,stats::reshape-0,50465560
100,tidyr::gather-0,7510360
100,nc::capture_melt_single-0,9264080
100,tidyr::pivot_longer-4,11287480
100,stats::reshape-0,51336720
100,nc::capture_melt_single-4,9921040
100,reshape2::melt-4,11196600
100,reshape2::melt-4,11177480
100,stats::reshape-4,140165040
100,data.table::melt-0,961120
100,reshape2::melt-0,4835640
100,utils::stack-0,4677800
100,nc::capture_melt_single-4,14801440
100,tidyfast::dt_pivot_longer-4,1833640
100,utils::stack-4,62232720
100,data.table::melt-4,1727440
100,utils::stack-0,3063760
100,utils::stack-0,2869000
100,tidyfast::dt_pivot_longer-0,753880
100,cdata::unpivot_to_blocks-0,28327600
100,tidyr::pivot_longer-0,10438240
100,cdata::unpivot_to_blocks-4,76687000
100,stats::reshape-4,98149120
100,utils::stack-4,52001840
100,tidyr::pivot_longer-4,11479560
100,tidyr::gather-4,15810560
100,utils::stack-4,52167680
100,nc::capture_melt_single-0,9299040
100,utils::stack-4,52070880
100,cdata::unpivot_to_blocks-0,29931280
100,tidyr::pivot_longer-0,10849200
100,reshape2::melt-4,11422240
100,data.table::melt-0,726320
100,stats::reshape-0,69301040
100,stats::reshape-4,119202960
100,utils::stack-0,4356880
100,tidyr::gather-0,10512760
100,tidyfast::dt_pivot_longer-4,2564720
100,tidyr::gather-4,22219880
100,cdata::unpivot_to_blocks-0,41181840
100,stats::reshape-4,97919800
100,reshape2::melt-4,11362080
100,data.table::melt-4,1756840
100,utils::stack-4,51272120
100,tidyr::pivot_longer-4,11057200
100,tidyr::pivot_longer-0,10555880
100,tidyfast::dt_pivot_longer-0,703920
100,tidyfast::dt_pivot_longer-4,1604320
100,cdata::unpivot_to_blocks-0,38774960
100,data.table::melt-4,2551320
100,tidyr::gather-0,10534360
100,reshape2::melt-0,4571880
100,tidyr::pivot_longer-4,15559680
100,stats::reshape-0,83025320
100,utils::stack-0,3001880
100,reshape2::melt-4,15122520
100,cdata::unpivot_to_blocks-0,41423760
100,cdata::unpivot_to_blocks-4,114378960
100,data.table::melt-4,2536960
100,tidyfast::dt_pivot_longer-4,2470440
100,nc::capture_melt_single-4,14896760
100,reshape2::melt-0,4541840
100,tidyfast::dt_pivot_longer-4,2581320
100,data.table::melt-0,866960
100,reshape2::melt-0,4471240
100,tidyr::pivot_longer-4,15644960
100,tidyfast::dt_pivot_longer-0,993640
100,cdata::unpivot_to_blocks-4,111644160
100,utils::stack-4,78820240
100,tidyfast::dt_pivot_longer-0,1036680
100,stats::reshape-4,104901080
100,tidyr::gather-4,15616720
100,tidyr::gather-0,7377560
100,tidyfast::dt_pivot_longer-4,1757520
100,utils::stack-0,3338040
100,reshape2::melt-0,3360480
100,tidyr::gather-4,15743400
100,nc::capture_melt_single-0,9508480
316,cdata::unpivot_to_blocks-4,184326160
316,cdata::unpivot_to_blocks-4,211823800
316,tidyfast::dt_pivot_longer-4,3375600
316,tidyr::gather-0,15033400
316,nc::capture_melt_single-4,15063440
316,cdata::unpivot_to_blocks-0,53840240
316,nc::capture_melt_single-0,9978600
316,utils::stack-0,3424080
316,tidyfast::dt_pivot_longer-4,2320280
316,tidyr::pivot_longer-4,12498440
316,reshape2::melt-0,4274560
316,cdata::unpivot_to_blocks-0,40920400
316,nc::capture_melt_single-4,10925840
316,stats::reshape-4,226986400
316,nc::capture_melt_single-4,10754720
316,tidyr::gather-4,33774320
316,nc::capture_melt_single-0,10613960
316,tidyfast::dt_pivot_longer-0,928120
316,tidyr::pivot_longer-0,27708960
316,tidyr::pivot_longer-4,16713400
316,nc::capture_melt_single-0,13875160
316,data.table::melt-4,2962760
316,nc::capture_melt_single-0,13785840
316,data.table::melt-4,3003480
316,utils::stack-0,4883120
316,nc::capture_melt_single-0,14359600
316,tidyr::gather-4,49093440
316,tidyfast::dt_pivot_longer-0,1344720
316,utils::stack-4,160879240
316,reshape2::melt-4,39945200
316,tidyr::gather-4,48799760
316,cdata::unpivot_to_blocks-0,58691400
316,stats::reshape-0,60979120
316,tidyfast::dt_pivot_longer-0,998720
316,utils::stack-0,3446200
316,stats::reshape-0,59047760
316,utils::stack-4,196750640
316,cdata::unpivot_to_blocks-0,43644040
316,tidyfast::dt_pivot_longer-4,2440240
316,tidyr::gather-4,47044280
316,tidyr::pivot_longer-4,12332120
316,nc::capture_melt_single-4,10854960
316,nc::capture_melt_single-4,10717040
316,tidyr::gather-4,33264760
316,nc::capture_melt_single-0,9848520
316,tidyr::gather-0,10357040
316,cdata::unpivot_to_blocks-0,58049600
316,stats::reshape-4,257468880
316,utils::stack-0,3568920
316,tidyfast::dt_pivot_longer-4,2329160
316,tidyr::gather-4,35462240
316,data.table::melt-0,1239320
316,reshape2::melt-0,5922760
316,reshape2::melt-0,5991640
316,tidyr::pivot_longer-4,17908680
316,cdata::unpivot_to_blocks-0,56549240
316,data.table::melt-0,1255320
316,utils::stack-4,172223600
316,nc::capture_melt_single-0,10316840
316,tidyr::gather-4,47181560
316,stats::reshape-4,251741400
316,utils::stack-4,199514040
316,stats::reshape-0,59295880
316,tidyr::pivot_longer-0,11729040
316,stats::reshape-0,68568680
316,data.table::melt-0,1208200
316,data.table::melt-0,1094280
316,data.table::melt-0,1058800
316,stats::reshape-4,245110520
316,nc::capture_melt_single-4,10633520
316,utils::stack-4,205559400
316,stats::reshape-0,74396480
316,stats::reshape-4,260278320
316,tidyfast::dt_pivot_longer-0,1353920
316,cdata::unpivot_to_blocks-4,199166160
316,tidyr::pivot_longer-4,17565080
316,reshape2::melt-0,5951440
316,tidyfast::dt_pivot_longer-4,3413240
316,reshape2::melt-4,40423680
316,cdata::unpivot_to_blocks-4,228203120
316,reshape2::melt-4,27800400
316,tidyr::pivot_longer-4,13045840
316,cdata::unpivot_to_blocks-4,241126280
316,stats::reshape-0,83008000
316,tidyr::pivot_longer-0,11584800
316,cdata::unpivot_to_blocks-4,245292280
316,tidyr::pivot_longer-0,11670920
316,cdata::unpivot_to_blocks-0,39809200
316,reshape2::melt-0,4192040
316,reshape2::melt-0,4238800
316,utils::stack-4,183063680
316,tidyr::gather-0,15179160
316,tidyfast::dt_pivot_longer-0,1373360
316,data.table::melt-0,1146600
316,reshape2::melt-0,6003360
316,tidyr::gather-4,49775200
316,data.table::melt-0,1227320
316,tidyr::gather-0,10696680
316,utils::stack-4,172773880
316,nc::capture_melt_single-0,14150360
316,data.table::melt-4,3061480
316,nc::capture_melt_single-0,13865360
316,reshape2::melt-4,41840400
316,tidyfast::dt_pivot_longer-0,1435520
316,nc::capture_melt_single-4,15539920
316,tidyr::pivot_longer-4,17729120
316,tidyfast::dt_pivot_longer-0,1283480
316,tidyr::pivot_longer-0,15926560
316,utils::stack-0,4000080
316,cdata::unpivot_to_blocks-4,227168200
316,data.table::melt-4,3098640
316,tidyfast::dt_pivot_longer-0,1356200
316,tidyfast::dt_pivot_longer-4,3149280
316,tidyr::pivot_longer-4,18653400
316,utils::stack-0,5694440
316,stats::reshape-0,74672440
316,stats::reshape-4,241295240
316,tidyfast::dt_pivot_longer-4,3371880
316,reshape2::melt-0,5940520
316,data.table::melt-4,3073480
316,stats::reshape-4,213532720
316,tidyr::pivot_longer-0,16484880
316,utils::stack-0,5036000
316,cdata::unpivot_to_blocks-4,231515960
316,stats::reshape-0,75388680
316,tidyr::pivot_longer-0,11561480
316,tidyr::gather-0,13386000
316,reshape2::melt-4,40445520
316,reshape2::melt-4,40222400
316,tidyfast::dt_pivot_longer-0,1361800
316,utils::stack-0,5014520
316,stats::reshape-4,234622720
316,tidyr::pivot_longer-0,16811440
316,reshape2::melt-4,42604560
316,tidyr::pivot_longer-4,17850800
316,cdata::unpivot_to_blocks-4,203704000
316,cdata::unpivot_to_blocks-0,57670320
316,tidyfast::dt_pivot_longer-0,1380800
316,utils::stack-4,200407880
316,reshape2::melt-4,27237760
316,utils::stack-0,3674120
316,utils::stack-4,204493360
316,reshape2::melt-4,27701800
316,nc::capture_melt_single-4,10783880
316,tidyr::gather-4,33321160
316,data.table::melt-4,2170080
316,data.table::melt-4,2014160
316,nc::capture_melt_single-0,9665400
316,stats::reshape-0,73070600
316,tidyr::gather-0,15212480
316,stats::reshape-4,230086560
316,reshape2::melt-0,6261440
316,tidyfast::dt_pivot_longer-4,3635280
316,stats::reshape-0,104032160
316,tidyfast::dt_pivot_longer-4,3355760
316,data.table::melt-0,1177440
316,stats::reshape-4,225799920
316,tidyr::gather-0,15109480
316,utils::stack-0,5169560
316,data.table::melt-0,1508280
316,cdata::unpivot_to_blocks-0,58065480
316,reshape2::melt-0,5989520
316,reshape2::melt-4,40586720
316,data.table::melt-0,1226600
316,tidyr::pivot_longer-0,16482640
316,cdata::unpivot_to_blocks-0,77814600
316,utils::stack-4,159688040
316,tidyr::pivot_longer-0,16716320
316,cdata::unpivot_to_blocks-4,224717960
316,tidyfast::dt_pivot_longer-4,2354000
316,nc::capture_melt_single-4,10795360
316,tidyr::pivot_longer-4,12310280
316,tidyr::gather-4,41569680
316,tidyr::gather-0,15226360
316,data.table::melt-4,3388200
316,tidyr::gather-0,16213840
316,tidyr::gather-0,17006680
316,data.table::melt-4,3332040
316,data.table::melt-4,3244520
316,nc::capture_melt_single-4,30122120
1000,tidyr::pivot_longer-4,16470120
1000,stats::reshape-0,110912240
1000,data.table::melt-4,3596480
1000,data.table::melt-0,1401360
1000,reshape2::melt-4,89288440
1000,stats::reshape-0,100910360
1000,tidyr::gather-4,113783080
1000,tidyr::gather-4,160538200
1000,tidyr::pivot_longer-4,49704280
1000,tidyr::gather-0,20675360
1000,tidyr::pivot_longer-0,16016800
1000,cdata::unpivot_to_blocks-0,95107680
1000,nc::capture_melt_single-0,12503240
1000,tidyfast::dt_pivot_longer-4,4856680
1000,utils::stack-4,620440760
1000,tidyr::gather-4,164069920
1000,tidyfast::dt_pivot_longer-0,1655120
1000,data.table::melt-4,3493600
1000,utils::stack-0,5435200
1000,utils::stack-0,5540440
1000,cdata::unpivot_to_blocks-4,663874640
1000,tidyr::pivot_longer-4,16465960
1000,tidyr::gather-0,21222560
1000,tidyfast::dt_pivot_longer-4,4506440
1000,tidyr::pivot_longer-0,17311880
1000,cdata::unpivot_to_blocks-0,116732440
1000,reshape2::melt-0,11236480
1000,utils::stack-4,601661080
1000,stats::reshape-4,735053400
1000,nc::capture_melt_single-0,11685760
1000,data.table::melt-4,3629880
1000,stats::reshape-0,159210760
1000,utils::stack-0,7906040
1000,nc::capture_melt_single-0,16460680
1000,tidyr::gather-0,69296600
1000,nc::capture_melt_single-0,12026000
1000,utils::stack-4,580324080
1000,tidyr::gather-0,29944080
1000,tidyfast::dt_pivot_longer-4,6361040
1000,stats::reshape-0,140018360
1000,cdata::unpivot_to_blocks-4,690742440
1000,data.table::melt-0,1702280
1000,tidyr::gather-0,38591200
1000,data.table::melt-0,1722880
1000,data.table::melt-4,3612360
1000,reshape2::melt-4,111677600
1000,tidyr::gather-4,138502720
1000,utils::stack-0,18502360
1000,tidyfast::dt_pivot_longer-4,4542400
1000,stats::reshape-4,840176320
1000,tidyr::gather-0,21123160
1000,reshape2::melt-0,7928000
1000,reshape2::melt-4,123188960
1000,tidyr::gather-4,123918560
1000,nc::capture_melt_single-0,11452320
1000,stats::reshape-0,119849560
1000,cdata::unpivot_to_blocks-4,730324400
1000,nc::capture_melt_single-4,12584120
1000,stats::reshape-4,675326360
1000,nc::capture_melt_single-0,11523000
1000,tidyfast::dt_pivot_longer-4,4378360
1000,tidyfast::dt_pivot_longer-0,1643120
1000,tidyr::pivot_longer-0,15964880
1000,reshape2::melt-4,129986360
1000,data.table::melt-4,5115000
1000,cdata::unpivot_to_blocks-0,130718560
1000,cdata::unpivot_to_blocks-0,93888040
1000,tidyfast::dt_pivot_longer-4,6337000
1000,reshape2::melt-0,11183160
1000,tidyr::pivot_longer-4,23359440
1000,data.table::melt-0,2188600
1000,reshape2::melt-0,28937400
1000,nc::capture_melt_single-4,17908440
1000,stats::reshape-4,687340480
1000,nc::capture_melt_single-4,17972560
1000,cdata::unpivot_to_blocks-4,681298920
1000,utils::stack-0,5174000
1000,utils::stack-4,584047040
1000,data.table::melt-0,14504160
1000,tidyr::gather-4,114347920
1000,cdata::unpivot_to_blocks-4,702307240
1000,stats::reshape-4,746070560
1000,tidyr::pivot_longer-0,15854680
1000,nc::capture_melt_single-0,12534120
1000,nc::capture_melt_single-4,13145480
1000,cdata::unpivot_to_blocks-4,767741000
1000,nc::capture_melt_single-4,12733600
1000,utils::stack-0,5712560
1000,reshape2::melt-4,108631160
1000,tidyr::gather-0,30184840
1000,nc::capture_melt_single-4,18165960
1000,cdata::unpivot_to_blocks-0,149174360
1000,utils::stack-0,5612280
1000,tidyr::pivot_longer-4,17090480
1000,tidyr::pivot_longer-4,16737080
1000,tidyfast::dt_pivot_longer-0,1671600
1000,data.table::melt-0,1450360
1000,tidyr::gather-4,121361720
1000,reshape2::melt-4,129918200
1000,tidyr::gather-0,26151600
1000,utils::stack-0,23579000
1000,nc::capture_melt_single-4,12884960
1000,reshape2::melt-0,7930280
1000,nc::capture_melt_single-0,11846560
1000,tidyr::pivot_longer-0,15704360
1000,utils::stack-4,598363080
1000,tidyr::gather-0,22691760
1000,tidyfast::dt_pivot_longer-0,1791360
1000,data.table::melt-0,1409520
1000,tidyr::gather-4,105875600
1000,data.table::melt-4,5106280
1000,tidyfast::dt_pivot_longer-0,2285680
1000,tidyfast::dt_pivot_longer-0,15236040
1000,data.table::melt-0,2263160
1000,cdata::unpivot_to_blocks-0,132719080
1000,cdata::unpivot_to_blocks-4,620298080
1000,reshape2::melt-4,254286320
1000,stats::reshape-4,726101400
1000,tidyr::pivot_longer-4,16659520
1000,tidyr::pivot_longer-4,16576920
1000,nc::capture_melt_single-4,13341480
1000,stats::reshape-4,680685840
1000,stats::reshape-4,765336880
1000,cdata::unpivot_to_blocks-0,127258240
1000,nc::capture_melt_single-4,12559960
1000,tidyfast::dt_pivot_longer-0,1693360
1000,stats::reshape-0,141599440
1000,stats::reshape-0,130194560
1000,stats::reshape-0,150040360
1000,tidyr::gather-4,152295640
1000,data.table::melt-0,2075200
1000,nc::capture_melt_single-0,16390120
1000,data.table::melt-0,1995040
1000,tidyr::pivot_longer-0,21402720
1000,stats::reshape-0,114212120
1000,reshape2::melt-0,8193440
1000,tidyr::pivot_longer-0,15873880
1000,utils::stack-4,616121560
1000,utils::stack-4,631631120
1000,tidyr::pivot_longer-4,20930920
1000,tidyr::pivot_longer-0,16315720
1000,cdata::unpivot_to_blocks-4,708936840
1000,utils::stack-0,5253320
1000,tidyr::gather-0,20866520
1000,stats::reshape-4,711309800
1000,tidyfast::dt_pivot_longer-4,6320960
1000,reshape2::melt-4,131044240
1000,cdata::unpivot_to_blocks-4,678885600
1000,tidyr::gather-4,162117160
1000,tidyr::pivot_longer-0,22437760
1000,tidyr::pivot_longer-4,23370920
1000,data.table::melt-4,4367040
1000,tidyfast::dt_pivot_longer-4,4398440
1000,stats::reshape-0,279322360
1000,utils::stack-4,611763360
1000,reshape2::melt-0,11087720
1000,cdata::unpivot_to_blocks-0,101097640
1000,utils::stack-4,591905520
1000,reshape2::melt-4,137083920
1000,cdata::unpivot_to_blocks-0,128714680
1000,tidyfast::dt_pivot_longer-4,4523600
1000,tidyfast::dt_pivot_longer-0,1682000
1000,nc::capture_melt_single-0,11540600
1000,data.table::melt-4,3561480
1000,tidyfast::dt_pivot_longer-4,4346680
1000,cdata::unpivot_to_blocks-4,681006560
1000,tidyfast::dt_pivot_longer-0,18160600
1000,tidyr::pivot_longer-0,15518320
1000,data.table::melt-4,3581920
1000,reshape2::melt-4,88348960
1000,reshape2::melt-0,7771240
1000,utils::stack-4,623450240
1000,nc::capture_melt_single-4,12711920
1000,cdata::unpivot_to_blocks-0,146351200
1000,stats::reshape-4,688441600
1000,utils::stack-0,19103000
1000,reshape2::melt-0,7954200
1000,reshape2::melt-0,8252720
1000,tidyfast::dt_pivot_longer-0,1766720
1000,data.table::melt-4,3545960
3162,reshape2::melt-0,20884160
3162,utils::stack-4,1764844400
3162,utils::stack-0,30066600
3162,nc::capture_melt_single-0,24072760
3162,tidyr::gather-0,58624640
3162,cdata::unpivot_to_blocks-4,2221537360
3162,nc::capture_melt_single-0,17200520
3162,stats::reshape-0,460263800
3162,tidyfast::dt_pivot_longer-4,16178920
3162,utils::stack-0,67090840
3162,tidyr::gather-0,138852760
3162,tidyfast::dt_pivot_longer-0,4032200
3162,tidyr::pivot_longer-0,29409200
3162,data.table::melt-4,8254200
3162,utils::stack-0,24627720
3162,utils::stack-0,10607960
3162,tidyfast::dt_pivot_longer-4,11659840
3162,cdata::unpivot_to_blocks-0,551550520
3162,tidyr::gather-0,54202680
3162,tidyfast::dt_pivot_longer-4,11508000
3162,tidyfast::dt_pivot_longer-0,4134760
3162,stats::reshape-4,2152778080
3162,utils::stack-4,1812511960
3162,utils::stack-0,64460200
3162,reshape2::melt-0,20603720
3162,tidyr::pivot_longer-0,54031200
3162,cdata::unpivot_to_blocks-0,381183640
3162,utils::stack-4,1992412200
3162,reshape2::melt-0,21353640
3162,stats::reshape-0,373678160
3162,stats::reshape-0,348099720
3162,nc::capture_melt_single-0,23790080
3162,cdata::unpivot_to_blocks-4,2213804560
3162,utils::stack-0,10714680
3162,stats::reshape-4,2317177160
3162,cdata::unpivot_to_blocks-0,467644520
3162,tidyfast::dt_pivot_longer-4,11864480
3162,nc::capture_melt_single-0,17220600
3162,cdata::unpivot_to_blocks-4,2195965360
3162,data.table::melt-0,3402040
3162,nc::capture_melt_single-0,17504120
3162,nc::capture_melt_single-0,45535840
3162,reshape2::melt-0,20307640
3162,data.table::melt-0,3487200
3162,tidyfast::dt_pivot_longer-0,35204720
3162,reshape2::melt-0,20189720
3162,stats::reshape-0,522978760
3162,stats::reshape-4,2113056280
3162,nc::capture_melt_single-4,19302440
3162,tidyr::pivot_longer-0,28951160
3162,reshape2::melt-0,60986680
3162,data.table::melt-4,8455800
3162,utils::stack-0,10741160
3162,tidyfast::dt_pivot_longer-0,4568560
3162,cdata::unpivot_to_blocks-0,438912720
3162,utils::stack-4,1923263760
3162,nc::capture_melt_single-4,27167320
3162,tidyr::pivot_longer-0,231821400
3162,reshape2::melt-4,353236560
3162,reshape2::melt-4,360953000
3162,stats::reshape-4,2125774040
3162,reshape2::melt-4,399295280
3162,stats::reshape-0,513702360
3162,tidyfast::dt_pivot_longer-0,5446360
3162,cdata::unpivot_to_blocks-0,319915560
3162,tidyr::gather-4,385324520
3162,stats::reshape-4,2129477240
3162,data.table::melt-0,4702400
3162,utils::stack-4,1932158640
3162,tidyr::pivot_longer-4,29920600
3162,tidyr::gather-0,53218680
3162,data.table::melt-4,8916440
3162,data.table::melt-0,4113040
3162,data.table::melt-4,32142440
3162,tidyfast::dt_pivot_longer-4,13346160
3162,tidyr::gather-4,418515520
3162,data.table::melt-4,11847520
3162,tidyfast::dt_pivot_longer-4,16421920
3162,stats::reshape-4,2097315520
3162,utils::stack-0,64964160
3162,tidyr::pivot_longer-0,77929640
3162,utils::stack-4,1850626680
3162,stats::reshape-4,2170971200
3162,data.table::melt-0,203753120
3162,nc::capture_melt_single-4,19246760
3162,tidyr::pivot_longer-4,29537920
3162,cdata::unpivot_to_blocks-0,266001880
3162,tidyr::pivot_longer-0,47634720
3162,tidyr::pivot_longer-4,77845840
3162,cdata::unpivot_to_blocks-4,2159044400
3162,reshape2::melt-4,402072680
3162,tidyfast::dt_pivot_longer-0,5606600
3162,cdata::unpivot_to_blocks-4,2103949200
3162,tidyr::gather-0,130426600
3162,tidyfast::dt_pivot_longer-0,3986920
3162,utils::stack-4,1793401800
3162,reshape2::melt-0,52082080
3162,data.table::melt-4,11873880
3162,tidyr::gather-4,405193000
3162,tidyr::gather-4,577479040
3162,tidyr::pivot_longer-4,41444840
3162,nc::capture_melt_single-4,26893920
3162,tidyfast::dt_pivot_longer-4,16173760
3162,tidyr::pivot_longer-4,36178040
3162,nc::capture_melt_single-0,17054760
3162,cdata::unpivot_to_blocks-0,337036880
3162,tidyfast::dt_pivot_longer-4,11583800
3162,nc::capture_melt_single-4,19940040
3162,utils::stack-4,1995646360
3162,tidyr::gather-0,77069640
3162,tidyr::pivot_longer-0,40326560
3162,tidyfast::dt_pivot_longer-0,5617640
3162,stats::reshape-4,2190549560
3162,stats::reshape-0,315424120
3162,tidyr::pivot_longer-4,29589880
3162,cdata::unpivot_to_blocks-4,2179099040
3162,cdata::unpivot_to_blocks-4,2209906880
3162,reshape2::melt-4,380741840
3162,cdata::unpivot_to_blocks-4,2299815000
3162,data.table::melt-0,4806640
3162,tidyr::gather-4,403435880
3162,stats::reshape-0,430183160
3162,reshape2::melt-0,20252960
3162,data.table::melt-0,3470680
3162,nc::capture_melt_single-4,58235760
3162,reshape2::melt-4,345225520
3162,tidyr::pivot_longer-4,131000680
3162,stats::reshape-4,2146626560
3162,tidyr::gather-0,98434280
3162,tidyfast::dt_pivot_longer-0,4024320
3162,tidyr::gather-4,432077080
3162,data.table::melt-0,4711120
3162,nc::capture_melt_single-4,27061400
3162,reshape2::melt-4,400440480
3162,tidyr::gather-0,53763640
3162,tidyfast::dt_pivot_longer-4,230577920
3162,reshape2::melt-4,341107520
3162,utils::stack-0,10534640
3162,utils::stack-0,10614720
3162,stats::reshape-0,336262800
3162,data.table::melt-4,64073360
3162,tidyfast::dt_pivot_longer-0,4004680
3162,cdata::unpivot_to_blocks-4,2102774720
3162,utils::stack-4,1881693160
3162,nc::capture_melt_single-0,22524880
3162,data.table::melt-4,107620760
3162,tidyr::pivot_longer-4,31506160
3162,tidyr::gather-4,400538280
3162,reshape2::melt-4,372841440
3162,data.table::melt-0,4758120
3162,reshape2::melt-4,566228680
3162,tidyr::pivot_longer-0,40141040
3162,nc::capture_melt_single-0,24506120
3162,data.table::melt-0,4768000
3162,reshape2::melt-0,28090880
3162,tidyr::gather-0,59272320
3162,tidyr::pivot_longer-0,43731520
3162,utils::stack-4,1834988840
3162,cdata::unpivot_to_blocks-0,334264120
3162,nc::capture_melt_single-0,20249720
3162,tidyr::pivot_longer-0,72704000
3162,data.table::melt-4,11764440
3162,tidyr::gather-0,115775840
3162,tidyfast::dt_pivot_longer-4,11673760
3162,data.table::melt-4,8453840
3162,reshape2::melt-0,20591720
3162,tidyr::pivot_longer-4,44178120
3162,cdata::unpivot_to_blocks-0,319108560
3162,stats::reshape-4,2170935680
3162,cdata::unpivot_to_blocks-0,488571120
3162,nc::capture_melt_single-4,264229760
3162,stats::reshape-0,338858280
3162,nc::capture_melt_single-4,18927280
3162,tidyr::gather-4,388891000
3162,nc::capture_melt_single-4,19074760
3162,tidyr::pivot_longer-4,86453200
3162,tidyr::gather-4,410196440
3162,stats::reshape-0,309015160
3162,cdata::unpivot_to_blocks-4,2093476640
3162,tidyr::gather-4,467535000
10000,reshape2::melt-4,1100107920
10000,data.table::melt-4,25000560
10000,nc::capture_melt_single-4,53369880
10000,stats::reshape-0,1631739800
10000,tidyr::gather-4,1266061400
10000,data.table::melt-4,33733040
10000,reshape2::melt-4,1179121160
10000,reshape2::melt-0,268166680
10000,tidyr::gather-4,1266859600
10000,tidyr::pivot_longer-4,110988840
10000,utils::stack-0,41727040
10000,tidyfast::dt_pivot_longer-0,11349000
10000,data.table::melt-4,24151520
10000,tidyfast::dt_pivot_longer-4,33789040
10000,utils::stack-0,46765200
10000,data.table::melt-4,33371880
10000,cdata::unpivot_to_blocks-0,1342352640
10000,nc::capture_melt_single-4,39330040
10000,tidyfast::dt_pivot_longer-0,11689560
10000,tidyfast::dt_pivot_longer-0,11254360
10000,data.table::melt-0,12467800
10000,stats::reshape-0,1242178440
10000,tidyr::gather-0,532822800
10000,tidyr::pivot_longer-0,132856120
10000,tidyfast::dt_pivot_longer-0,11120320
10000,reshape2::melt-4,1421282000
10000,cdata::unpivot_to_blocks-0,1097788520
10000,reshape2::melt-0,86611600
10000,data.table::melt-0,9707360
10000,tidyfast::dt_pivot_longer-4,95749360
10000,tidyr::pivot_longer-4,97738200
10000,reshape2::melt-4,1254918200
10000,tidyr::pivot_longer-0,70739240
10000,nc::capture_melt_single-0,60118640
10000,utils::stack-0,25870760
10000,tidyr::pivot_longer-4,317126200
10000,tidyfast::dt_pivot_longer-0,11188160
10000,nc::capture_melt_single-4,43278240
10000,tidyr::gather-0,195398320
10000,tidyr::pivot_longer-4,89497240
10000,tidyfast::dt_pivot_longer-0,15427360
10000,stats::reshape-0,1441082560
10000,data.table::melt-0,9811840
10000,reshape2::melt-0,144406120
10000,tidyr::gather-0,543979840
10000,cdata::unpivot_to_blocks-0,1266693120
10000,reshape2::melt-4,1151927560
10000,data.table::melt-4,32797480
10000,tidyr::pivot_longer-4,129685280
10000,stats::reshape-0,1603121400
10000,tidyfast::dt_pivot_longer-0,15734720
10000,tidyr::pivot_longer-4,180148520
10000,cdata::unpivot_to_blocks-0,1335219360
10000,tidyr::gather-0,234736280
10000,tidyr::gather-4,1608138840
10000,data.table::melt-0,13542520
10000,reshape2::melt-0,80790480
10000,reshape2::melt-0,116557240
10000,data.table::melt-0,9857080
10000,cdata::unpivot_to_blocks-0,1230538000
10000,stats::reshape-0,1488792640
10000,nc::capture_melt_single-4,579249320
10000,tidyfast::dt_pivot_longer-4,34390520
10000,utils::stack-0,28587880
10000,nc::capture_melt_single-0,45563280
10000,tidyr::pivot_longer-0,69845720
10000,tidyr::gather-0,214989720
10000,tidyr::pivot_longer-0,173150120
10000,nc::capture_melt_single-4,56553480
10000,tidyfast::dt_pivot_longer-4,53287760
10000,tidyr::gather-4,1763814680
10000,nc::capture_melt_single-4,86756800
10000,stats::reshape-0,1414465680
10000,tidyr::gather-0,436488920
10000,utils::stack-0,27430600
10000,tidyr::gather-0,191991760
10000,nc::capture_melt_single-4,107762360
10000,cdata::unpivot_to_blocks-0,1198575520
10000,nc::capture_melt_single-0,34620080
10000,tidyfast::dt_pivot_longer-4,34495560
10000,tidyr::gather-4,1247831480
10000,data.table::melt-4,408981200
10000,tidyr::gather-4,986122120
10000,tidyr::gather-0,196991520
10000,tidyfast::dt_pivot_longer-4,41461280
10000,cdata::unpivot_to_blocks-0,948176200
10000,nc::capture_melt_single-0,35620520
10000,data.table::melt-0,9776160
10000,reshape2::melt-0,149630440
10000,tidyfast::dt_pivot_longer-4,48262520
10000,reshape2::melt-0,104450880
10000,nc::capture_melt_single-0,169130120
10000,utils::stack-0,26354840
10000,tidyr::pivot_longer-0,68270480
10000,tidyr::pivot_longer-4,71841720
10000,reshape2::melt-4,997766800
10000,reshape2::melt-4,1001272840
10000,stats::reshape-0,1122219040
10000,tidyfast::dt_pivot_longer-4,33982480
10000,stats::reshape-0,1340148520
10000,data.table::melt-4,23638040
10000,tidyr::gather-4,1010688920
10000,tidyr::gather-4,1252737480
10000,tidyr::pivot_longer-0,76109960
10000,nc::capture_melt_single-0,119806280
10000,tidyfast::dt_pivot_longer-4,42201840
10000,utils::stack-0,34723440
10000,tidyfast::dt_pivot_longer-0,210642480
10000,utils::stack-0,26635400
10000,utils::stack-0,27167400
10000,reshape2::melt-4,1010725800
10000,tidyfast::dt_pivot_longer-4,113747840
10000,data.table::melt-4,23684440
10000,stats::reshape-0,935312680
10000,data.table::melt-0,10270200
10000,reshape2::melt-0,178173960
10000,nc::capture_melt_single-4,40656720
10000,tidyr::pivot_longer-0,71390960
10000,cdata::unpivot_to_blocks-0,1592558400
10000,nc::capture_melt_single-0,35211200
10000,tidyr::pivot_longer-4,72831960
10000,tidyr::gather-4,1108253920
10000,tidyr::gather-4,1110221680
10000,tidyfast::dt_pivot_longer-0,11501720
10000,tidyr::pivot_longer-0,68780760
10000,data.table::melt-0,9605000
10000,data.table::melt-0,10125840
10000,nc::capture_melt_single-0,56853200
10000,reshape2::melt-0,71935720
10000,utils::stack-0,57767240
10000,tidyr::pivot_longer-4,74575320
10000,data.table::melt-4,47520280
10000,tidyr::pivot_longer-4,70265760
10000,data.table::melt-4,23569080
10000,nc::capture_melt_single-0,35810480
10000,stats::reshape-0,990451480
10000,nc::capture_melt_single-4,160044680
10000,reshape2::melt-0,277113080
10000,cdata::unpivot_to_blocks-0,1281480360
10000,tidyr::gather-0,167765200
10000,reshape2::melt-4,993889360
10000,nc::capture_melt_single-0,35218200
10000,cdata::unpivot_to_blocks-0,1005220760
10000,nc::capture_melt_single-4,39465160
10000,reshape2::melt-4,951122360
10000,tidyr::pivot_longer-0,106393200
10000,tidyfast::dt_pivot_longer-0,11879400
10000,tidyr::gather-0,415060160
10000,tidyr::pivot_longer-0,68557880
10000,data.table::melt-0,9672080
31622,tidyr::gather-0,554421200
31622,data.table::melt-4,72066200
31622,tidyr::gather-0,614651880
31622,data.table::melt-4,91143600
31622,utils::stack-0,93590000
31622,tidyfast::dt_pivot_longer-4,345814560
31622,nc::capture_melt_single-0,89941960
31622,utils::stack-0,82062920
31622,data.table::melt-4,91299480
31622,reshape2::melt-4,3280875160
31622,tidyr::gather-0,849321920
31622,reshape2::melt-4,3055357120
31622,tidyfast::dt_pivot_longer-4,142977560
31622,nc::capture_melt_single-4,103545680
31622,data.table::melt-4,95703000
31622,tidyr::pivot_longer-0,258115480
31622,tidyr::gather-0,727650440
31622,tidyr::gather-0,639965680
31622,tidyfast::dt_pivot_longer-0,215875040
31622,nc::capture_melt_single-4,102844040
31622,reshape2::melt-4,2931336760
31622,tidyr::gather-4,3484205920
31622,tidyr::gather-4,3422369320
31622,data.table::melt-0,49748120
31622,tidyfast::dt_pivot_longer-4,386977120
31622,tidyr::gather-4,3239811360
31622,tidyr::gather-4,3654394240
31622,tidyr::gather-4,3432801640
31622,nc::capture_melt_single-0,292425760
31622,tidyr::gather-0,586187000
31622,nc::capture_melt_single-0,109731200
31622,reshape2::melt-0,245060640
31622,reshape2::melt-4,3257055200
31622,tidyr::gather-4,3279366640
31622,nc::capture_melt_single-4,102571720
31622,reshape2::melt-0,244331240
31622,tidyfast::dt_pivot_longer-0,36561840
31622,tidyr::gather-0,596216000
31622,tidyr::pivot_longer-4,426937360
31622,nc::capture_melt_single-0,89320160
31622,nc::capture_melt_single-4,103181040
31622,nc::capture_melt_single-4,131763520
31622,nc::capture_melt_single-0,89307000
31622,nc::capture_melt_single-0,89626560
31622,nc::capture_melt_single-0,116137160
31622,tidyr::pivot_longer-4,250301360
31622,tidyr::pivot_longer-0,256621320
31622,reshape2::melt-4,3077298640
31622,reshape2::melt-4,3093899640
31622,tidyr::gather-4,3625405720
31622,tidyr::gather-0,556463680
31622,tidyr::gather-4,3674988640
31622,reshape2::melt-0,178784880
31622,tidyr::gather-0,557151080
31622,tidyr::gather-4,3241971920
31622,nc::capture_melt_single-4,127373880
31622,tidyfast::dt_pivot_longer-0,34904520
31622,tidyfast::dt_pivot_longer-0,34819000
31622,data.table::melt-0,102881280
31622,tidyr::pivot_longer-0,428763240
31622,reshape2::melt-4,3053358280
31622,tidyfast::dt_pivot_longer-4,108678720
31622,reshape2::melt-4,3028183200
31622,data.table::melt-0,29842280
31622,utils::stack-0,123577560
31622,nc::capture_melt_single-4,146403240
31622,tidyr::pivot_longer-0,208607560
31622,tidyfast::dt_pivot_longer-4,109758000
31622,utils::stack-0,131137280
31622,tidyr::pivot_longer-0,212619160
31622,reshape2::melt-0,215292640
31622,reshape2::melt-4,3029996520
31622,tidyr::pivot_longer-4,261650240
31622,nc::capture_melt_single-4,138712880
31622,tidyfast::dt_pivot_longer-0,35077120
31622,tidyr::pivot_longer-0,426177480
31622,tidyfast::dt_pivot_longer-4,106944080
31622,tidyr::pivot_longer-4,217982840
31622,utils::stack-0,83257560
31622,data.table::melt-4,102770720
31622,utils::stack-0,76425200
31622,data.table::melt-0,29751880
31622,data.table::melt-0,29751000
31622,data.table::melt-0,29679840
31622,tidyr::pivot_longer-0,231077520
31622,data.table::melt-0,29388960
31622,tidyr::pivot_longer-4,253991320
31622,tidyfast::dt_pivot_longer-4,159130880
31622,data.table::melt-0,29939480
31622,tidyr::pivot_longer-4,215164320
31622,tidyfast::dt_pivot_longer-4,107868200
31622,tidyfast::dt_pivot_longer-0,63811640
31622,reshape2::melt-0,219321840
31622,nc::capture_melt_single-0,89529080
31622,tidyr::pivot_longer-0,252325000
31622,nc::capture_melt_single-0,111973160
31622,tidyr::pivot_longer-4,253847880
31622,utils::stack-0,79458160
31622,data.table::melt-0,243700960
31622,data.table::melt-4,72269680
31622,data.table::melt-4,71023920
31622,utils::stack-0,75556560
31622,tidyfast::dt_pivot_longer-0,34841200
31622,utils::stack-0,75387280
31622,tidyr::pivot_longer-0,237119840
31622,tidyfast::dt_pivot_longer-0,34618760
31622,tidyr::pivot_longer-4,216464120
31622,tidyfast::dt_pivot_longer-0,34603960
31622,tidyfast::dt_pivot_longer-4,136279680
31622,tidyfast::dt_pivot_longer-4,107228560
31622,tidyr::gather-0,651224560
31622,nc::capture_melt_single-4,103351120
31622,reshape2::melt-0,270644200
31622,tidyr::gather-4,3434575920
31622,tidyr::pivot_longer-4,233172080
31622,data.table::melt-4,70899120
31622,reshape2::melt-0,214392600
31622,data.table::melt-4,109243440
31622,tidyr::pivot_longer-0,524422760
31622,reshape2::melt-0,176495360
31622,reshape2::melt-0,216914720
31622,tidyfast::dt_pivot_longer-0,34489560
31622,reshape2::melt-4,2906896040
31622,reshape2::melt-0,178350520
31622,tidyr::pivot_longer-4,288410320
31622,nc::capture_melt_single-0,90534120
31622,utils::stack-0,77035440
31622,nc::capture_melt_single-4,130281600
31622,data.table::melt-4,71810960
31622,data.table::melt-0,29557480
100000,utils::stack-0,279586520
100000,tidyr::gather-4,10398284640
100000,nc::capture_melt_single-0,576072120
100000,reshape2::melt-0,1022698640
100000,reshape2::melt-4,9943251160
100000,data.table::melt-4,258627440
100000,tidyfast::dt_pivot_longer-0,116812120
100000,utils::stack-0,424889000
100000,reshape2::melt-0,955223760
100000,utils::stack-0,313141440
100000,tidyr::pivot_longer-0,805660320
100000,tidyr::pivot_longer-4,850735720
100000,utils::stack-0,563290960
100000,tidyr::pivot_longer-0,855485080
100000,tidyr::pivot_longer-0,805151400
100000,data.table::melt-0,119493960
100000,tidyr::gather-4,10611793280
100000,tidyr::pivot_longer-4,879792480
100000,data.table::melt-0,227167880
100000,reshape2::melt-4,10091437200
100000,reshape2::melt-4,9700123440
100000,data.table::melt-0,100918080
100000,nc::capture_melt_single-0,278843800
100000,nc::capture_melt_single-0,312729720
100000,data.table::melt-0,179302920
100000,nc::capture_melt_single-4,311284280
100000,tidyr::gather-4,10782463760
100000,reshape2::melt-4,9741536640
100000,tidyfast::dt_pivot_longer-4,743460800
100000,data.table::melt-4,226961720
100000,nc::capture_melt_single-4,320656040
100000,nc::capture_melt_single-0,274906720
100000,tidyfast::dt_pivot_longer-4,439935840
100000,utils::stack-0,268821200
100000,tidyr::gather-0,1790760800
100000,tidyr::gather-0,2396101800
100000,reshape2::melt-0,749414040
100000,tidyr::pivot_longer-4,902990960
100000,tidyfast::dt_pivot_longer-4,394910200
100000,reshape2::melt-4,10127193280
100000,nc::capture_melt_single-4,311891040
100000,tidyr::gather-0,2329263760
100000,utils::stack-0,373783360
100000,data.table::melt-0,93337920
100000,tidyfast::dt_pivot_longer-4,348286520
100000,data.table::melt-4,276822920
100000,data.table::melt-4,226520400
100000,tidyfast::dt_pivot_longer-4,471877920
100000,utils::stack-0,675372880
100000,tidyr::gather-0,1729524320
100000,tidyr::pivot_longer-4,869996120
100000,tidyr::pivot_longer-0,888463320
100000,tidyr::pivot_longer-0,855275120
100000,tidyfast::dt_pivot_longer-0,154001280
100000,tidyr::gather-0,2237172680
100000,tidyr::gather-0,2332150720
100000,reshape2::melt-0,677814600
100000,data.table::melt-4,307344640
100000,tidyr::gather-4,10806639080
100000,tidyr::pivot_longer-4,885911720
100000,data.table::melt-0,94235120
100000,reshape2::melt-0,1143163960
100000,data.table::melt-4,227469800
100000,nc::capture_melt_single-0,270459840
100000,tidyfast::dt_pivot_longer-0,110343800
100000,nc::capture_melt_single-4,336956720
100000,tidyr::gather-4,10252113360
100000,nc::capture_melt_single-0,315747920
100000,data.table::melt-4,387997640
100000,tidyr::gather-4,10693278800
100000,data.table::melt-0,94421160
100000,tidyfast::dt_pivot_longer-0,109049360
100000,tidyfast::dt_pivot_longer-0,110234280
100000,nc::capture_melt_single-4,318134080
100000,tidyr::gather-4,10256954920
100000,tidyr::gather-0,2354515680
100000,tidyr::pivot_longer-4,771795320
100000,nc::capture_melt_single-4,311627160
100000,tidyr::gather-0,1824411440
100000,reshape2::melt-4,10173982520
100000,tidyr::pivot_longer-4,769518400
100000,tidyr::pivot_longer-0,747958160
100000,utils::stack-0,266454160
100000,tidyr::gather-4,10276584160
100000,utils::stack-0,269476760
100000,reshape2::melt-4,9229540560
100000,tidyr::gather-0,1980939040
100000,tidyfast::dt_pivot_longer-4,344923200
100000,data.table::melt-4,270292080
100000,tidyr::pivot_longer-4,1246557880
100000,utils::stack-0,254854040
100000,tidyr::pivot_longer-4,776229560
100000,reshape2::melt-0,789328400
100000,nc::capture_melt_single-4,310817400
100000,tidyfast::dt_pivot_longer-0,108739520
100000,nc::capture_melt_single-0,319201520
100000,tidyr::pivot_longer-0,1233184200
100000,reshape2::melt-4,9622878840
100000,nc::capture_melt_single-0,270603600
100000,tidyfast::dt_pivot_longer-0,109443360
100000,tidyfast::dt_pivot_longer-0,180356800
100000,tidyfast::dt_pivot_longer-4,345182200
100000,tidyr::gather-4,10215946880
100000,nc::capture_melt_single-4,345500840
100000,nc::capture_melt_single-4,457061360
100000,tidyfast::dt_pivot_longer-0,109776280
100000,tidyr::pivot_longer-0,745925760
100000,reshape2::melt-0,1162295280
100000,data.table::melt-4,227962360
100000,reshape2::melt-4,9770470560
100000,data.table::melt-4,286523360
100000,tidyr::gather-0,1746440120
100000,tidyfast::dt_pivot_longer-4,343225360
100000,tidyr::pivot_longer-0,828463120
100000,nc::capture_melt_single-0,381535320
100000,data.table::melt-0,94029960
100000,reshape2::melt-0,675528040
100000,reshape2::melt-0,706529200
100000,data.table::melt-0,96150240
100000,data.table::melt-0,126413880
100000,reshape2::melt-4,10002231880
100000,reshape2::melt-0,586584800
100000,tidyfast::dt_pivot_longer-4,390509520
100000,tidyr::pivot_longer-4,763989760
100000,tidyr::pivot_longer-0,845511520
100000,tidyfast::dt_pivot_longer-0,113809680
100000,nc::capture_melt_single-4,310124000
100000,nc::capture_melt_single-0,266206440
100000,tidyr::gather-4,10481356040
100000,tidyfast::dt_pivot_longer-4,387357000
