N.rep,N.col,expr,time
0,9,cdata::rowrecs_to_blocks,58053440
0,9,nc::capture_melt_multiple,19469320
0,9,cdata::rowrecs_to_blocks,27313200
0,9,nc::capture_melt_multiple,11740160
0,9,stats::reshape,19887680
0,9,stats::reshape,16388480
0,9,cdata::rowrecs_to_blocks,27016640
0,9,stats::reshape,16359440
0,9,nc::capture_melt_multiple,11831960
0,9,stats::reshape,16494440
0,9,cdata::rowrecs_to_blocks,41044560
0,9,nc::capture_melt_multiple,11354920
0,9,tidyr::pivot_longer,53548080
0,9,cdata::rowrecs_to_blocks,26973640
0,9,cdata::rowrecs_to_blocks,26402360
0,9,data.table::melt,2355200
0,9,nc::capture_melt_multiple,11238560
0,9,tidyr::pivot_longer,16459160
0,9,stats::reshape,16381760
0,9,tidyr::pivot_longer,10514280
0,9,tidyr::pivot_longer,10187480
0,9,cdata::rowrecs_to_blocks,36453160
0,9,tidyr::pivot_longer,10262320
0,9,data.table::melt,1983960
0,9,data.table::melt,1821800
0,9,data.table::melt,1771320
0,9,tidyr::pivot_longer,10237480
0,9,data.table::melt,1988640
0,9,tidyr::pivot_longer,10260000
0,9,data.table::melt,2233200
0,9,data.table::melt,2101640
0,9,stats::reshape,16915840
0,9,tidyr::pivot_longer,10290320
0,9,tidyr::pivot_longer,10081000
0,9,tidyr::pivot_longer,10133840
0,9,stats::reshape,16047800
0,9,cdata::rowrecs_to_blocks,26385640
0,9,nc::capture_melt_multiple,12366280
0,9,cdata::rowrecs_to_blocks,34952080
0,9,stats::reshape,16121920
0,9,nc::capture_melt_multiple,11246040
0,9,data.table::melt,1958320
0,9,stats::reshape,16045880
0,9,nc::capture_melt_multiple,11204400
0,9,nc::capture_melt_multiple,12774800
0,9,stats::reshape,16008280
0,9,data.table::melt,1905240
0,9,cdata::rowrecs_to_blocks,26488040
0,9,nc::capture_melt_multiple,11441040
0,9,data.table::melt,2016040
1,9,nc::capture_melt_multiple,11698480
1,9,cdata::rowrecs_to_blocks,26525920
1,9,nc::capture_melt_multiple,11345680
1,9,data.table::melt,1932280
1,9,nc::capture_melt_multiple,11207680
1,9,tidyr::pivot_longer,10197600
1,9,tidyr::pivot_longer,11103560
1,9,cdata::rowrecs_to_blocks,26926200
1,9,data.table::melt,2032720
1,9,nc::capture_melt_multiple,11744000
1,9,data.table::melt,2020800
1,9,data.table::melt,1853920
1,9,stats::reshape,16581960
1,9,stats::reshape,16253640
1,9,cdata::rowrecs_to_blocks,36678920
1,9,cdata::rowrecs_to_blocks,26507640
1,9,data.table::melt,1978080
1,9,cdata::rowrecs_to_blocks,26397640
1,9,nc::capture_melt_multiple,11355240
1,9,stats::reshape,16341440
1,9,tidyr::pivot_longer,10642680
1,9,cdata::rowrecs_to_blocks,26968160
1,9,data.table::melt,2035000
1,9,stats::reshape,16388280
1,9,cdata::rowrecs_to_blocks,34755840
1,9,nc::capture_melt_multiple,12377880
1,9,cdata::rowrecs_to_blocks,26626360
1,9,tidyr::pivot_longer,10270760
1,9,tidyr::pivot_longer,10111440
1,9,stats::reshape,16062320
1,9,cdata::rowrecs_to_blocks,26926400
1,9,stats::reshape,16912160
1,9,stats::reshape,16145480
1,9,data.table::melt,1953800
1,9,tidyr::pivot_longer,10387560
1,9,tidyr::pivot_longer,10203040
1,9,stats::reshape,24402320
1,9,tidyr::pivot_longer,10219320
1,9,data.table::melt,1985840
1,9,data.table::melt,1809600
1,9,tidyr::pivot_longer,10286000
1,9,cdata::rowrecs_to_blocks,27230040
1,9,data.table::melt,2014320
1,9,tidyr::pivot_longer,10191400
1,9,nc::capture_melt_multiple,11352440
1,9,nc::capture_melt_multiple,11200320
1,9,stats::reshape,16149640
1,9,nc::capture_melt_multiple,11425440
1,9,stats::reshape,16436480
1,9,nc::capture_melt_multiple,12435080
3,17,tidyr::pivot_longer,10616440
3,17,tidyr::pivot_longer,10272560
3,17,stats::reshape,29716120
3,17,stats::reshape,29102360
3,17,tidyr::pivot_longer,10481440
3,17,stats::reshape,29159760
3,17,cdata::rowrecs_to_blocks,29022640
3,17,nc::capture_melt_multiple,12189800
3,17,data.table::melt,2036160
3,17,nc::capture_melt_multiple,11826200
3,17,data.table::melt,1961400
3,17,cdata::rowrecs_to_blocks,27926680
3,17,stats::reshape,38520560
3,17,cdata::rowrecs_to_blocks,27706720
3,17,stats::reshape,29143480
3,17,tidyr::pivot_longer,10452640
3,17,tidyr::pivot_longer,10296040
3,17,cdata::rowrecs_to_blocks,28759000
3,17,data.table::melt,2037640
3,17,data.table::melt,1902440
3,17,stats::reshape,29470400
3,17,cdata::rowrecs_to_blocks,27797320
3,17,data.table::melt,2060000
3,17,tidyr::pivot_longer,10651360
3,17,data.table::melt,2121440
3,17,nc::capture_melt_multiple,21363080
3,17,cdata::rowrecs_to_blocks,27628360
3,17,tidyr::pivot_longer,10453440
3,17,nc::capture_melt_multiple,11927080
3,17,nc::capture_melt_multiple,11817920
3,17,data.table::melt,1999400
3,17,cdata::rowrecs_to_blocks,27638360
3,17,stats::reshape,30469440
3,17,cdata::rowrecs_to_blocks,27855680
3,17,stats::reshape,38104960
3,17,cdata::rowrecs_to_blocks,28390840
3,17,tidyr::pivot_longer,10509160
3,17,data.table::melt,2039400
3,17,nc::capture_melt_multiple,11849640
3,17,tidyr::pivot_longer,10370520
3,17,data.table::melt,2027000
3,17,stats::reshape,29166400
3,17,tidyr::pivot_longer,10428520
3,17,data.table::melt,2254760
3,17,nc::capture_melt_multiple,12765520
3,17,nc::capture_melt_multiple,11851480
3,17,nc::capture_melt_multiple,11730400
3,17,stats::reshape,29687200
3,17,nc::capture_melt_multiple,12398360
3,17,cdata::rowrecs_to_blocks,43349880
10,45,tidyr::pivot_longer,11427600
10,45,stats::reshape,76394520
10,45,tidyr::pivot_longer,11241000
10,45,stats::reshape,75976080
10,45,cdata::rowrecs_to_blocks,32359360
10,45,data.table::melt,2297320
10,45,cdata::rowrecs_to_blocks,33834000
10,45,nc::capture_melt_multiple,14453480
10,45,data.table::melt,2288960
10,45,data.table::melt,2145520
10,45,stats::reshape,85680400
10,45,data.table::melt,2287520
10,45,nc::capture_melt_multiple,13808360
10,45,nc::capture_melt_multiple,13706440
10,45,tidyr::pivot_longer,11162960
10,45,stats::reshape,76415800
10,45,tidyr::pivot_longer,11283600
10,45,cdata::rowrecs_to_blocks,32213320
10,45,stats::reshape,76772200
10,45,tidyr::pivot_longer,20379880
10,45,nc::capture_melt_multiple,13959240
10,45,data.table::melt,2184000
10,45,stats::reshape,77556440
10,45,cdata::rowrecs_to_blocks,31850400
10,45,nc::capture_melt_multiple,15000880
10,45,cdata::rowrecs_to_blocks,32329000
10,45,nc::capture_melt_multiple,14338800
10,45,data.table::melt,2413200
10,45,cdata::rowrecs_to_blocks,41194440
10,45,nc::capture_melt_multiple,14780800
10,45,data.table::melt,2146680
10,45,tidyr::pivot_longer,11255920
10,45,cdata::rowrecs_to_blocks,31854720
10,45,cdata::rowrecs_to_blocks,32184920
10,45,stats::reshape,78689880
10,45,data.table::melt,2396360
10,45,nc::capture_melt_multiple,14495120
10,45,tidyr::pivot_longer,21366560
10,45,nc::capture_melt_multiple,13928960
10,45,stats::reshape,75451760
10,45,stats::reshape,76838800
10,45,data.table::melt,2306600
10,45,data.table::melt,2151160
10,45,tidyr::pivot_longer,11478600
10,45,tidyr::pivot_longer,11416000
10,45,cdata::rowrecs_to_blocks,33346840
10,45,cdata::rowrecs_to_blocks,32939680
10,45,nc::capture_melt_multiple,22752640
10,45,stats::reshape,76984560
10,45,tidyr::pivot_longer,11201680
31,129,stats::reshape,224035120
31,129,cdata::rowrecs_to_blocks,46115120
31,129,stats::reshape,234402240
31,129,stats::reshape,220923560
31,129,data.table::melt,2764200
31,129,cdata::rowrecs_to_blocks,45720920
31,129,cdata::rowrecs_to_blocks,54620360
31,129,tidyr::pivot_longer,13467720
31,129,data.table::melt,2816160
31,129,nc::capture_melt_multiple,19717320
31,129,nc::capture_melt_multiple,19266560
31,129,stats::reshape,221809640
31,129,cdata::rowrecs_to_blocks,54964160
31,129,stats::reshape,221734280
31,129,cdata::rowrecs_to_blocks,44544400
31,129,tidyr::pivot_longer,13990240
31,129,stats::reshape,233233360
31,129,nc::capture_melt_multiple,19309000
31,129,stats::reshape,224219960
31,129,stats::reshape,233087240
31,129,tidyr::pivot_longer,13999200
31,129,nc::capture_melt_multiple,21032920
31,129,cdata::rowrecs_to_blocks,45304800
31,129,data.table::melt,3087120
31,129,stats::reshape,281043040
31,129,nc::capture_melt_multiple,19167080
31,129,data.table::melt,2781640
31,129,data.table::melt,2750400
31,129,tidyr::pivot_longer,13969000
31,129,stats::reshape,276264840
31,129,nc::capture_melt_multiple,20340560
31,129,cdata::rowrecs_to_blocks,55715880
31,129,cdata::rowrecs_to_blocks,44431160
31,129,tidyr::pivot_longer,13576480
31,129,tidyr::pivot_longer,14921520
31,129,data.table::melt,2962480
31,129,tidyr::pivot_longer,14103120
31,129,nc::capture_melt_multiple,19951960
31,129,data.table::melt,2986000
31,129,data.table::melt,2800800
31,129,tidyr::pivot_longer,14124960
31,129,data.table::melt,3054200
31,129,cdata::rowrecs_to_blocks,55070080
31,129,tidyr::pivot_longer,13482600
31,129,cdata::rowrecs_to_blocks,61261880
31,129,tidyr::pivot_longer,20368080
31,129,data.table::melt,3969320
31,129,nc::capture_melt_multiple,27822680
31,129,nc::capture_melt_multiple,27459400
31,129,nc::capture_melt_multiple,19877400
100,405,stats::reshape,715220160
100,405,data.table::melt,4991000
100,405,tidyr::pivot_longer,28819520
100,405,stats::reshape,873685160
100,405,cdata::rowrecs_to_blocks,106835480
100,405,data.table::melt,4638160
100,405,tidyr::pivot_longer,20394320
100,405,stats::reshape,851082840
100,405,cdata::rowrecs_to_blocks,107952800
100,405,cdata::rowrecs_to_blocks,129678200
100,405,tidyr::pivot_longer,31028160
100,405,stats::reshape,881885520
100,405,tidyr::pivot_longer,20387000
100,405,data.table::melt,4647800
100,405,stats::reshape,888451360
100,405,cdata::rowrecs_to_blocks,106539400
100,405,stats::reshape,904077920
100,405,data.table::melt,4588520
100,405,nc::capture_melt_multiple,36982280
100,405,tidyr::pivot_longer,33394960
100,405,data.table::melt,4782760
100,405,cdata::rowrecs_to_blocks,106274520
100,405,nc::capture_melt_multiple,55300680
100,405,nc::capture_melt_multiple,67463960
100,405,nc::capture_melt_multiple,37089720
100,405,tidyr::pivot_longer,21272600
100,405,nc::capture_melt_multiple,39335960
100,405,tidyr::pivot_longer,33043120
100,405,stats::reshape,906170840
100,405,data.table::melt,6487440
100,405,tidyr::pivot_longer,20343080
100,405,tidyr::pivot_longer,21288760
100,405,data.table::melt,4656760
100,405,cdata::rowrecs_to_blocks,102587800
100,405,stats::reshape,916558760
100,405,cdata::rowrecs_to_blocks,114377960
100,405,nc::capture_melt_multiple,54060160
100,405,nc::capture_melt_multiple,53746760
100,405,nc::capture_melt_multiple,41621400
100,405,nc::capture_melt_multiple,50788600
100,405,cdata::rowrecs_to_blocks,88562120
100,405,cdata::rowrecs_to_blocks,145873280
100,405,tidyr::pivot_longer,29818080
100,405,data.table::melt,6521320
100,405,cdata::rowrecs_to_blocks,130444640
100,405,nc::capture_melt_multiple,74068480
100,405,data.table::melt,6588600
100,405,stats::reshape,854029720
100,405,data.table::melt,6409240
100,405,stats::reshape,962033360
316,1269,data.table::melt,10126280
316,1269,tidyr::pivot_longer,42441760
316,1269,tidyr::pivot_longer,42047240
316,1269,stats::reshape,3120350000
316,1269,stats::reshape,3244545920
316,1269,stats::reshape,3347085360
316,1269,data.table::melt,13249200
316,1269,data.table::melt,176828360
316,1269,nc::capture_melt_multiple,137083640
316,1269,cdata::rowrecs_to_blocks,332599600
316,1269,cdata::rowrecs_to_blocks,355631920
316,1269,cdata::rowrecs_to_blocks,348649960
316,1269,stats::reshape,3265787680
316,1269,stats::reshape,3472236200
316,1269,tidyr::pivot_longer,58817200
316,1269,tidyr::pivot_longer,64096760
316,1269,nc::capture_melt_multiple,121437520
316,1269,nc::capture_melt_multiple,161440240
316,1269,data.table::melt,16174840
316,1269,tidyr::pivot_longer,85539600
316,1269,tidyr::pivot_longer,242963000
316,1269,data.table::melt,14329280
316,1269,stats::reshape,3353509160
316,1269,tidyr::pivot_longer,59251080
316,1269,tidyr::pivot_longer,97182080
316,1269,nc::capture_melt_multiple,109237640
316,1269,nc::capture_melt_multiple,139122560
316,1269,stats::reshape,3558617840
316,1269,nc::capture_melt_multiple,136035840
316,1269,data.table::melt,10747240
316,1269,tidyr::pivot_longer,63577440
316,1269,cdata::rowrecs_to_blocks,356697480
316,1269,stats::reshape,3544403240
316,1269,stats::reshape,3288361160
316,1269,cdata::rowrecs_to_blocks,393146160
316,1269,data.table::melt,10690360
316,1269,stats::reshape,3403078200
316,1269,cdata::rowrecs_to_blocks,293286600
316,1269,cdata::rowrecs_to_blocks,373584160
316,1269,nc::capture_melt_multiple,138343720
316,1269,cdata::rowrecs_to_blocks,354866720
316,1269,cdata::rowrecs_to_blocks,536084840
316,1269,nc::capture_melt_multiple,105083240
316,1269,data.table::melt,14103480
316,1269,cdata::rowrecs_to_blocks,382051360
316,1269,nc::capture_melt_multiple,137030480
316,1269,tidyr::pivot_longer,58000800
316,1269,data.table::melt,10058000
316,1269,nc::capture_melt_multiple,108633800
316,1269,data.table::melt,10155600
1000,4005,tidyr::pivot_longer,114078560
1000,4005,tidyr::pivot_longer,126558320
1000,4005,tidyr::pivot_longer,170856840
1000,4005,data.table::melt,51383360
1000,4005,data.table::melt,39658320
1000,4005,nc::capture_melt_multiple,443346480
1000,4005,cdata::rowrecs_to_blocks,1387806840
1000,4005,tidyr::pivot_longer,186685720
1000,4005,nc::capture_melt_multiple,383796760
1000,4005,data.table::melt,73644920
1000,4005,cdata::rowrecs_to_blocks,1409097800
1000,4005,nc::capture_melt_multiple,405662080
1000,4005,cdata::rowrecs_to_blocks,1197210920
1000,4005,nc::capture_melt_multiple,408811480
1000,4005,nc::capture_melt_multiple,430734080
1000,4005,data.table::melt,238493800
1000,4005,nc::capture_melt_multiple,394039400
1000,4005,data.table::melt,38881040
1000,4005,cdata::rowrecs_to_blocks,1226474160
1000,4005,data.table::melt,40310320
1000,4005,nc::capture_melt_multiple,566527840
1000,4005,tidyr::pivot_longer,143963280
1000,4005,data.table::melt,46164960
1000,4005,cdata::rowrecs_to_blocks,1243261200
1000,4005,nc::capture_melt_multiple,387987840
1000,4005,cdata::rowrecs_to_blocks,1242092160
1000,4005,cdata::rowrecs_to_blocks,1385484720
1000,4005,cdata::rowrecs_to_blocks,1179283000
1000,4005,nc::capture_melt_multiple,382672000
1000,4005,nc::capture_melt_multiple,378004880
1000,4005,cdata::rowrecs_to_blocks,1234306520
1000,4005,data.table::melt,28088880
1000,4005,tidyr::pivot_longer,135266480
1000,4005,data.table::melt,28009240
1000,4005,tidyr::pivot_longer,213622400
1000,4005,tidyr::pivot_longer,209233800
1000,4005,tidyr::pivot_longer,320811680
1000,4005,tidyr::pivot_longer,159611120
1000,4005,data.table::melt,38792560
1000,4005,cdata::rowrecs_to_blocks,1177719160
3162,12653,data.table::melt,86993520
3162,12653,cdata::rowrecs_to_blocks,6052415920
3162,12653,data.table::melt,121119520
3162,12653,cdata::rowrecs_to_blocks,6304128320
3162,12653,data.table::melt,113756600
3162,12653,tidyr::pivot_longer,803809280
3162,12653,tidyr::pivot_longer,540700120
3162,12653,nc::capture_melt_multiple,1399632440
3162,12653,nc::capture_melt_multiple,1475848400
3162,12653,nc::capture_melt_multiple,1414951160
3162,12653,cdata::rowrecs_to_blocks,6621892160
3162,12653,cdata::rowrecs_to_blocks,6067728560
3162,12653,tidyr::pivot_longer,502714080
3162,12653,nc::capture_melt_multiple,1469851520
3162,12653,tidyr::pivot_longer,478097280
3162,12653,tidyr::pivot_longer,569158560
3162,12653,nc::capture_melt_multiple,1379369960
3162,12653,data.table::melt,122355000
3162,12653,cdata::rowrecs_to_blocks,6261949480
3162,12653,data.table::melt,121569760
3162,12653,nc::capture_melt_multiple,1176819000
3162,12653,cdata::rowrecs_to_blocks,6546043480
3162,12653,nc::capture_melt_multiple,1168515120
3162,12653,tidyr::pivot_longer,491099640
3162,12653,tidyr::pivot_longer,509467720
3162,12653,tidyr::pivot_longer,674668520
3162,12653,data.table::melt,121630400
3162,12653,data.table::melt,122279680
3162,12653,tidyr::pivot_longer,464205240
3162,12653,nc::capture_melt_multiple,1486908480
3162,12653,nc::capture_melt_multiple,1171605640
3162,12653,cdata::rowrecs_to_blocks,6259889600
3162,12653,data.table::melt,104755520
3162,12653,tidyr::pivot_longer,477647280
3162,12653,data.table::melt,130734920
3162,12653,cdata::rowrecs_to_blocks,6357061520
3162,12653,cdata::rowrecs_to_blocks,6135247280
3162,12653,cdata::rowrecs_to_blocks,5911086000
3162,12653,nc::capture_melt_multiple,1386195760
3162,12653,data.table::melt,273519800
10000,40005,tidyr::pivot_longer,1718275120
10000,40005,tidyr::pivot_longer,1699480520
10000,40005,nc::capture_melt_multiple,4240665560
10000,40005,nc::capture_melt_multiple,4287745120
10000,40005,tidyr::pivot_longer,1913922200
10000,40005,data.table::melt,438624360
10000,40005,tidyr::pivot_longer,1899421800
10000,40005,nc::capture_melt_multiple,4021226560
10000,40005,nc::capture_melt_multiple,4271587840
10000,40005,data.table::melt,355947000
10000,40005,tidyr::pivot_longer,1975166880
10000,40005,data.table::melt,360405240
10000,40005,nc::capture_melt_multiple,4171647600
10000,40005,nc::capture_melt_multiple,3987470320
10000,40005,nc::capture_melt_multiple,3976184960
10000,40005,cdata::rowrecs_to_blocks,56746457520
10000,40005,cdata::rowrecs_to_blocks,56551284400
10000,40005,cdata::rowrecs_to_blocks,54913715240
10000,40005,data.table::melt,363855040
10000,40005,data.table::melt,442339560
10000,40005,tidyr::pivot_longer,2576457400
10000,40005,cdata::rowrecs_to_blocks,54970909440
10000,40005,nc::capture_melt_multiple,3998126960
10000,40005,nc::capture_melt_multiple,4371194360
10000,40005,data.table::melt,401684680
10000,40005,data.table::melt,380085840
10000,40005,data.table::melt,544327320
10000,40005,cdata::rowrecs_to_blocks,55717439280
10000,40005,nc::capture_melt_multiple,3923684040
10000,40005,cdata::rowrecs_to_blocks,56281031960
10000,40005,data.table::melt,364877360
10000,40005,cdata::rowrecs_to_blocks,55871780880
10000,40005,tidyr::pivot_longer,1562204040
10000,40005,cdata::rowrecs_to_blocks,56948288680
10000,40005,data.table::melt,423330600
10000,40005,tidyr::pivot_longer,1452671520
10000,40005,tidyr::pivot_longer,1592452920
10000,40005,tidyr::pivot_longer,1545703360
10000,40005,cdata::rowrecs_to_blocks,57404834120
10000,40005,cdata::rowrecs_to_blocks,55223502640
