N.rep,data.type,N.col,expr,time
1,data.table,88,cdata::unpivot_to_blocks-0,55111080
1,data.table,88,utils::stack-4,26483400
1,data.table,88,stats::reshape-0,70296440
1,data.table,88,stats::reshape-4,96911120
1,data.table,88,tidyr::pivot_longer-4,30484800
1,data.table,88,nc::capture_melt_single-4,20117960
1,data.table,88,tidyfast::dt_pivot_longer-4,21008480
1,data.table,88,cdata::unpivot_to_blocks-0,25248320
1,data.table,88,utils::stack-4,12636000
1,data.table,88,stats::reshape-0,79961440
1,data.table,88,cdata::unpivot_to_blocks-0,24978520
1,data.table,88,nc::capture_melt_single-0,11028000
1,data.table,88,tidyr::pivot_longer-4,18571680
1,data.table,88,tidyfast::dt_pivot_longer-0,690240
1,data.table,88,cdata::unpivot_to_blocks-0,25963600
1,data.table,88,tidyfast::dt_pivot_longer-4,2093160
1,data.table,88,stats::reshape-0,77735680
1,data.table,88,reshape2::melt-0,4307520
1,data.table,88,utils::stack-4,12332640
1,data.table,88,data.table::melt-4,2285160
1,data.table,88,tidyfast::dt_pivot_longer-0,634800
1,data.table,88,reshape2::melt-0,3448080
1,data.table,88,reshape2::melt-4,12056160
1,data.table,88,tidyr::gather-0,10521480
1,data.table,88,stats::reshape-4,79700360
1,data.table,88,reshape2::melt-0,3607600
1,data.table,88,data.table::melt-0,654600
1,data.table,88,tidyfast::dt_pivot_longer-4,2103760
1,data.table,88,utils::stack-4,12681840
1,data.table,88,reshape2::melt-4,12541760
1,data.table,88,tidyr::pivot_longer-4,20376600
1,data.table,88,nc::capture_melt_single-0,11088640
1,data.table,88,stats::reshape-4,78669520
1,data.table,88,tidyr::gather-4,16344760
1,data.table,88,reshape2::melt-4,13606480
1,data.table,88,nc::capture_melt_single-0,11452720
1,data.table,88,cdata::unpivot_to_blocks-4,34411600
1,data.table,88,tidyr::gather-4,16241920
1,data.table,88,reshape2::melt-4,21001560
1,data.table,88,tidyr::pivot_longer-0,10447280
1,data.table,88,stats::reshape-4,78641800
1,data.table,88,nc::capture_melt_single-4,11717320
1,data.table,88,tidyfast::dt_pivot_longer-0,666240
1,data.table,88,data.table::melt-0,543880
1,data.table,88,cdata::unpivot_to_blocks-4,35693760
1,data.table,88,stats::reshape-0,78389120
1,data.table,88,nc::capture_melt_single-4,12274120
1,data.table,88,tidyr::gather-4,16063040
1,data.table,88,tidyr::pivot_longer-0,10357320
1,data.table,88,cdata::unpivot_to_blocks-4,34344720
1,data.table,88,tidyfast::dt_pivot_longer-4,2164400
1,data.table,88,reshape2::melt-0,3502280
1,data.table,88,nc::capture_melt_single-0,11232200
1,data.table,88,reshape2::melt-0,3555560
1,data.table,88,tidyr::pivot_longer-0,11901360
1,data.table,88,data.table::melt-4,2102920
1,data.table,88,data.table::melt-4,1923000
1,data.table,88,tidyr::pivot_longer-4,11355080
1,data.table,88,tidyfast::dt_pivot_longer-4,2171160
1,data.table,88,stats::reshape-0,78139280
1,data.table,88,tidyfast::dt_pivot_longer-4,2671360
1,data.table,88,nc::capture_melt_single-4,11800400
1,data.table,88,cdata::unpivot_to_blocks-0,25540760
1,data.table,88,data.table::melt-0,672480
1,data.table,88,tidyr::pivot_longer-4,11105680
1,data.table,88,reshape2::melt-4,13037080
1,data.table,88,stats::reshape-0,79379720
1,data.table,88,reshape2::melt-0,3533600
1,data.table,88,tidyr::gather-4,15708840
1,data.table,88,tidyr::pivot_longer-0,10447880
1,data.table,88,stats::reshape-4,79294640
1,data.table,88,cdata::unpivot_to_blocks-0,34632720
1,data.table,88,tidyr::gather-4,16384040
1,data.table,88,tidyr::pivot_longer-4,11304240
1,data.table,88,tidyr::gather-4,16133680
1,data.table,88,tidyr::pivot_longer-4,11099840
1,data.table,88,tidyr::gather-0,7020040
1,data.table,88,cdata::unpivot_to_blocks-0,25211000
1,data.table,88,data.table::melt-0,643200
1,data.table,88,nc::capture_melt_single-0,10979680
1,data.table,88,utils::stack-0,3119640
1,data.table,88,tidyfast::dt_pivot_longer-4,1994880
1,data.table,88,reshape2::melt-4,12647760
1,data.table,88,data.table::melt-0,739920
1,data.table,88,cdata::unpivot_to_blocks-4,35117560
1,data.table,88,tidyfast::dt_pivot_longer-0,713600
1,data.table,88,cdata::unpivot_to_blocks-0,52678960
1,data.table,88,tidyr::gather-4,16962520
1,data.table,88,utils::stack-0,3439640
1,data.table,88,data.table::melt-4,2013760
1,data.table,88,utils::stack-0,3186240
1,data.table,88,tidyr::gather-4,16971720
1,data.table,88,nc::capture_melt_single-0,11201640
1,data.table,88,tidyr::gather-0,7095320
1,data.table,88,tidyfast::dt_pivot_longer-4,2037080
1,data.table,88,tidyfast::dt_pivot_longer-4,1889240
1,data.table,88,data.table::melt-0,577240
1,data.table,88,data.table::melt-0,500280
1,data.table,88,utils::stack-0,3224960
1,data.table,88,nc::capture_melt_single-0,10999560
1,data.table,88,utils::stack-0,3391280
1,data.table,88,tidyr::gather-0,7041160
1,data.table,88,cdata::unpivot_to_blocks-4,35701160
1,data.table,88,tidyfast::dt_pivot_longer-0,731760
1,data.table,88,tidyr::gather-4,16144880
1,data.table,88,tidyr::pivot_longer-0,12080640
1,data.table,88,cdata::unpivot_to_blocks-4,44181400
1,data.table,88,data.table::melt-4,1990160
1,data.table,88,tidyr::pivot_longer-0,11872320
1,data.table,88,data.table::melt-0,610760
1,data.table,88,utils::stack-4,12393120
1,data.table,88,tidyr::gather-0,7255800
1,data.table,88,data.table::melt-4,2087840
1,data.table,88,nc::capture_melt_single-4,11588000
1,data.table,88,utils::stack-0,3198400
1,data.table,88,stats::reshape-4,77552800
1,data.table,88,tidyfast::dt_pivot_longer-0,684840
1,data.table,88,reshape2::melt-0,3714560
1,data.table,88,reshape2::melt-4,12316120
1,data.table,88,tidyr::pivot_longer-0,19759400
1,data.table,88,utils::stack-4,13272560
1,data.table,88,data.table::melt-4,2012640
1,data.table,88,reshape2::melt-0,3516760
1,data.table,88,tidyr::pivot_longer-4,11254520
1,data.table,88,stats::reshape-4,77740080
1,data.table,88,stats::reshape-0,79596920
1,data.table,88,tidyr::gather-4,15955560
1,data.table,88,stats::reshape-0,69361920
1,data.table,88,cdata::unpivot_to_blocks-4,34142800
1,data.table,88,stats::reshape-4,91335600
1,data.table,88,stats::reshape-4,77525280
1,data.table,88,tidyfast::dt_pivot_longer-0,677400
1,data.table,88,utils::stack-4,12620320
1,data.table,88,reshape2::melt-0,3585120
1,data.table,88,tidyr::gather-0,7338400
1,data.table,88,cdata::unpivot_to_blocks-0,35995960
1,data.table,88,utils::stack-0,3282840
1,data.table,88,tidyr::pivot_longer-4,11641640
1,data.table,88,reshape2::melt-4,12755880
1,data.table,88,tidyr::pivot_longer-0,11196520
1,data.table,88,cdata::unpivot_to_blocks-4,34157080
1,data.table,88,nc::capture_melt_single-4,11654120
1,data.table,88,tidyr::gather-0,7092160
1,data.table,88,data.table::melt-4,2019360
1,data.table,88,stats::reshape-0,78845200
1,data.table,88,data.table::melt-4,2016880
1,data.table,88,utils::stack-0,3081480
1,data.table,88,utils::stack-4,12523280
1,data.table,88,nc::capture_melt_single-4,11565240
1,data.table,88,nc::capture_melt_single-0,11378680
1,data.table,88,utils::stack-0,3368760
1,data.table,88,nc::capture_melt_single-0,11065120
1,data.table,88,reshape2::melt-4,12868080
1,data.table,88,tidyfast::dt_pivot_longer-0,735600
1,data.table,88,reshape2::melt-4,12759840
1,data.table,88,reshape2::melt-0,3501960
1,data.table,88,cdata::unpivot_to_blocks-0,25058840
1,data.table,88,utils::stack-4,12540440
1,data.table,88,tidyr::gather-0,7059040
1,data.table,88,cdata::unpivot_to_blocks-4,35366600
1,data.table,88,tidyr::pivot_longer-0,19836160
1,data.table,88,tidyr::gather-0,7639840
1,data.table,88,nc::capture_melt_single-4,11902200
1,data.table,88,tidyfast::dt_pivot_longer-0,668480
1,data.table,88,tidyfast::dt_pivot_longer-4,1926040
1,data.table,88,data.table::melt-0,547000
1,data.table,88,nc::capture_melt_single-4,11965080
1,data.table,88,utils::stack-0,3160560
1,data.table,88,cdata::unpivot_to_blocks-4,36136280
1,data.table,88,tidyfast::dt_pivot_longer-0,793200
1,data.table,88,data.table::melt-4,1947120
1,data.table,88,stats::reshape-0,67179360
1,data.table,88,data.table::melt-0,604680
1,data.table,88,utils::stack-4,12822200
1,data.table,88,nc::capture_melt_single-4,22582160
1,data.table,88,nc::capture_melt_single-0,11127000
1,data.table,88,stats::reshape-4,86281880
1,data.table,88,tidyr::pivot_longer-0,14243360
1,data.table,88,tidyr::pivot_longer-4,13711840
1,data.table,88,tidyr::gather-0,11688680
3,data.table,172,tidyr::pivot_longer-0,11816160
3,data.table,172,utils::stack-0,4671040
3,data.table,172,tidyr::pivot_longer-4,12305240
3,data.table,172,tidyr::pivot_longer-0,11285840
3,data.table,172,tidyfast::dt_pivot_longer-4,3203480
3,data.table,172,data.table::melt-4,3022360
3,data.table,172,reshape2::melt-0,6620760
3,data.table,172,tidyfast::dt_pivot_longer-4,3305880
3,data.table,172,tidyr::gather-4,28682760
3,data.table,172,tidyr::pivot_longer-4,12972440
3,data.table,172,stats::reshape-0,137414560
3,data.table,172,stats::reshape-0,145989040
3,data.table,172,tidyfast::dt_pivot_longer-4,3659360
3,data.table,172,nc::capture_melt_single-4,19278320
3,data.table,172,tidyr::gather-0,11230120
3,data.table,172,tidyfast::dt_pivot_longer-4,3651760
3,data.table,172,reshape2::melt-0,7002760
3,data.table,172,reshape2::melt-4,24775320
3,data.table,172,tidyr::gather-0,11231960
3,data.table,172,data.table::melt-0,889040
3,data.table,172,tidyfast::dt_pivot_longer-4,3403080
3,data.table,172,reshape2::melt-0,6873440
3,data.table,172,data.table::melt-4,3273240
3,data.table,172,tidyfast::dt_pivot_longer-0,937040
3,data.table,172,tidyr::gather-0,12367240
3,data.table,172,data.table::melt-0,888520
3,data.table,172,nc::capture_melt_single-4,18441200
3,data.table,172,data.table::melt-0,815120
3,data.table,172,utils::stack-0,4738280
3,data.table,172,data.table::melt-0,808200
3,data.table,172,cdata::unpivot_to_blocks-4,58638680
3,data.table,172,reshape2::melt-4,24250480
3,data.table,172,utils::stack-4,22250880
3,data.table,172,data.table::melt-4,3015200
3,data.table,172,utils::stack-4,21834800
3,data.table,172,stats::reshape-0,137275640
3,data.table,172,tidyfast::dt_pivot_longer-0,967960
3,data.table,172,tidyr::pivot_longer-0,12860320
3,data.table,172,tidyr::gather-0,11091800
3,data.table,172,stats::reshape-0,147038000
3,data.table,172,tidyr::gather-0,10923640
3,data.table,172,stats::reshape-4,171321880
3,data.table,172,stats::reshape-0,135157520
3,data.table,172,tidyr::pivot_longer-0,11660240
3,data.table,172,nc::capture_melt_single-4,18965360
3,data.table,172,tidyr::pivot_longer-4,12914280
3,data.table,172,data.table::melt-4,3372720
3,data.table,172,tidyr::pivot_longer-0,12054200
3,data.table,172,tidyr::gather-4,28416760
3,data.table,172,tidyfast::dt_pivot_longer-0,998880
3,data.table,172,tidyr::pivot_longer-0,11701440
3,data.table,172,reshape2::melt-4,25149120
3,data.table,172,tidyfast::dt_pivot_longer-4,3555000
3,data.table,172,tidyr::pivot_longer-0,23201560
3,data.table,172,tidyfast::dt_pivot_longer-4,3145840
3,data.table,172,reshape2::melt-0,6658680
3,data.table,172,tidyfast::dt_pivot_longer-4,3290280
3,data.table,172,tidyr::gather-0,10798440
3,data.table,172,tidyfast::dt_pivot_longer-4,3556080
3,data.table,172,tidyr::pivot_longer-0,11500400
3,data.table,172,cdata::unpivot_to_blocks-4,49446480
3,data.table,172,stats::reshape-4,156445680
3,data.table,172,tidyr::pivot_longer-4,12672880
3,data.table,172,tidyfast::dt_pivot_longer-0,930800
3,data.table,172,cdata::unpivot_to_blocks-0,44341080
3,data.table,172,reshape2::melt-4,24486080
3,data.table,172,stats::reshape-4,154642880
3,data.table,172,reshape2::melt-4,24472000
3,data.table,172,nc::capture_melt_single-0,17757320
3,data.table,172,data.table::melt-4,3216600
3,data.table,172,nc::capture_melt_single-0,17358240
3,data.table,172,stats::reshape-0,148567160
3,data.table,172,tidyfast::dt_pivot_longer-0,892920
3,data.table,172,cdata::unpivot_to_blocks-4,48605160
3,data.table,172,cdata::unpivot_to_blocks-0,33013680
3,data.table,172,data.table::melt-0,922880
3,data.table,172,stats::reshape-0,148731080
3,data.table,172,data.table::melt-0,734640
3,data.table,172,nc::capture_melt_single-4,17252840
3,data.table,172,tidyr::pivot_longer-4,12343200
3,data.table,172,stats::reshape-0,157314400
3,data.table,172,tidyr::pivot_longer-0,11390760
3,data.table,172,reshape2::melt-0,6979240
3,data.table,172,nc::capture_melt_single-4,17359840
3,data.table,172,cdata::unpivot_to_blocks-0,33629520
3,data.table,172,nc::capture_melt_single-4,17727440
3,data.table,172,reshape2::melt-4,24685360
3,data.table,172,tidyr::gather-4,28750480
3,data.table,172,utils::stack-0,4841840
3,data.table,172,nc::capture_melt_single-4,18577880
3,data.table,172,tidyr::gather-4,28770200
3,data.table,172,utils::stack-4,22755560
3,data.table,172,tidyfast::dt_pivot_longer-0,966120
3,data.table,172,reshape2::melt-4,24313800
3,data.table,172,stats::reshape-4,163742040
3,data.table,172,cdata::unpivot_to_blocks-4,49425440
3,data.table,172,stats::reshape-4,170047240
3,data.table,172,cdata::unpivot_to_blocks-4,48865920
3,data.table,172,utils::stack-4,23248560
3,data.table,172,reshape2::melt-0,6762920
3,data.table,172,cdata::unpivot_to_blocks-0,31686280
3,data.table,172,utils::stack-4,22792560
3,data.table,172,reshape2::melt-4,24391800
3,data.table,172,nc::capture_melt_single-4,17549240
3,data.table,172,reshape2::melt-0,6880320
3,data.table,172,stats::reshape-0,167479880
3,data.table,172,utils::stack-0,4873320
3,data.table,172,utils::stack-4,22534880
3,data.table,172,utils::stack-0,4773320
3,data.table,172,tidyr::gather-4,28215240
3,data.table,172,stats::reshape-4,154732760
3,data.table,172,stats::reshape-0,148584480
3,data.table,172,nc::capture_melt_single-4,17880480
3,data.table,172,stats::reshape-4,167256080
3,data.table,172,reshape2::melt-0,6672920
3,data.table,172,utils::stack-0,4924000
3,data.table,172,tidyr::pivot_longer-4,12362080
3,data.table,172,data.table::melt-4,3429120
3,data.table,172,reshape2::melt-4,24924000
3,data.table,172,tidyr::gather-0,11107280
3,data.table,172,tidyr::pivot_longer-4,12729320
3,data.table,172,cdata::unpivot_to_blocks-0,31421160
3,data.table,172,nc::capture_melt_single-0,17137840
3,data.table,172,data.table::melt-0,743560
3,data.table,172,tidyr::pivot_longer-4,12697680
3,data.table,172,stats::reshape-4,165930120
3,data.table,172,cdata::unpivot_to_blocks-4,48364080
3,data.table,172,tidyr::gather-4,27816160
3,data.table,172,tidyr::gather-4,28926440
3,data.table,172,tidyfast::dt_pivot_longer-0,916360
3,data.table,172,tidyfast::dt_pivot_longer-0,757360
3,data.table,172,tidyr::gather-4,28235480
3,data.table,172,cdata::unpivot_to_blocks-0,32761680
3,data.table,172,data.table::melt-0,841400
3,data.table,172,tidyr::pivot_longer-0,11806000
3,data.table,172,cdata::unpivot_to_blocks-0,32180760
3,data.table,172,data.table::melt-0,845000
3,data.table,172,cdata::unpivot_to_blocks-0,32086040
3,data.table,172,tidyr::gather-4,39765600
3,data.table,172,reshape2::melt-0,6812720
3,data.table,172,data.table::melt-4,3143360
3,data.table,172,utils::stack-0,4757800
3,data.table,172,stats::reshape-4,152127480
3,data.table,172,nc::capture_melt_single-0,17384600
3,data.table,172,utils::stack-0,4877240
3,data.table,172,cdata::unpivot_to_blocks-0,31891320
3,data.table,172,nc::capture_melt_single-0,17247560
3,data.table,172,tidyr::gather-4,40162120
3,data.table,172,nc::capture_melt_single-0,17158600
3,data.table,172,tidyfast::dt_pivot_longer-0,854880
3,data.table,172,cdata::unpivot_to_blocks-4,48604760
3,data.table,172,tidyfast::dt_pivot_longer-4,3252840
3,data.table,172,nc::capture_melt_single-0,17532320
3,data.table,172,utils::stack-4,23280640
3,data.table,172,nc::capture_melt_single-0,16939880
3,data.table,172,cdata::unpivot_to_blocks-0,31423760
3,data.table,172,tidyfast::dt_pivot_longer-0,965560
3,data.table,172,tidyr::gather-0,11177520
3,data.table,172,utils::stack-4,23026040
3,data.table,172,data.table::melt-4,3220600
3,data.table,172,cdata::unpivot_to_blocks-4,49816000
3,data.table,172,utils::stack-0,4914800
3,data.table,172,data.table::melt-4,3111720
3,data.table,172,utils::stack-0,4778040
3,data.table,172,cdata::unpivot_to_blocks-4,49840000
3,data.table,172,stats::reshape-4,163748480
3,data.table,172,cdata::unpivot_to_blocks-4,50527160
3,data.table,172,nc::capture_melt_single-4,17734000
3,data.table,172,nc::capture_melt_single-0,17570760
3,data.table,172,reshape2::melt-0,6879680
3,data.table,172,utils::stack-4,23366400
3,data.table,172,data.table::melt-4,3486200
3,data.table,172,data.table::melt-0,693400
3,data.table,172,reshape2::melt-4,24637520
3,data.table,172,tidyr::gather-0,22977440
3,data.table,172,tidyr::pivot_longer-4,13250840
3,data.table,172,nc::capture_melt_single-0,17039800
3,data.table,172,tidyr::pivot_longer-4,12669040
3,data.table,172,utils::stack-4,23315360
3,data.table,172,tidyr::gather-0,11029440
10,data.table,466,data.table::melt-4,7529360
10,data.table,466,stats::reshape-0,377909960
10,data.table,466,cdata::unpivot_to_blocks-0,55472120
10,data.table,466,tidyfast::dt_pivot_longer-4,7750480
10,data.table,466,utils::stack-0,9988320
10,data.table,466,cdata::unpivot_to_blocks-4,112324600
10,data.table,466,tidyr::pivot_longer-4,17258280
10,data.table,466,tidyr::pivot_longer-0,15724640
10,data.table,466,stats::reshape-4,424114680
10,data.table,466,tidyr::pivot_longer-0,15667800
10,data.table,466,cdata::unpivot_to_blocks-4,112131840
10,data.table,466,cdata::unpivot_to_blocks-0,53340000
10,data.table,466,utils::stack-0,10210400
10,data.table,466,tidyr::pivot_longer-4,17531080
10,data.table,466,nc::capture_melt_single-4,37348840
10,data.table,466,data.table::melt-4,6802600
10,data.table,466,reshape2::melt-0,17743680
10,data.table,466,tidyr::gather-4,69113400
10,data.table,466,tidyr::pivot_longer-0,15556440
10,data.table,466,nc::capture_melt_single-0,49231800
10,data.table,466,tidyfast::dt_pivot_longer-4,7562600
10,data.table,466,cdata::unpivot_to_blocks-0,53541240
10,data.table,466,data.table::melt-4,7018400
10,data.table,466,tidyfast::dt_pivot_longer-4,7420200
10,data.table,466,tidyfast::dt_pivot_longer-0,1705080
10,data.table,466,tidyr::gather-4,69449320
10,data.table,466,tidyfast::dt_pivot_longer-4,7418560
10,data.table,466,nc::capture_melt_single-4,36866840
10,data.table,466,reshape2::melt-4,66124640
10,data.table,466,reshape2::melt-0,17798560
10,data.table,466,tidyr::pivot_longer-4,18127960
10,data.table,466,utils::stack-0,10352000
10,data.table,466,tidyr::gather-4,81227960
10,data.table,466,utils::stack-0,10574000
10,data.table,466,data.table::melt-0,1359320
10,data.table,466,tidyr::pivot_longer-4,17461800
10,data.table,466,tidyr::pivot_longer-4,17267040
10,data.table,466,utils::stack-4,56929440
10,data.table,466,data.table::melt-4,6968160
10,data.table,466,reshape2::melt-0,18565560
10,data.table,466,utils::stack-4,56098880
10,data.table,466,cdata::unpivot_to_blocks-4,100162520
10,data.table,466,utils::stack-4,56483800
10,data.table,466,nc::capture_melt_single-0,47940640
10,data.table,466,tidyr::pivot_longer-0,16290560
10,data.table,466,stats::reshape-0,376819040
10,data.table,466,tidyr::pivot_longer-4,17474000
10,data.table,466,cdata::unpivot_to_blocks-4,100256160
10,data.table,466,nc::capture_melt_single-4,49266840
10,data.table,466,utils::stack-4,56384360
10,data.table,466,data.table::melt-0,1507400
10,data.table,466,data.table::melt-0,1285240
10,data.table,466,data.table::melt-0,1270760
10,data.table,466,data.table::melt-4,6697640
10,data.table,466,tidyr::gather-4,70797040
10,data.table,466,stats::reshape-4,450253760
10,data.table,466,stats::reshape-0,395047320
10,data.table,466,reshape2::melt-4,62905280
10,data.table,466,stats::reshape-4,442974600
10,data.table,466,tidyr::gather-4,68665760
10,data.table,466,nc::capture_melt_single-4,38206520
10,data.table,466,reshape2::melt-0,18179160
10,data.table,466,reshape2::melt-4,65484920
10,data.table,466,tidyfast::dt_pivot_longer-4,8040720
10,data.table,466,nc::capture_melt_single-0,38354360
10,data.table,466,data.table::melt-0,1384560
10,data.table,466,nc::capture_melt_single-0,56785840
10,data.table,466,cdata::unpivot_to_blocks-0,54043720
10,data.table,466,reshape2::melt-4,66578120
10,data.table,466,cdata::unpivot_to_blocks-4,99047560
10,data.table,466,tidyfast::dt_pivot_longer-4,7892080
10,data.table,466,tidyfast::dt_pivot_longer-4,7830560
10,data.table,466,reshape2::melt-0,18311880
10,data.table,466,stats::reshape-0,401077760
10,data.table,466,reshape2::melt-0,17859320
10,data.table,466,tidyfast::dt_pivot_longer-0,1661600
10,data.table,466,cdata::unpivot_to_blocks-4,100296680
10,data.table,466,reshape2::melt-4,63651440
10,data.table,466,reshape2::melt-4,76442600
10,data.table,466,reshape2::melt-4,62657000
10,data.table,466,tidyr::gather-0,24473840
10,data.table,466,nc::capture_melt_single-4,37907160
10,data.table,466,tidyr::gather-0,24000520
10,data.table,466,cdata::unpivot_to_blocks-0,55639080
10,data.table,466,tidyfast::dt_pivot_longer-0,1775800
10,data.table,466,nc::capture_melt_single-0,38031040
10,data.table,466,cdata::unpivot_to_blocks-4,113539960
10,data.table,466,data.table::melt-4,6778960
10,data.table,466,utils::stack-4,56854560
10,data.table,466,tidyr::pivot_longer-0,15677760
10,data.table,466,tidyr::pivot_longer-0,15832440
10,data.table,466,reshape2::melt-0,18081400
10,data.table,466,cdata::unpivot_to_blocks-0,56061680
10,data.table,466,stats::reshape-0,405126760
10,data.table,466,utils::stack-0,10076040
10,data.table,466,tidyr::gather-0,24041000
10,data.table,466,tidyfast::dt_pivot_longer-4,8164560
10,data.table,466,tidyfast::dt_pivot_longer-0,1809560
10,data.table,466,tidyfast::dt_pivot_longer-4,7994720
10,data.table,466,data.table::melt-0,1422000
10,data.table,466,stats::reshape-0,407476840
10,data.table,466,tidyr::gather-0,24260160
10,data.table,466,nc::capture_melt_single-0,38076080
10,data.table,466,stats::reshape-4,581810240
10,data.table,466,nc::capture_melt_single-4,37058200
10,data.table,466,stats::reshape-4,427406800
10,data.table,466,tidyr::gather-0,35067320
10,data.table,466,utils::stack-0,10027080
10,data.table,466,cdata::unpivot_to_blocks-4,100801760
10,data.table,466,tidyr::pivot_longer-0,15893120
10,data.table,466,stats::reshape-0,392980880
10,data.table,466,tidyr::pivot_longer-0,15582160
10,data.table,466,nc::capture_melt_single-4,37069440
10,data.table,466,tidyr::gather-4,69096240
10,data.table,466,nc::capture_melt_single-4,37398840
10,data.table,466,utils::stack-4,56219280
10,data.table,466,reshape2::melt-4,63508920
10,data.table,466,reshape2::melt-0,18208320
10,data.table,466,nc::capture_melt_single-4,38483360
10,data.table,466,utils::stack-0,21784720
10,data.table,466,tidyr::pivot_longer-0,15623040
10,data.table,466,utils::stack-0,9947880
10,data.table,466,data.table::melt-4,6894400
10,data.table,466,data.table::melt-0,1232880
10,data.table,466,tidyfast::dt_pivot_longer-0,1455520
10,data.table,466,tidyfast::dt_pivot_longer-0,1384000
10,data.table,466,data.table::melt-4,6654040
10,data.table,466,utils::stack-0,9962400
10,data.table,466,utils::stack-0,10331760
10,data.table,466,data.table::melt-0,1300280
10,data.table,466,utils::stack-4,56128480
10,data.table,466,tidyr::gather-4,69080200
10,data.table,466,stats::reshape-0,393726600
10,data.table,466,tidyr::gather-4,69361560
10,data.table,466,tidyr::gather-4,68969880
10,data.table,466,tidyfast::dt_pivot_longer-4,7415440
10,data.table,466,tidyr::pivot_longer-4,17332760
10,data.table,466,nc::capture_melt_single-0,37975240
10,data.table,466,tidyr::pivot_longer-4,17841000
10,data.table,466,cdata::unpivot_to_blocks-0,54744560
10,data.table,466,stats::reshape-4,439214600
10,data.table,466,nc::capture_melt_single-0,38004000
10,data.table,466,reshape2::melt-0,18157280
10,data.table,466,tidyr::pivot_longer-4,17779200
10,data.table,466,stats::reshape-4,582462960
10,data.table,466,reshape2::melt-0,18936920
10,data.table,466,tidyr::pivot_longer-0,16747720
10,data.table,466,tidyr::gather-0,26174560
10,data.table,466,reshape2::melt-4,75011680
10,data.table,466,tidyr::gather-4,69673720
10,data.table,466,stats::reshape-4,425812840
10,data.table,466,tidyr::pivot_longer-4,17994280
10,data.table,466,tidyr::gather-0,24655000
10,data.table,466,tidyfast::dt_pivot_longer-0,1731520
10,data.table,466,tidyfast::dt_pivot_longer-0,1420760
10,data.table,466,cdata::unpivot_to_blocks-0,70039920
10,data.table,466,data.table::melt-0,1368800
10,data.table,466,tidyfast::dt_pivot_longer-0,1460400
10,data.table,466,cdata::unpivot_to_blocks-0,54327640
10,data.table,466,cdata::unpivot_to_blocks-0,53953080
10,data.table,466,stats::reshape-4,441478720
10,data.table,466,cdata::unpivot_to_blocks-4,100179080
10,data.table,466,data.table::melt-4,6839560
10,data.table,466,stats::reshape-4,442257200
10,data.table,466,tidyr::gather-0,24154640
10,data.table,466,nc::capture_melt_single-0,37651280
10,data.table,466,utils::stack-4,56661320
10,data.table,466,data.table::melt-0,1336320
10,data.table,466,reshape2::melt-4,63817160
10,data.table,466,data.table::melt-4,6833880
10,data.table,466,utils::stack-4,56878840
10,data.table,466,nc::capture_melt_single-4,37348280
10,data.table,466,stats::reshape-0,395436920
10,data.table,466,tidyr::gather-0,24096600
10,data.table,466,stats::reshape-0,395256960
10,data.table,466,tidyr::gather-0,24576920
10,data.table,466,utils::stack-4,56771040
10,data.table,466,nc::capture_melt_single-0,37414280
10,data.table,466,cdata::unpivot_to_blocks-4,100709600
10,data.table,466,tidyfast::dt_pivot_longer-0,1653880
31,data.table,1348,stats::reshape-0,1148495360
31,data.table,1348,reshape2::melt-4,183948400
31,data.table,1348,nc::capture_melt_single-0,112212280
31,data.table,1348,reshape2::melt-4,184391040
31,data.table,1348,reshape2::melt-0,52930240
31,data.table,1348,tidyfast::dt_pivot_longer-4,31198240
31,data.table,1348,stats::reshape-4,1439739920
31,data.table,1348,tidyr::pivot_longer-0,28072240
31,data.table,1348,cdata::unpivot_to_blocks-0,131094720
31,data.table,1348,cdata::unpivot_to_blocks-4,275640440
31,data.table,1348,data.table::melt-0,2906000
31,data.table,1348,tidyfast::dt_pivot_longer-0,3560880
31,data.table,1348,data.table::melt-0,3046120
31,data.table,1348,cdata::unpivot_to_blocks-4,263603040
31,data.table,1348,reshape2::melt-0,51489920
31,data.table,1348,utils::stack-4,172066440
31,data.table,1348,nc::capture_melt_single-0,98785040
31,data.table,1348,stats::reshape-0,1166373400
31,data.table,1348,tidyr::gather-0,63799560
31,data.table,1348,cdata::unpivot_to_blocks-4,282375920
31,data.table,1348,data.table::melt-4,19289600
31,data.table,1348,data.table::melt-4,18982640
31,data.table,1348,tidyr::pivot_longer-0,28571280
31,data.table,1348,utils::stack-4,160135440
31,data.table,1348,nc::capture_melt_single-0,100928960
31,data.table,1348,tidyr::gather-0,76702560
31,data.table,1348,nc::capture_melt_single-0,100966080
31,data.table,1348,tidyfast::dt_pivot_longer-4,20181920
31,data.table,1348,tidyr::pivot_longer-0,29372360
31,data.table,1348,data.table::melt-0,3260840
31,data.table,1348,tidyfast::dt_pivot_longer-4,22051120
31,data.table,1348,reshape2::melt-0,64130680
31,data.table,1348,utils::stack-4,167330280
31,data.table,1348,data.table::melt-4,19111640
31,data.table,1348,nc::capture_melt_single-0,100612480
31,data.table,1348,stats::reshape-4,1340960800
31,data.table,1348,tidyfast::dt_pivot_longer-0,3875400
31,data.table,1348,stats::reshape-4,1319701040
31,data.table,1348,tidyr::pivot_longer-4,192475560
31,data.table,1348,tidyfast::dt_pivot_longer-0,3891800
31,data.table,1348,reshape2::melt-0,51686520
31,data.table,1348,data.table::melt-0,2966360
31,data.table,1348,tidyfast::dt_pivot_longer-4,20054040
31,data.table,1348,tidyr::pivot_longer-0,28617200
31,data.table,1348,tidyfast::dt_pivot_longer-0,3726440
31,data.table,1348,stats::reshape-4,1307408880
31,data.table,1348,stats::reshape-4,1304607600
31,data.table,1348,data.table::melt-4,19823480
31,data.table,1348,reshape2::melt-4,194696520
31,data.table,1348,utils::stack-0,25747200
31,data.table,1348,tidyr::pivot_longer-0,28482840
31,data.table,1348,tidyfast::dt_pivot_longer-0,3739320
31,data.table,1348,utils::stack-4,162394240
31,data.table,1348,utils::stack-0,38758080
31,data.table,1348,data.table::melt-4,18955280
31,data.table,1348,tidyfast::dt_pivot_longer-4,20693560
31,data.table,1348,utils::stack-4,161695160
31,data.table,1348,tidyr::gather-0,64168080
31,data.table,1348,tidyr::pivot_longer-4,33112280
31,data.table,1348,tidyr::pivot_longer-4,46890880
31,data.table,1348,tidyr::gather-0,63583960
31,data.table,1348,reshape2::melt-0,52857320
31,data.table,1348,nc::capture_melt_single-0,114189320
31,data.table,1348,data.table::melt-0,3087000
31,data.table,1348,tidyr::gather-4,198051920
31,data.table,1348,nc::capture_melt_single-4,112478680
31,data.table,1348,nc::capture_melt_single-4,97957400
31,data.table,1348,tidyfast::dt_pivot_longer-4,21445960
31,data.table,1348,tidyr::pivot_longer-4,34303200
31,data.table,1348,tidyr::gather-4,213501600
31,data.table,1348,cdata::unpivot_to_blocks-4,268860600
31,data.table,1348,cdata::unpivot_to_blocks-0,166843040
31,data.table,1348,tidyfast::dt_pivot_longer-0,3906280
31,data.table,1348,stats::reshape-0,1178640760
31,data.table,1348,cdata::unpivot_to_blocks-0,131073680
31,data.table,1348,data.table::melt-4,18791280
31,data.table,1348,reshape2::melt-0,74853600
31,data.table,1348,tidyfast::dt_pivot_longer-4,21287800
31,data.table,1348,cdata::unpivot_to_blocks-0,132936240
31,data.table,1348,tidyr::gather-0,65272520
31,data.table,1348,tidyr::gather-4,212020400
31,data.table,1348,tidyr::gather-4,195894920
31,data.table,1348,data.table::melt-0,3071640
31,data.table,1348,tidyr::pivot_longer-0,30346760
31,data.table,1348,tidyr::gather-0,78293960
31,data.table,1348,stats::reshape-0,1203732520
31,data.table,1348,nc::capture_melt_single-0,102116840
31,data.table,1348,data.table::melt-0,3322040
31,data.table,1348,data.table::melt-4,20143160
31,data.table,1348,tidyr::pivot_longer-0,46856920
31,data.table,1348,reshape2::melt-4,185886480
31,data.table,1348,tidyfast::dt_pivot_longer-4,21212440
31,data.table,1348,data.table::melt-4,19609520
31,data.table,1348,reshape2::melt-0,52662560
31,data.table,1348,utils::stack-0,26825800
31,data.table,1348,tidyr::gather-4,357160040
31,data.table,1348,tidyr::pivot_longer-4,32277080
31,data.table,1348,tidyfast::dt_pivot_longer-0,3780680
31,data.table,1348,cdata::unpivot_to_blocks-0,147403440
31,data.table,1348,tidyr::pivot_longer-4,33234680
31,data.table,1348,cdata::unpivot_to_blocks-0,129825560
31,data.table,1348,cdata::unpivot_to_blocks-0,142140360
31,data.table,1348,utils::stack-0,26162840
31,data.table,1348,tidyr::pivot_longer-4,32582320
31,data.table,1348,tidyr::gather-4,197542200
31,data.table,1348,stats::reshape-0,1152250960
31,data.table,1348,reshape2::melt-4,197811960
31,data.table,1348,nc::capture_melt_single-4,97102400
31,data.table,1348,cdata::unpivot_to_blocks-4,266579240
31,data.table,1348,reshape2::melt-0,64164360
31,data.table,1348,stats::reshape-0,1158011000
31,data.table,1348,utils::stack-4,171433160
31,data.table,1348,nc::capture_melt_single-4,98103320
31,data.table,1348,data.table::melt-0,2927840
31,data.table,1348,tidyr::pivot_longer-0,42171440
31,data.table,1348,cdata::unpivot_to_blocks-4,263415840
31,data.table,1348,tidyr::pivot_longer-4,32811440
31,data.table,1348,reshape2::melt-0,65350680
31,data.table,1348,stats::reshape-0,1314791920
31,data.table,1348,stats::reshape-4,1279706360
31,data.table,1348,nc::capture_melt_single-4,96524120
31,data.table,1348,tidyr::gather-4,198343240
31,data.table,1348,tidyr::pivot_longer-4,45191240
31,data.table,1348,reshape2::melt-4,186347320
31,data.table,1348,tidyr::gather-4,197941880
31,data.table,1348,data.table::melt-0,2879480
31,data.table,1348,utils::stack-0,37090920
31,data.table,1348,tidyr::pivot_longer-4,32802280
31,data.table,1348,stats::reshape-0,1146894880
31,data.table,1348,tidyr::pivot_longer-0,28020920
31,data.table,1348,reshape2::melt-4,196048720
31,data.table,1348,nc::capture_melt_single-4,109753360
31,data.table,1348,tidyfast::dt_pivot_longer-0,3976200
31,data.table,1348,stats::reshape-4,1312930760
31,data.table,1348,stats::reshape-0,1210543040
31,data.table,1348,reshape2::melt-4,185300280
31,data.table,1348,nc::capture_melt_single-4,114426000
31,data.table,1348,cdata::unpivot_to_blocks-4,266750520
31,data.table,1348,stats::reshape-0,1199668560
31,data.table,1348,nc::capture_melt_single-4,98441160
31,data.table,1348,stats::reshape-4,1357716600
31,data.table,1348,tidyr::gather-0,64598240
31,data.table,1348,reshape2::melt-4,187048000
31,data.table,1348,nc::capture_melt_single-4,142852120
31,data.table,1348,utils::stack-4,162309280
31,data.table,1348,cdata::unpivot_to_blocks-4,285309000
31,data.table,1348,utils::stack-0,25892320
31,data.table,1348,data.table::melt-4,19378280
31,data.table,1348,cdata::unpivot_to_blocks-0,133257240
31,data.table,1348,cdata::unpivot_to_blocks-0,150744240
31,data.table,1348,nc::capture_melt_single-0,102355160
31,data.table,1348,data.table::melt-4,19929800
31,data.table,1348,utils::stack-4,178261120
31,data.table,1348,tidyr::gather-4,196407440
31,data.table,1348,tidyr::gather-0,78740760
31,data.table,1348,stats::reshape-4,1348602160
31,data.table,1348,data.table::melt-0,2888440
31,data.table,1348,reshape2::melt-4,185185280
31,data.table,1348,utils::stack-0,26318920
31,data.table,1348,tidyr::gather-0,83323040
31,data.table,1348,tidyr::gather-0,64467640
31,data.table,1348,tidyfast::dt_pivot_longer-0,3973840
31,data.table,1348,utils::stack-4,178905920
31,data.table,1348,utils::stack-0,26733480
31,data.table,1348,tidyfast::dt_pivot_longer-0,3994120
31,data.table,1348,stats::reshape-4,1504723400
31,data.table,1348,reshape2::melt-0,65463960
31,data.table,1348,tidyr::pivot_longer-0,28214840
31,data.table,1348,utils::stack-0,25747480
31,data.table,1348,cdata::unpivot_to_blocks-4,267337520
31,data.table,1348,cdata::unpivot_to_blocks-4,276367800
31,data.table,1348,tidyfast::dt_pivot_longer-4,20280920
31,data.table,1348,nc::capture_melt_single-4,96571440
31,data.table,1348,tidyr::gather-4,209879840
31,data.table,1348,nc::capture_melt_single-0,99457400
31,data.table,1348,tidyfast::dt_pivot_longer-4,20174320
31,data.table,1348,nc::capture_melt_single-0,112578880
31,data.table,1348,utils::stack-0,26080120
31,data.table,1348,cdata::unpivot_to_blocks-0,130355480
31,data.table,1348,utils::stack-4,173971160
100,data.table,4246,tidyr::pivot_longer-4,83506160
100,data.table,4246,nc::capture_melt_single-0,319402160
100,data.table,4246,tidyr::gather-0,206023160
100,data.table,4246,data.table::melt-0,8801120
100,data.table,4246,tidyfast::dt_pivot_longer-0,11051280
100,data.table,4246,data.table::melt-4,60586760
100,data.table,4246,reshape2::melt-0,173860160
100,data.table,4246,tidyr::gather-4,631540160
100,data.table,4246,cdata::unpivot_to_blocks-0,502172720
100,data.table,4246,tidyfast::dt_pivot_longer-4,64076920
100,data.table,4246,cdata::unpivot_to_blocks-4,1063791280
100,data.table,4246,tidyfast::dt_pivot_longer-0,11437880
100,data.table,4246,tidyr::gather-0,212307680
100,data.table,4246,data.table::melt-4,60751680
100,data.table,4246,data.table::melt-4,59800400
100,data.table,4246,utils::stack-4,512807680
100,data.table,4246,nc::capture_melt_single-4,303726560
100,data.table,4246,tidyr::pivot_longer-4,92959000
100,data.table,4246,tidyfast::dt_pivot_longer-4,63516280
100,data.table,4246,tidyr::pivot_longer-0,69170840
100,data.table,4246,tidyr::pivot_longer-0,70034520
100,data.table,4246,tidyr::pivot_longer-0,69552680
100,data.table,4246,utils::stack-4,523730360
100,data.table,4246,reshape2::melt-4,599882600
100,data.table,4246,cdata::unpivot_to_blocks-0,499752360
100,data.table,4246,nc::capture_melt_single-4,302697560
100,data.table,4246,utils::stack-0,77288640
100,data.table,4246,tidyr::pivot_longer-4,94027320
100,data.table,4246,tidyr::gather-4,633031760
100,data.table,4246,utils::stack-0,77720480
100,data.table,4246,nc::capture_melt_single-0,324328040
100,data.table,4246,reshape2::melt-4,604840400
100,data.table,4246,tidyr::pivot_longer-0,69057000
100,data.table,4246,nc::capture_melt_single-4,305519200
100,data.table,4246,utils::stack-4,513881160
100,data.table,4246,utils::stack-0,88520720
100,data.table,4246,cdata::unpivot_to_blocks-4,900821080
100,data.table,4246,data.table::melt-0,8611400
100,data.table,4246,nc::capture_melt_single-0,319571480
100,data.table,4246,tidyr::gather-0,249086120
100,data.table,4246,data.table::melt-0,8510120
100,data.table,4246,tidyr::pivot_longer-0,70811160
100,data.table,4246,nc::capture_melt_single-0,323411760
100,data.table,4246,utils::stack-4,528282200
100,data.table,4246,utils::stack-0,79005280
100,data.table,4246,cdata::unpivot_to_blocks-0,503406840
100,data.table,4246,reshape2::melt-0,173610640
100,data.table,4246,nc::capture_melt_single-0,320404960
100,data.table,4246,utils::stack-4,527984640
100,data.table,4246,nc::capture_melt_single-4,309036000
100,data.table,4246,nc::capture_melt_single-0,320849360
100,data.table,4246,data.table::melt-0,8420120
100,data.table,4246,data.table::melt-0,8584160
100,data.table,4246,cdata::unpivot_to_blocks-0,503098280
100,data.table,4246,reshape2::melt-0,174447840
100,data.table,4246,reshape2::melt-0,175149400
100,data.table,4246,reshape2::melt-4,598347200
100,data.table,4246,nc::capture_melt_single-4,310026160
100,data.table,4246,data.table::melt-4,60218280
100,data.table,4246,tidyfast::dt_pivot_longer-4,62905800
100,data.table,4246,nc::capture_melt_single-4,342037040
100,data.table,4246,data.table::melt-0,8430000
100,data.table,4246,tidyr::pivot_longer-4,83399080
100,data.table,4246,tidyr::gather-4,641583720
100,data.table,4246,cdata::unpivot_to_blocks-4,955843320
100,data.table,4246,reshape2::melt-4,633506600
100,data.table,4246,tidyfast::dt_pivot_longer-4,66459320
100,data.table,4246,nc::capture_melt_single-0,343010040
100,data.table,4246,utils::stack-4,533947160
100,data.table,4246,data.table::melt-4,60911640
100,data.table,4246,tidyr::gather-0,216026600
100,data.table,4246,tidyr::pivot_longer-4,84408520
100,data.table,4246,cdata::unpivot_to_blocks-0,643176600
100,data.table,4246,tidyfast::dt_pivot_longer-0,10695200
100,data.table,4246,tidyr::gather-4,619218960
100,data.table,4246,nc::capture_melt_single-4,305456520
100,data.table,4246,cdata::unpivot_to_blocks-0,495662800
100,data.table,4246,tidyr::pivot_longer-0,79772800
100,data.table,4246,tidyr::gather-0,205971240
100,data.table,4246,utils::stack-4,512140600
100,data.table,4246,tidyfast::dt_pivot_longer-0,11062080
100,data.table,4246,utils::stack-0,77503160
100,data.table,4246,tidyr::gather-0,217308080
100,data.table,4246,tidyr::pivot_longer-0,69117320
100,data.table,4246,utils::stack-0,79038440
100,data.table,4246,tidyfast::dt_pivot_longer-4,62422760
100,data.table,4246,tidyfast::dt_pivot_longer-0,10962440
100,data.table,4246,tidyr::pivot_longer-4,94065360
100,data.table,4246,cdata::unpivot_to_blocks-4,922215720
100,data.table,4246,data.table::melt-0,8317960
100,data.table,4246,nc::capture_melt_single-4,318157680
100,data.table,4246,reshape2::melt-4,610642680
100,data.table,4246,tidyr::pivot_longer-0,69426400
100,data.table,4246,tidyfast::dt_pivot_longer-4,64213960
100,data.table,4246,reshape2::melt-0,176515480
100,data.table,4246,tidyr::pivot_longer-4,94068040
100,data.table,4246,tidyr::gather-0,206146640
100,data.table,4246,tidyr::gather-4,639364160
100,data.table,4246,tidyfast::dt_pivot_longer-0,10841520
100,data.table,4246,tidyr::gather-4,659667080
100,data.table,4246,tidyfast::dt_pivot_longer-0,10962920
100,data.table,4246,data.table::melt-0,8392800
100,data.table,4246,cdata::unpivot_to_blocks-4,916276160
100,data.table,4246,cdata::unpivot_to_blocks-4,929179320
100,data.table,4246,data.table::melt-4,60850280
100,data.table,4246,utils::stack-4,514421600
100,data.table,4246,data.table::melt-4,60513880
100,data.table,4246,tidyfast::dt_pivot_longer-4,64344720
100,data.table,4246,tidyr::gather-4,636143600
100,data.table,4246,cdata::unpivot_to_blocks-0,497588920
100,data.table,4246,tidyr::gather-4,633025960
100,data.table,4246,tidyfast::dt_pivot_longer-4,63884480
100,data.table,4246,reshape2::melt-4,605383240
100,data.table,4246,reshape2::melt-4,606501760
100,data.table,4246,reshape2::melt-4,654979640
100,data.table,4246,tidyfast::dt_pivot_longer-4,63713840
100,data.table,4246,data.table::melt-4,60247320
100,data.table,4246,reshape2::melt-0,176384840
100,data.table,4246,cdata::unpivot_to_blocks-0,642503200
100,data.table,4246,tidyr::gather-4,635557400
100,data.table,4246,utils::stack-0,88773120
100,data.table,4246,tidyr::pivot_longer-4,82139000
100,data.table,4246,cdata::unpivot_to_blocks-4,934812680
100,data.table,4246,reshape2::melt-0,173134760
100,data.table,4246,tidyr::pivot_longer-4,82060040
100,data.table,4246,reshape2::melt-0,174840720
100,data.table,4246,tidyfast::dt_pivot_longer-0,11132880
100,data.table,4246,tidyr::gather-0,206226360
100,data.table,4246,reshape2::melt-4,625337000
100,data.table,4246,reshape2::melt-0,173568760
100,data.table,4246,cdata::unpivot_to_blocks-4,918560120
100,data.table,4246,data.table::melt-4,60964880
100,data.table,4246,utils::stack-0,92141720
100,data.table,4246,tidyr::pivot_longer-4,82297360
100,data.table,4246,data.table::melt-0,8397640
100,data.table,4246,tidyfast::dt_pivot_longer-4,64300480
100,data.table,4246,reshape2::melt-0,177444720
100,data.table,4246,tidyfast::dt_pivot_longer-0,11551360
100,data.table,4246,cdata::unpivot_to_blocks-4,925054520
100,data.table,4246,tidyr::gather-0,206860040
100,data.table,4246,reshape2::melt-4,598344800
100,data.table,4246,utils::stack-4,520095720
100,data.table,4246,tidyr::pivot_longer-0,69261080
100,data.table,4246,utils::stack-0,91588040
100,data.table,4246,data.table::melt-4,60224640
100,data.table,4246,nc::capture_melt_single-4,306576840
100,data.table,4246,cdata::unpivot_to_blocks-4,912569400
100,data.table,4246,cdata::unpivot_to_blocks-0,495830440
100,data.table,4246,nc::capture_melt_single-0,319668640
100,data.table,4246,tidyr::gather-0,208724680
100,data.table,4246,nc::capture_melt_single-0,358699160
100,data.table,4246,tidyfast::dt_pivot_longer-0,10817920
100,data.table,4246,utils::stack-0,81127160
100,data.table,4246,cdata::unpivot_to_blocks-0,503624760
100,data.table,4246,tidyr::pivot_longer-0,70173240
100,data.table,4246,nc::capture_melt_single-4,310470640
100,data.table,4246,data.table::melt-0,8411800
100,data.table,4246,utils::stack-4,536426600
100,data.table,4246,nc::capture_melt_single-0,321746520
100,data.table,4246,tidyr::gather-4,640963760
316,data.table,13318,tidyr::pivot_longer-0,215284200
316,data.table,13318,cdata::unpivot_to_blocks-0,2966462640
316,data.table,13318,data.table::melt-0,27102440
316,data.table,13318,cdata::unpivot_to_blocks-0,2961225040
316,data.table,13318,tidyfast::dt_pivot_longer-0,36433280
316,data.table,13318,data.table::melt-0,27993960
316,data.table,13318,tidyfast::dt_pivot_longer-0,57133440
316,data.table,13318,utils::stack-4,1633516400
316,data.table,13318,data.table::melt-0,27289960
316,data.table,13318,utils::stack-0,311406640
316,data.table,13318,utils::stack-4,1622212600
316,data.table,13318,cdata::unpivot_to_blocks-0,2960420600
316,data.table,13318,tidyfast::dt_pivot_longer-4,214802600
316,data.table,13318,cdata::unpivot_to_blocks-4,4322773400
316,data.table,13318,nc::capture_melt_single-0,1083945720
316,data.table,13318,utils::stack-0,288184760
316,data.table,13318,data.table::melt-4,201022640
316,data.table,13318,reshape2::melt-0,779447600
316,data.table,13318,data.table::melt-4,197413280
316,data.table,13318,tidyr::gather-0,674508440
316,data.table,13318,nc::capture_melt_single-4,998528560
316,data.table,13318,tidyr::gather-0,681019520
316,data.table,13318,tidyfast::dt_pivot_longer-0,39022200
316,data.table,13318,nc::capture_melt_single-0,1055608960
316,data.table,13318,utils::stack-0,302545040
316,data.table,13318,tidyr::gather-0,693366640
316,data.table,13318,nc::capture_melt_single-4,1007746880
316,data.table,13318,tidyr::gather-0,859460600
316,data.table,13318,utils::stack-0,260597160
316,data.table,13318,utils::stack-0,271155320
316,data.table,13318,tidyfast::dt_pivot_longer-4,212459840
316,data.table,13318,data.table::melt-4,199541080
316,data.table,13318,data.table::melt-4,220977080
316,data.table,13318,tidyr::gather-4,2007246400
316,data.table,13318,tidyfast::dt_pivot_longer-0,36273440
316,data.table,13318,tidyr::pivot_longer-0,224096960
316,data.table,13318,data.table::melt-0,27738400
316,data.table,13318,cdata::unpivot_to_blocks-4,4486760760
316,data.table,13318,reshape2::melt-4,2064768640
316,data.table,13318,data.table::melt-4,198028400
316,data.table,13318,tidyfast::dt_pivot_longer-0,36559200
316,data.table,13318,tidyr::gather-4,2014956320
316,data.table,13318,nc::capture_melt_single-4,980178280
316,data.table,13318,reshape2::melt-0,578008600
316,data.table,13318,utils::stack-4,1657967160
316,data.table,13318,nc::capture_melt_single-4,1190339960
316,data.table,13318,utils::stack-0,274757320
316,data.table,13318,reshape2::melt-4,1913018960
316,data.table,13318,tidyfast::dt_pivot_longer-0,36840160
316,data.table,13318,reshape2::melt-0,576925920
316,data.table,13318,utils::stack-0,278192440
316,data.table,13318,tidyr::pivot_longer-4,264688600
316,data.table,13318,data.table::melt-0,28193600
316,data.table,13318,tidyr::gather-4,2191167360
316,data.table,13318,tidyr::gather-0,672086640
316,data.table,13318,reshape2::melt-0,554333480
316,data.table,13318,utils::stack-4,1622691960
316,data.table,13318,data.table::melt-0,28084560
316,data.table,13318,nc::capture_melt_single-0,1067060000
316,data.table,13318,cdata::unpivot_to_blocks-4,4492844800
316,data.table,13318,tidyfast::dt_pivot_longer-0,36544960
316,data.table,13318,nc::capture_melt_single-4,991293840
316,data.table,13318,reshape2::melt-0,576265200
316,data.table,13318,cdata::unpivot_to_blocks-4,4314906600
316,data.table,13318,tidyr::pivot_longer-4,268195520
316,data.table,13318,tidyr::gather-0,726417800
316,data.table,13318,utils::stack-4,1631092200
316,data.table,13318,utils::stack-4,1636790440
316,data.table,13318,data.table::melt-0,29922200
316,data.table,13318,reshape2::melt-4,1949171480
316,data.table,13318,tidyr::pivot_longer-4,274279640
316,data.table,13318,reshape2::melt-4,2100339800
316,data.table,13318,tidyr::pivot_longer-0,224944200
316,data.table,13318,reshape2::melt-0,559924760
316,data.table,13318,tidyr::pivot_longer-0,226008560
316,data.table,13318,nc::capture_melt_single-0,1059634200
316,data.table,13318,reshape2::melt-0,574860760
316,data.table,13318,tidyr::gather-0,703321880
316,data.table,13318,tidyr::pivot_longer-4,267351640
316,data.table,13318,cdata::unpivot_to_blocks-4,4340575080
316,data.table,13318,data.table::melt-4,199416680
316,data.table,13318,tidyfast::dt_pivot_longer-0,37288040
316,data.table,13318,tidyfast::dt_pivot_longer-4,223676040
316,data.table,13318,tidyr::gather-0,940618520
316,data.table,13318,cdata::unpivot_to_blocks-4,4481236120
316,data.table,13318,tidyr::gather-0,654491600
316,data.table,13318,utils::stack-4,1614717000
316,data.table,13318,tidyr::pivot_longer-0,224126520
316,data.table,13318,nc::capture_melt_single-0,1034470480
316,data.table,13318,reshape2::melt-4,1931143520
316,data.table,13318,tidyr::gather-4,1989522880
316,data.table,13318,data.table::melt-4,198668520
316,data.table,13318,tidyr::gather-4,2063798800
316,data.table,13318,cdata::unpivot_to_blocks-4,4649363560
316,data.table,13318,reshape2::melt-4,1899697240
316,data.table,13318,data.table::melt-4,198552280
316,data.table,13318,nc::capture_melt_single-4,990330040
316,data.table,13318,utils::stack-4,1626287000
316,data.table,13318,tidyr::gather-4,2017316560
316,data.table,13318,cdata::unpivot_to_blocks-0,3005156120
316,data.table,13318,nc::capture_melt_single-4,1010226280
316,data.table,13318,data.table::melt-0,27502840
316,data.table,13318,data.table::melt-0,27517320
316,data.table,13318,tidyr::pivot_longer-0,239390480
316,data.table,13318,tidyfast::dt_pivot_longer-4,255814720
316,data.table,13318,tidyr::gather-4,2188787920
316,data.table,13318,tidyr::gather-4,1984540640
316,data.table,13318,cdata::unpivot_to_blocks-4,4320682480
316,data.table,13318,tidyr::gather-4,2005655160
316,data.table,13318,tidyfast::dt_pivot_longer-0,37702640
316,data.table,13318,cdata::unpivot_to_blocks-0,2972589000
316,data.table,13318,nc::capture_melt_single-0,1057170680
316,data.table,13318,tidyfast::dt_pivot_longer-4,213748440
316,data.table,13318,tidyfast::dt_pivot_longer-4,214101880
316,data.table,13318,cdata::unpivot_to_blocks-0,2979459120
316,data.table,13318,cdata::unpivot_to_blocks-0,3119851640
316,data.table,13318,nc::capture_melt_single-4,989955120
316,data.table,13318,nc::capture_melt_single-0,1043965360
316,data.table,13318,utils::stack-0,266779160
316,data.table,13318,nc::capture_melt_single-4,989604120
316,data.table,13318,utils::stack-4,1634665720
316,data.table,13318,tidyr::gather-0,693959960
316,data.table,13318,utils::stack-4,1632248600
316,data.table,13318,tidyr::pivot_longer-4,264246160
316,data.table,13318,cdata::unpivot_to_blocks-4,4357884160
316,data.table,13318,tidyr::pivot_longer-4,266329560
316,data.table,13318,tidyfast::dt_pivot_longer-0,91648600
316,data.table,13318,cdata::unpivot_to_blocks-0,3145584320
316,data.table,13318,nc::capture_melt_single-0,1043147960
316,data.table,13318,nc::capture_melt_single-0,1051178960
316,data.table,13318,tidyr::pivot_longer-0,229044400
316,data.table,13318,tidyfast::dt_pivot_longer-4,213536880
316,data.table,13318,reshape2::melt-4,1893237160
316,data.table,13318,reshape2::melt-0,576124440
316,data.table,13318,tidyfast::dt_pivot_longer-4,212085240
316,data.table,13318,data.table::melt-4,198264840
316,data.table,13318,tidyr::pivot_longer-0,232357320
316,data.table,13318,tidyr::pivot_longer-4,297741880
316,data.table,13318,tidyr::pivot_longer-0,235284600
316,data.table,13318,cdata::unpivot_to_blocks-4,4456436920
316,data.table,13318,utils::stack-0,270392560
316,data.table,13318,tidyr::pivot_longer-4,257077320
316,data.table,13318,tidyfast::dt_pivot_longer-4,215200720
316,data.table,13318,tidyr::pivot_longer-4,261479720
316,data.table,13318,tidyr::pivot_longer-0,221594480
316,data.table,13318,cdata::unpivot_to_blocks-0,2996496080
316,data.table,13318,data.table::melt-4,201824080
316,data.table,13318,tidyfast::dt_pivot_longer-4,216896640
316,data.table,13318,data.table::melt-0,27914520
316,data.table,13318,reshape2::melt-4,1929386800
316,data.table,13318,reshape2::melt-4,1930117280
316,data.table,13318,reshape2::melt-0,622028440
316,data.table,13318,reshape2::melt-0,772146240
316,data.table,13318,nc::capture_melt_single-4,969359800
316,data.table,13318,utils::stack-0,299461800
316,data.table,13318,reshape2::melt-4,1912543120
316,data.table,13318,tidyr::pivot_longer-4,264022720
316,data.table,13318,tidyr::gather-4,2005822240
316,data.table,13318,cdata::unpivot_to_blocks-0,3126526480
316,data.table,13318,nc::capture_melt_single-0,1066019320
1000,data.table,42046,tidyr::pivot_longer-0,831242200
1000,data.table,42046,tidyfast::dt_pivot_longer-4,749056960
1000,data.table,42046,tidyfast::dt_pivot_longer-0,149147640
1000,data.table,42046,nc::capture_melt_single-0,3586618840
1000,data.table,42046,reshape2::melt-4,6660682480
1000,data.table,42046,tidyr::gather-0,2537164760
1000,data.table,42046,tidyr::gather-0,2566036800
1000,data.table,42046,tidyfast::dt_pivot_longer-4,805084000
1000,data.table,42046,nc::capture_melt_single-0,3725633600
1000,data.table,42046,tidyr::gather-0,2558232240
1000,data.table,42046,tidyfast::dt_pivot_longer-0,162630600
1000,data.table,42046,data.table::melt-0,103337800
1000,data.table,42046,utils::stack-0,1165507440
1000,data.table,42046,cdata::unpivot_to_blocks-0,37388759640
1000,data.table,42046,tidyr::pivot_longer-4,981521640
1000,data.table,42046,tidyr::pivot_longer-0,909619600
1000,data.table,42046,nc::capture_melt_single-0,3730067480
1000,data.table,42046,cdata::unpivot_to_blocks-0,37228637840
1000,data.table,42046,cdata::unpivot_to_blocks-4,42020353360
1000,data.table,42046,utils::stack-4,5597832840
1000,data.table,42046,tidyr::gather-4,6840415920
1000,data.table,42046,cdata::unpivot_to_blocks-0,37402311960
1000,data.table,42046,reshape2::melt-4,6455606480
1000,data.table,42046,tidyr::pivot_longer-4,987326960
1000,data.table,42046,data.table::melt-4,749084320
1000,data.table,42046,nc::capture_melt_single-4,3638798280
1000,data.table,42046,cdata::unpivot_to_blocks-4,42080601680
1000,data.table,42046,reshape2::melt-0,2202486880
1000,data.table,42046,cdata::unpivot_to_blocks-4,42020358200
1000,data.table,42046,data.table::melt-4,742074800
1000,data.table,42046,reshape2::melt-0,2172301000
1000,data.table,42046,tidyfast::dt_pivot_longer-0,158243200
1000,data.table,42046,data.table::melt-4,746305480
1000,data.table,42046,reshape2::melt-4,6850838240
1000,data.table,42046,tidyfast::dt_pivot_longer-0,158060960
1000,data.table,42046,tidyfast::dt_pivot_longer-4,791280240
1000,data.table,42046,reshape2::melt-0,2279854960
1000,data.table,42046,data.table::melt-0,102242320
1000,data.table,42046,data.table::melt-0,102485680
1000,data.table,42046,nc::capture_melt_single-4,3347662000
1000,data.table,42046,nc::capture_melt_single-4,3368378120
1000,data.table,42046,tidyr::pivot_longer-4,1355817680
1000,data.table,42046,nc::capture_melt_single-4,3256193960
1000,data.table,42046,cdata::unpivot_to_blocks-4,42187612240
1000,data.table,42046,utils::stack-0,1135810000
1000,data.table,42046,data.table::melt-0,102386400
1000,data.table,42046,tidyr::pivot_longer-0,1211076920
1000,data.table,42046,utils::stack-4,5562610640
1000,data.table,42046,reshape2::melt-0,1887270280
1000,data.table,42046,nc::capture_melt_single-4,3344229800
1000,data.table,42046,tidyr::gather-4,7283517040
1000,data.table,42046,tidyr::pivot_longer-0,804004400
1000,data.table,42046,tidyfast::dt_pivot_longer-4,744141200
1000,data.table,42046,tidyr::gather-0,2607216560
1000,data.table,42046,tidyr::pivot_longer-0,826964000
1000,data.table,42046,nc::capture_melt_single-4,3308167400
1000,data.table,42046,reshape2::melt-0,1950707800
1000,data.table,42046,tidyr::pivot_longer-4,943340760
1000,data.table,42046,tidyr::gather-4,6944863560
1000,data.table,42046,reshape2::melt-4,6773651200
1000,data.table,42046,tidyfast::dt_pivot_longer-4,745977680
1000,data.table,42046,nc::capture_melt_single-4,3405971920
1000,data.table,42046,tidyr::gather-4,6567060400
1000,data.table,42046,utils::stack-0,1305453440
1000,data.table,42046,nc::capture_melt_single-0,3421927160
1000,data.table,42046,nc::capture_melt_single-0,3431017520
1000,data.table,42046,tidyr::gather-4,6947731920
1000,data.table,42046,tidyfast::dt_pivot_longer-4,801003480
1000,data.table,42046,reshape2::melt-0,1915150200
1000,data.table,42046,tidyr::gather-4,6939322040
1000,data.table,42046,tidyr::pivot_longer-4,990737720
1000,data.table,42046,nc::capture_melt_single-0,3747921960
1000,data.table,42046,tidyr::gather-4,6926016480
1000,data.table,42046,reshape2::melt-4,6467710320
1000,data.table,42046,nc::capture_melt_single-0,3505495760
1000,data.table,42046,reshape2::melt-4,6826466240
1000,data.table,42046,reshape2::melt-4,6479229360
1000,data.table,42046,utils::stack-0,993053760
1000,data.table,42046,utils::stack-4,5216816920
1000,data.table,42046,tidyr::pivot_longer-0,876280960
1000,data.table,42046,data.table::melt-4,699328960
1000,data.table,42046,cdata::unpivot_to_blocks-0,37473493280
1000,data.table,42046,utils::stack-0,946849000
1000,data.table,42046,tidyfast::dt_pivot_longer-0,161834320
1000,data.table,42046,data.table::melt-0,104144000
1000,data.table,42046,utils::stack-0,918344280
1000,data.table,42046,tidyr::pivot_longer-0,845202640
1000,data.table,42046,tidyr::gather-0,2312232640
1000,data.table,42046,data.table::melt-0,102576600
1000,data.table,42046,nc::capture_melt_single-0,3557542920
1000,data.table,42046,tidyr::gather-4,7151364520
1000,data.table,42046,utils::stack-4,5573234200
1000,data.table,42046,cdata::unpivot_to_blocks-4,41968432600
1000,data.table,42046,reshape2::melt-0,2054126760
1000,data.table,42046,utils::stack-0,1049537880
1000,data.table,42046,tidyr::pivot_longer-0,1240892720
1000,data.table,42046,utils::stack-0,926978680
1000,data.table,42046,tidyfast::dt_pivot_longer-4,750433200
1000,data.table,42046,cdata::unpivot_to_blocks-4,41881846800
1000,data.table,42046,nc::capture_melt_single-0,3658166760
1000,data.table,42046,tidyfast::dt_pivot_longer-4,751566520
1000,data.table,42046,tidyfast::dt_pivot_longer-0,231870080
1000,data.table,42046,data.table::melt-0,102451600
1000,data.table,42046,utils::stack-4,5942143160
1000,data.table,42046,cdata::unpivot_to_blocks-0,37450011360
1000,data.table,42046,cdata::unpivot_to_blocks-4,41996414920
1000,data.table,42046,utils::stack-4,5807753360
1000,data.table,42046,nc::capture_melt_single-4,3780397600
1000,data.table,42046,utils::stack-4,6479836000
1000,data.table,42046,reshape2::melt-0,2003312320
1000,data.table,42046,tidyfast::dt_pivot_longer-0,147403840
1000,data.table,42046,data.table::melt-0,107011920
1000,data.table,42046,cdata::unpivot_to_blocks-0,39671952920
1000,data.table,42046,tidyfast::dt_pivot_longer-0,148585720
1000,data.table,42046,tidyr::pivot_longer-4,1030090760
1000,data.table,42046,tidyr::pivot_longer-4,989920080
1000,data.table,42046,nc::capture_melt_single-4,3691835440
1000,data.table,42046,data.table::melt-4,796841960
1000,data.table,42046,tidyr::gather-0,2858832560
1000,data.table,42046,tidyr::pivot_longer-4,1071290160
1000,data.table,42046,data.table::melt-4,805031840
1000,data.table,42046,data.table::melt-4,794817760
1000,data.table,42046,reshape2::melt-4,6869231680
1000,data.table,42046,tidyr::gather-4,7516392720
1000,data.table,42046,tidyr::pivot_longer-4,1042540720
1000,data.table,42046,data.table::melt-4,788988200
1000,data.table,42046,cdata::unpivot_to_blocks-0,40247246120
1000,data.table,42046,cdata::unpivot_to_blocks-4,44918064600
1000,data.table,42046,cdata::unpivot_to_blocks-4,45567988400
1000,data.table,42046,cdata::unpivot_to_blocks-0,40949381400
1000,data.table,42046,tidyr::pivot_longer-4,1543166680
1000,data.table,42046,nc::capture_melt_single-4,3707593640
1000,data.table,42046,data.table::melt-0,105280320
1000,data.table,42046,data.table::melt-4,855105800
1000,data.table,42046,data.table::melt-4,808847200
1000,data.table,42046,utils::stack-4,7007017800
1000,data.table,42046,utils::stack-4,6764990640
1000,data.table,42046,tidyfast::dt_pivot_longer-0,162772520
1000,data.table,42046,reshape2::melt-4,7660981880
1000,data.table,42046,data.table::melt-0,116721280
1000,data.table,42046,utils::stack-0,1081384280
1000,data.table,42046,cdata::unpivot_to_blocks-4,46430482920
1000,data.table,42046,tidyr::gather-0,2523105840
1000,data.table,42046,tidyr::gather-0,2515718840
1000,data.table,42046,cdata::unpivot_to_blocks-0,41379999200
1000,data.table,42046,tidyr::gather-4,8421151680
1000,data.table,42046,tidyfast::dt_pivot_longer-4,821850360
1000,data.table,42046,reshape2::melt-4,8266696160
1000,data.table,42046,utils::stack-4,6719935320
1000,data.table,42046,tidyr::gather-0,2678665520
1000,data.table,42046,reshape2::melt-0,2223054320
1000,data.table,42046,nc::capture_melt_single-0,4104897040
1000,data.table,42046,tidyr::pivot_longer-0,1411403000
1000,data.table,42046,cdata::unpivot_to_blocks-0,41367248880
1000,data.table,42046,tidyfast::dt_pivot_longer-4,894577680
1000,data.table,42046,tidyr::pivot_longer-0,998214680
1000,data.table,42046,tidyfast::dt_pivot_longer-0,183459360
1000,data.table,42046,utils::stack-0,1557109600
1000,data.table,42046,reshape2::melt-0,2411289400
1000,data.table,42046,tidyr::gather-0,2607115400
