N.rep,data.type,N.col,expr,time
1,data.table,88,nc::capture_melt_single,4196280
1,data.table,88,reshape2::melt-alone,3973720
1,data.table,88,tidyr::gather-alone,7303680
1,data.table,88,stats::reshape-alone,68257200
1,data.table,88,utils::stack-alone,3568280
1,data.table,88,tidyr::gather,34969760
1,data.table,88,cdata::unpivot_to_blocks-alone,28655920
1,data.table,88,cdata::unpivot_to_blocks-alone,26952840
1,data.table,88,tidyr::pivot_longer,11624480
1,data.table,88,stats::reshape,97550080
1,data.table,88,stats::reshape,76662200
1,data.table,88,reshape2::melt-alone,3953120
1,data.table,88,cdata::unpivot_to_blocks,34799600
1,data.table,88,tidyfast::dt_pivot_longer,22581240
1,data.table,88,data.table::melt,2649840
1,data.table,88,reshape2::melt-alone,4001520
1,data.table,88,cdata::unpivot_to_blocks,35813480
1,data.table,88,stats::reshape-alone,68422560
1,data.table,88,tidyr::gather,16805280
1,data.table,88,cdata::unpivot_to_blocks-alone,43450680
1,data.table,88,stats::reshape,78875480
1,data.table,88,utils::stack,12623920
1,data.table,88,utils::stack-alone,3203160
1,data.table,88,utils::stack-alone,3100800
1,data.table,88,reshape2::melt,12962960
1,data.table,88,cdata::unpivot_to_blocks,36048600
1,data.table,88,reshape2::melt,13491520
1,data.table,88,stats::reshape,80950880
1,data.table,88,utils::stack,13305640
1,data.table,88,utils::stack,12856760
1,data.table,88,reshape2::melt-alone,4068760
1,data.table,88,tidyr::pivot_longer,11583160
1,data.table,88,nc::capture_melt_single,4331680
1,data.table,88,nc::capture_melt_single,4067800
1,data.table,88,stats::reshape-alone,87018320
1,data.table,88,reshape2::melt,12976760
1,data.table,88,stats::reshape,76466280
1,data.table,88,tidyr::pivot_longer,11223560
1,data.table,88,stats::reshape,77188920
1,data.table,88,stats::reshape,111587720
1,data.table,88,tidyfast::dt_pivot_longer-alone,887240
1,data.table,88,cdata::unpivot_to_blocks-alone,26577240
1,data.table,88,utils::stack,13228680
1,data.table,88,utils::stack,12728040
1,data.table,88,tidyr::gather-alone,7274840
1,data.table,88,tidyr::gather,16774840
1,data.table,88,cdata::unpivot_to_blocks-alone,27487640
1,data.table,88,cdata::unpivot_to_blocks-alone,27874480
1,data.table,88,tidyr::gather-alone,7764000
1,data.table,88,utils::stack-alone,3894640
1,data.table,88,tidyr::pivot_longer,11901960
1,data.table,88,data.table::melt,2591520
1,data.table,88,stats::reshape-alone,91661600
1,data.table,88,utils::stack-alone,3359880
1,data.table,88,data.table::melt,2349600
1,data.table,88,reshape2::melt,12967360
1,data.table,88,tidyfast::dt_pivot_longer-alone,924880
1,data.table,88,utils::stack,12963560
1,data.table,88,reshape2::melt-alone,4114320
1,data.table,88,tidyr::pivot_longer,11383920
1,data.table,88,reshape2::melt,12844800
1,data.table,88,stats::reshape-alone,69556640
1,data.table,88,stats::reshape-alone,68011960
1,data.table,88,tidyr::gather-alone,7372040
1,data.table,88,nc::capture_melt_single,4163840
1,data.table,88,utils::stack,12934880
1,data.table,88,tidyfast::dt_pivot_longer-alone,970200
1,data.table,88,cdata::unpivot_to_blocks-alone,27221440
1,data.table,88,stats::reshape,96328640
1,data.table,88,tidyr::gather,16236280
1,data.table,88,tidyfast::dt_pivot_longer,22781240
1,data.table,88,tidyfast::dt_pivot_longer-alone,839200
1,data.table,88,nc::capture_melt_single,3987000
1,data.table,88,tidyr::gather,16088240
1,data.table,88,tidyr::gather,16827720
1,data.table,88,tidyr::gather,16298520
1,data.table,88,nc::capture_melt_single,4084760
1,data.table,88,tidyr::gather-alone,7545320
1,data.table,88,nc::capture_melt_single,4146840
1,data.table,88,reshape2::melt-alone,4312800
1,data.table,88,tidyr::gather,16560200
1,data.table,88,data.table::melt,2522320
1,data.table,88,tidyfast::dt_pivot_longer-alone,723320
1,data.table,88,stats::reshape-alone,69147120
1,data.table,88,stats::reshape-alone,87498720
1,data.table,88,utils::stack-alone,3481120
1,data.table,88,tidyr::pivot_longer,11312520
1,data.table,88,cdata::unpivot_to_blocks-alone,26503680
1,data.table,88,data.table::melt,2771560
1,data.table,88,stats::reshape,80037240
1,data.table,88,stats::reshape-alone,70921000
1,data.table,88,utils::stack-alone,3332800
1,data.table,88,tidyr::pivot_longer,11591440
1,data.table,88,data.table::melt,2611080
1,data.table,88,tidyr::gather-alone,7464320
1,data.table,88,reshape2::melt,31324720
1,data.table,88,reshape2::melt,13223440
1,data.table,88,tidyfast::dt_pivot_longer-alone,914760
1,data.table,88,cdata::unpivot_to_blocks,36232440
1,data.table,88,reshape2::melt,12931960
1,data.table,88,nc::capture_melt_single,4089640
1,data.table,88,reshape2::melt-alone,3947520
1,data.table,88,reshape2::melt,12956960
1,data.table,88,tidyr::gather,16662800
1,data.table,88,nc::capture_melt_single,4067160
1,data.table,88,tidyfast::dt_pivot_longer,22377360
1,data.table,88,reshape2::melt-alone,3998920
1,data.table,88,tidyfast::dt_pivot_longer,23289560
1,data.table,88,utils::stack-alone,3614280
1,data.table,88,cdata::unpivot_to_blocks,35777840
1,data.table,88,data.table::melt,2474040
1,data.table,88,tidyfast::dt_pivot_longer,22760240
1,data.table,88,stats::reshape-alone,69079480
1,data.table,88,tidyfast::dt_pivot_longer-alone,778320
1,data.table,88,data.table::melt,2433720
1,data.table,88,stats::reshape,96263800
1,data.table,88,reshape2::melt,12927240
1,data.table,88,cdata::unpivot_to_blocks,34719680
1,data.table,88,cdata::unpivot_to_blocks-alone,27339920
1,data.table,88,utils::stack,13072040
1,data.table,88,tidyfast::dt_pivot_longer-alone,834680
1,data.table,88,utils::stack,12714400
1,data.table,88,utils::stack,12665040
1,data.table,88,tidyfast::dt_pivot_longer,22795560
1,data.table,88,cdata::unpivot_to_blocks,36179280
1,data.table,88,utils::stack-alone,3470880
1,data.table,88,tidyfast::dt_pivot_longer,22648760
1,data.table,88,tidyfast::dt_pivot_longer-alone,838280
1,data.table,88,tidyfast::dt_pivot_longer,22458160
1,data.table,88,reshape2::melt-alone,4106320
1,data.table,88,tidyr::gather-alone,25152680
1,data.table,88,tidyr::gather,16885560
1,data.table,88,data.table::melt,2573080
1,data.table,88,reshape2::melt-alone,4006160
1,data.table,88,tidyfast::dt_pivot_longer,22451320
1,data.table,88,cdata::unpivot_to_blocks-alone,26069280
1,data.table,88,data.table::melt,2831240
1,data.table,88,cdata::unpivot_to_blocks,35269160
1,data.table,88,cdata::unpivot_to_blocks,35107720
1,data.table,88,tidyr::gather-alone,7665880
1,data.table,88,cdata::unpivot_to_blocks,36188080
1,data.table,88,tidyfast::dt_pivot_longer-alone,877840
1,data.table,88,utils::stack-alone,3303680
1,data.table,88,tidyr::gather-alone,8534040
1,data.table,88,nc::capture_melt_single,4420600
1,data.table,88,tidyr::pivot_longer,11688360
1,data.table,88,tidyr::pivot_longer,11479360
1,data.table,88,tidyfast::dt_pivot_longer,22646520
1,data.table,88,tidyr::pivot_longer,11446280
1,data.table,88,tidyr::gather-alone,7289960
3,data.table,172,nc::capture_melt_single,5156040
3,data.table,172,stats::reshape,153265200
3,data.table,172,reshape2::melt-alone,7321360
3,data.table,172,tidyfast::dt_pivot_longer,30646680
3,data.table,172,tidyfast::dt_pivot_longer-alone,1096520
3,data.table,172,tidyr::gather,29736360
3,data.table,172,tidyr::gather-alone,11371680
3,data.table,172,cdata::unpivot_to_blocks-alone,32938440
3,data.table,172,stats::reshape-alone,152865560
3,data.table,172,tidyfast::dt_pivot_longer,30975680
3,data.table,172,data.table::melt,2867480
3,data.table,172,reshape2::melt-alone,7358480
3,data.table,172,cdata::unpivot_to_blocks,49574520
3,data.table,172,tidyr::pivot_longer,13793640
3,data.table,172,tidyfast::dt_pivot_longer-alone,1133240
3,data.table,172,tidyr::pivot_longer,13003160
3,data.table,172,nc::capture_melt_single,5287800
3,data.table,172,cdata::unpivot_to_blocks-alone,50340680
3,data.table,172,reshape2::melt,24600400
3,data.table,172,stats::reshape,151513280
3,data.table,172,tidyr::pivot_longer,12636360
3,data.table,172,reshape2::melt-alone,7417760
3,data.table,172,stats::reshape-alone,157615040
3,data.table,172,tidyr::pivot_longer,13005200
3,data.table,172,tidyr::gather,29089160
3,data.table,172,utils::stack,24311280
3,data.table,172,utils::stack-alone,4953760
3,data.table,172,data.table::melt,3015920
3,data.table,172,tidyr::gather,28867600
3,data.table,172,tidyfast::dt_pivot_longer,32673880
3,data.table,172,cdata::unpivot_to_blocks,51249280
3,data.table,172,stats::reshape-alone,153223040
3,data.table,172,nc::capture_melt_single,4912560
3,data.table,172,reshape2::melt,24465560
3,data.table,172,tidyr::gather-alone,11386920
3,data.table,172,tidyr::gather,29242280
3,data.table,172,utils::stack-alone,4929920
3,data.table,172,tidyr::pivot_longer,12735640
3,data.table,172,tidyr::gather-alone,11172880
3,data.table,172,utils::stack-alone,4971080
3,data.table,172,utils::stack-alone,4745760
3,data.table,172,utils::stack,23177680
3,data.table,172,reshape2::melt,25710280
3,data.table,172,tidyfast::dt_pivot_longer-alone,1102680
3,data.table,172,tidyr::gather,28687640
3,data.table,172,cdata::unpivot_to_blocks,49932040
3,data.table,172,stats::reshape,174116400
3,data.table,172,cdata::unpivot_to_blocks,49766080
3,data.table,172,tidyr::gather-alone,11337480
3,data.table,172,tidyfast::dt_pivot_longer,31073120
3,data.table,172,data.table::melt,2855840
3,data.table,172,tidyfast::dt_pivot_longer-alone,1020800
3,data.table,172,nc::capture_melt_single,4840680
3,data.table,172,tidyfast::dt_pivot_longer,31722000
3,data.table,172,tidyfast::dt_pivot_longer-alone,1158200
3,data.table,172,stats::reshape-alone,153175480
3,data.table,172,tidyr::gather-alone,11131240
3,data.table,172,cdata::unpivot_to_blocks,49368160
3,data.table,172,cdata::unpivot_to_blocks,49742320
3,data.table,172,nc::capture_melt_single,5051320
3,data.table,172,nc::capture_melt_single,4867080
3,data.table,172,utils::stack,23480760
3,data.table,172,tidyfast::dt_pivot_longer,31538840
3,data.table,172,cdata::unpivot_to_blocks-alone,50288560
3,data.table,172,tidyr::gather-alone,11232640
3,data.table,172,stats::reshape,150936400
3,data.table,172,stats::reshape-alone,152933600
3,data.table,172,tidyr::gather-alone,11709720
3,data.table,172,stats::reshape,152604800
3,data.table,172,cdata::unpivot_to_blocks,67745600
3,data.table,172,utils::stack-alone,5024960
3,data.table,172,tidyr::gather,28211400
3,data.table,172,tidyr::gather,28248280
3,data.table,172,tidyfast::dt_pivot_longer-alone,1091280
3,data.table,172,tidyr::pivot_longer,13311280
3,data.table,172,cdata::unpivot_to_blocks-alone,32531360
3,data.table,172,utils::stack,23358560
3,data.table,172,utils::stack-alone,4820360
3,data.table,172,utils::stack,22950600
3,data.table,172,data.table::melt,2892400
3,data.table,172,reshape2::melt,25045440
3,data.table,172,tidyfast::dt_pivot_longer,31271400
3,data.table,172,tidyr::gather-alone,11250280
3,data.table,172,nc::capture_melt_single,5081720
3,data.table,172,stats::reshape-alone,154452600
3,data.table,172,reshape2::melt-alone,7318480
3,data.table,172,cdata::unpivot_to_blocks,49401480
3,data.table,172,utils::stack,22569120
3,data.table,172,tidyr::gather,28580800
3,data.table,172,tidyr::gather,28608560
3,data.table,172,tidyr::gather,28819520
3,data.table,172,cdata::unpivot_to_blocks-alone,32913320
3,data.table,172,stats::reshape-alone,152900920
3,data.table,172,stats::reshape,173770280
3,data.table,172,nc::capture_melt_single,4985080
3,data.table,172,cdata::unpivot_to_blocks,52089520
3,data.table,172,cdata::unpivot_to_blocks,50335760
3,data.table,172,reshape2::melt,24312000
3,data.table,172,tidyr::gather-alone,11239040
3,data.table,172,data.table::melt,2914560
3,data.table,172,tidyfast::dt_pivot_longer-alone,1018000
3,data.table,172,cdata::unpivot_to_blocks-alone,32881720
3,data.table,172,tidyfast::dt_pivot_longer,32136160
3,data.table,172,reshape2::melt,25343040
3,data.table,172,data.table::melt,3021880
3,data.table,172,data.table::melt,2741280
3,data.table,172,tidyfast::dt_pivot_longer,31916240
3,data.table,172,cdata::unpivot_to_blocks-alone,32423120
3,data.table,172,reshape2::melt-alone,7738440
3,data.table,172,data.table::melt,20791200
3,data.table,172,stats::reshape,152418640
3,data.table,172,reshape2::melt,25316040
3,data.table,172,stats::reshape,193377680
3,data.table,172,tidyfast::dt_pivot_longer-alone,1088000
3,data.table,172,tidyfast::dt_pivot_longer-alone,884200
3,data.table,172,tidyr::pivot_longer,12790120
3,data.table,172,data.table::melt,2795200
3,data.table,172,reshape2::melt-alone,7600080
3,data.table,172,stats::reshape,156369720
3,data.table,172,utils::stack-alone,5255520
3,data.table,172,stats::reshape-alone,157002240
3,data.table,172,nc::capture_melt_single,4979640
3,data.table,172,cdata::unpivot_to_blocks-alone,33780280
3,data.table,172,tidyfast::dt_pivot_longer-alone,1180400
3,data.table,172,reshape2::melt-alone,7586400
3,data.table,172,cdata::unpivot_to_blocks-alone,32624840
3,data.table,172,stats::reshape-alone,158359080
3,data.table,172,tidyr::pivot_longer,12962640
3,data.table,172,reshape2::melt-alone,7405320
3,data.table,172,utils::stack-alone,5086400
3,data.table,172,nc::capture_melt_single,4943120
3,data.table,172,utils::stack,23549680
3,data.table,172,reshape2::melt,25734360
3,data.table,172,utils::stack-alone,5316440
3,data.table,172,utils::stack-alone,5489240
3,data.table,172,reshape2::melt-alone,7618600
3,data.table,172,tidyr::pivot_longer,13090920
3,data.table,172,utils::stack,23205880
3,data.table,172,tidyfast::dt_pivot_longer,31876120
3,data.table,172,utils::stack,22938080
3,data.table,172,reshape2::melt-alone,7597360
3,data.table,172,tidyr::gather-alone,30472800
3,data.table,172,stats::reshape-alone,136038480
3,data.table,172,stats::reshape,174853560
3,data.table,172,reshape2::melt,24301640
3,data.table,172,reshape2::melt,24287920
3,data.table,172,tidyr::pivot_longer,14010200
3,data.table,172,data.table::melt,2804360
3,data.table,172,utils::stack,22654880
3,data.table,172,cdata::unpivot_to_blocks-alone,33181280
10,data.table,466,tidyr::gather-alone,24620240
10,data.table,466,tidyr::gather,70789320
10,data.table,466,tidyr::gather,71328840
10,data.table,466,data.table::melt,4107440
10,data.table,466,tidyfast::dt_pivot_longer,60661880
10,data.table,466,reshape2::melt-alone,19374920
10,data.table,466,stats::reshape-alone,413936720
10,data.table,466,tidyfast::dt_pivot_longer-alone,2019840
10,data.table,466,stats::reshape-alone,391441080
10,data.table,466,nc::capture_melt_single,8870840
10,data.table,466,stats::reshape,457315680
10,data.table,466,utils::stack,57892320
10,data.table,466,stats::reshape,435313640
10,data.table,466,reshape2::melt-alone,37419520
10,data.table,466,reshape2::melt,65486000
10,data.table,466,tidyr::gather,70929760
10,data.table,466,utils::stack,57567200
10,data.table,466,reshape2::melt-alone,19151400
10,data.table,466,tidyr::gather-alone,25086600
10,data.table,466,stats::reshape-alone,407736960
10,data.table,466,stats::reshape,440891360
10,data.table,466,nc::capture_melt_single,8781280
10,data.table,466,nc::capture_melt_single,28473520
10,data.table,466,stats::reshape-alone,392435240
10,data.table,466,reshape2::melt,65984640
10,data.table,466,cdata::unpivot_to_blocks-alone,76997720
10,data.table,466,tidyfast::dt_pivot_longer,61171480
10,data.table,466,utils::stack,57600880
10,data.table,466,data.table::melt,4169520
10,data.table,466,stats::reshape-alone,392399960
10,data.table,466,tidyfast::dt_pivot_longer,61569720
10,data.table,466,tidyfast::dt_pivot_longer,87232120
10,data.table,466,tidyfast::dt_pivot_longer-alone,2145920
10,data.table,466,utils::stack-alone,10321560
10,data.table,466,tidyfast::dt_pivot_longer-alone,2110320
10,data.table,466,tidyr::gather,70983960
10,data.table,466,cdata::unpivot_to_blocks-alone,56203280
10,data.table,466,cdata::unpivot_to_blocks,101666880
10,data.table,466,cdata::unpivot_to_blocks-alone,78481160
10,data.table,466,data.table::melt,4849720
10,data.table,466,tidyr::gather-alone,26205160
10,data.table,466,tidyr::pivot_longer,20172280
10,data.table,466,tidyfast::dt_pivot_longer-alone,2254720
10,data.table,466,cdata::unpivot_to_blocks-alone,62622960
10,data.table,466,stats::reshape,676273080
10,data.table,466,stats::reshape,459825360
10,data.table,466,cdata::unpivot_to_blocks,109434360
10,data.table,466,data.table::melt,27622800
10,data.table,466,cdata::unpivot_to_blocks-alone,67880640
10,data.table,466,cdata::unpivot_to_blocks,105780440
10,data.table,466,cdata::unpivot_to_blocks,103822040
10,data.table,466,utils::stack,58508720
10,data.table,466,tidyfast::dt_pivot_longer-alone,2213600
10,data.table,466,tidyr::gather-alone,25246400
10,data.table,466,cdata::unpivot_to_blocks-alone,78694120
10,data.table,466,utils::stack-alone,11156480
10,data.table,466,tidyfast::dt_pivot_longer,63644640
10,data.table,466,cdata::unpivot_to_blocks,107429920
10,data.table,466,stats::reshape-alone,552775800
10,data.table,466,tidyr::pivot_longer,21800960
10,data.table,466,tidyfast::dt_pivot_longer-alone,2320080
10,data.table,466,cdata::unpivot_to_blocks,116445440
10,data.table,466,tidyr::pivot_longer,23400480
10,data.table,466,nc::capture_melt_single,10626800
10,data.table,466,utils::stack-alone,11126240
10,data.table,466,tidyfast::dt_pivot_longer-alone,2250360
10,data.table,466,reshape2::melt-alone,21951440
10,data.table,466,tidyr::pivot_longer,23441040
10,data.table,466,tidyfast::dt_pivot_longer-alone,2163120
10,data.table,466,reshape2::melt,69805920
10,data.table,466,tidyr::gather-alone,57611480
10,data.table,466,data.table::melt,4610440
10,data.table,466,stats::reshape,547719280
10,data.table,466,tidyfast::dt_pivot_longer-alone,2359400
10,data.table,466,reshape2::melt-alone,23850480
10,data.table,466,utils::stack,62742040
10,data.table,466,cdata::unpivot_to_blocks-alone,89995960
10,data.table,466,nc::capture_melt_single,9085640
10,data.table,466,utils::stack,62562560
10,data.table,466,cdata::unpivot_to_blocks-alone,68420680
10,data.table,466,tidyr::pivot_longer,21634000
10,data.table,466,nc::capture_melt_single,9041080
10,data.table,466,tidyfast::dt_pivot_longer-alone,2176160
10,data.table,466,nc::capture_melt_single,9028280
10,data.table,466,reshape2::melt,71513400
10,data.table,466,tidyr::gather,74776560
10,data.table,466,stats::reshape,475883240
10,data.table,466,tidyfast::dt_pivot_longer,61384960
10,data.table,466,stats::reshape,466850320
10,data.table,466,utils::stack-alone,10917440
10,data.table,466,stats::reshape,476291760
10,data.table,466,tidyr::gather,70736520
10,data.table,466,cdata::unpivot_to_blocks-alone,56491040
10,data.table,466,reshape2::melt,66061880
10,data.table,466,nc::capture_melt_single,8672280
10,data.table,466,stats::reshape,466826840
10,data.table,466,utils::stack-alone,10897120
10,data.table,466,tidyfast::dt_pivot_longer,60558520
10,data.table,466,tidyr::gather,71108840
10,data.table,466,utils::stack-alone,10928360
10,data.table,466,tidyfast::dt_pivot_longer,82163480
10,data.table,466,tidyr::gather-alone,26407440
10,data.table,466,nc::capture_melt_single,8907800
10,data.table,466,stats::reshape-alone,401589920
10,data.table,466,tidyr::pivot_longer,45165920
10,data.table,466,nc::capture_melt_single,9081200
10,data.table,466,reshape2::melt,66416680
10,data.table,466,data.table::melt,4644040
10,data.table,466,data.table::melt,4732920
10,data.table,466,reshape2::melt,66505920
10,data.table,466,cdata::unpivot_to_blocks-alone,56093760
10,data.table,466,tidyr::gather-alone,26096360
10,data.table,466,tidyr::pivot_longer,19158800
10,data.table,466,tidyfast::dt_pivot_longer,60730480
10,data.table,466,reshape2::melt-alone,62434400
10,data.table,466,cdata::unpivot_to_blocks,104500560
10,data.table,466,reshape2::melt-alone,19400400
10,data.table,466,utils::stack,57893800
10,data.table,466,stats::reshape-alone,438953360
10,data.table,466,tidyr::gather-alone,24847880
10,data.table,466,reshape2::melt,66003040
10,data.table,466,utils::stack,58045600
10,data.table,466,cdata::unpivot_to_blocks,104294880
10,data.table,466,reshape2::melt-alone,19968280
10,data.table,466,data.table::melt,4374760
10,data.table,466,tidyr::gather,71173800
10,data.table,466,tidyr::pivot_longer,42345960
10,data.table,466,utils::stack-alone,12083960
10,data.table,466,tidyr::gather-alone,24860080
10,data.table,466,stats::reshape-alone,404765600
10,data.table,466,tidyr::pivot_longer,40308040
10,data.table,466,reshape2::melt-alone,22577880
10,data.table,466,reshape2::melt-alone,19382520
10,data.table,466,stats::reshape-alone,404667000
10,data.table,466,tidyfast::dt_pivot_longer,85370880
10,data.table,466,reshape2::melt,68336320
10,data.table,466,cdata::unpivot_to_blocks,102660160
10,data.table,466,data.table::melt,4378840
10,data.table,466,tidyr::gather,70848360
10,data.table,466,utils::stack-alone,11336440
10,data.table,466,utils::stack,61167040
10,data.table,466,data.table::melt,4312360
10,data.table,466,tidyr::gather,73213760
10,data.table,466,cdata::unpivot_to_blocks,127033600
10,data.table,466,utils::stack-alone,10507040
10,data.table,466,reshape2::melt,66699600
10,data.table,466,utils::stack,58932520
10,data.table,466,utils::stack-alone,10632880
10,data.table,466,tidyr::pivot_longer,18324280
10,data.table,466,tidyr::gather-alone,25468400
31,data.table,1348,tidyfast::dt_pivot_longer-alone,5236840
31,data.table,1348,tidyfast::dt_pivot_longer,155767920
31,data.table,1348,tidyfast::dt_pivot_longer-alone,5414000
31,data.table,1348,tidyr::gather,200100800
31,data.table,1348,tidyfast::dt_pivot_longer,156858520
31,data.table,1348,tidyr::gather,207082280
31,data.table,1348,utils::stack-alone,45391040
31,data.table,1348,tidyr::gather-alone,66129240
31,data.table,1348,data.table::melt,8524000
31,data.table,1348,reshape2::melt-alone,57648240
31,data.table,1348,utils::stack-alone,44987200
31,data.table,1348,reshape2::melt,190596560
31,data.table,1348,nc::capture_melt_single,19682960
31,data.table,1348,tidyr::pivot_longer,36187200
31,data.table,1348,reshape2::melt,193059600
31,data.table,1348,data.table::melt,8624480
31,data.table,1348,tidyr::gather-alone,83586520
31,data.table,1348,reshape2::melt-alone,56429680
31,data.table,1348,tidyfast::dt_pivot_longer-alone,5493400
31,data.table,1348,nc::capture_melt_single,19672960
31,data.table,1348,tidyr::pivot_longer,34092400
31,data.table,1348,utils::stack-alone,27110800
31,data.table,1348,nc::capture_melt_single,19876760
31,data.table,1348,tidyr::pivot_longer,51655760
31,data.table,1348,utils::stack-alone,27248800
31,data.table,1348,reshape2::melt-alone,56128360
31,data.table,1348,nc::capture_melt_single,19648280
31,data.table,1348,utils::stack-alone,27071120
31,data.table,1348,utils::stack,164611760
31,data.table,1348,tidyr::gather-alone,82514000
31,data.table,1348,tidyfast::dt_pivot_longer,150787880
31,data.table,1348,tidyr::gather,201599440
31,data.table,1348,reshape2::melt-alone,72544120
31,data.table,1348,reshape2::melt,193308080
31,data.table,1348,reshape2::melt,192153680
31,data.table,1348,tidyfast::dt_pivot_longer,152270120
31,data.table,1348,tidyr::pivot_longer,52550160
31,data.table,1348,tidyfast::dt_pivot_longer-alone,5161400
31,data.table,1348,utils::stack-alone,26873520
31,data.table,1348,data.table::melt,7981200
31,data.table,1348,tidyr::gather,200983720
31,data.table,1348,tidyr::gather-alone,84791960
31,data.table,1348,reshape2::melt,192009280
31,data.table,1348,nc::capture_melt_single,19170040
31,data.table,1348,data.table::melt,8038560
31,data.table,1348,utils::stack-alone,27446160
31,data.table,1348,tidyr::pivot_longer,34505560
31,data.table,1348,nc::capture_melt_single,19839640
31,data.table,1348,utils::stack,163923720
31,data.table,1348,reshape2::melt-alone,74888600
31,data.table,1348,tidyfast::dt_pivot_longer-alone,5528440
31,data.table,1348,tidyr::gather,200992680
31,data.table,1348,tidyr::gather,218209760
31,data.table,1348,reshape2::melt,192281520
31,data.table,1348,utils::stack,162946720
31,data.table,1348,tidyfast::dt_pivot_longer-alone,5110640
31,data.table,1348,reshape2::melt,196303440
31,data.table,1348,tidyfast::dt_pivot_longer,157223040
31,data.table,1348,reshape2::melt-alone,72888200
31,data.table,1348,data.table::melt,8711880
31,data.table,1348,reshape2::melt-alone,56540040
31,data.table,1348,tidyr::gather-alone,244934400
31,data.table,1348,data.table::melt,8270680
31,data.table,1348,tidyfast::dt_pivot_longer-alone,5209680
31,data.table,1348,tidyr::pivot_longer,33751640
31,data.table,1348,tidyfast::dt_pivot_longer,151823280
31,data.table,1348,utils::stack-alone,27338520
31,data.table,1348,utils::stack,165967040
31,data.table,1348,utils::stack,163152960
31,data.table,1348,tidyfast::dt_pivot_longer-alone,5232080
31,data.table,1348,reshape2::melt,209103800
31,data.table,1348,utils::stack-alone,26872240
31,data.table,1348,utils::stack,166512840
31,data.table,1348,tidyr::gather,201565240
31,data.table,1348,utils::stack,180440120
31,data.table,1348,data.table::melt,8052880
31,data.table,1348,nc::capture_melt_single,19293440
31,data.table,1348,tidyr::gather,199848800
31,data.table,1348,data.table::melt,8205240
31,data.table,1348,utils::stack-alone,27274960
31,data.table,1348,tidyr::pivot_longer,34596840
31,data.table,1348,nc::capture_melt_single,20106160
31,data.table,1348,tidyr::gather-alone,85219400
31,data.table,1348,utils::stack,163950360
31,data.table,1348,reshape2::melt-alone,56247200
31,data.table,1348,tidyr::pivot_longer,35195080
31,data.table,1348,tidyr::pivot_longer,34885760
31,data.table,1348,tidyr::pivot_longer,50952400
31,data.table,1348,data.table::melt,8081480
31,data.table,1348,tidyr::gather,201949120
31,data.table,1348,reshape2::melt-alone,56368480
31,data.table,1348,tidyr::gather-alone,84073720
31,data.table,1348,utils::stack,164501920
31,data.table,1348,reshape2::melt,191535080
31,data.table,1348,tidyr::gather-alone,82675880
31,data.table,1348,data.table::melt,8302160
31,data.table,1348,utils::stack,163921200
31,data.table,1348,tidyfast::dt_pivot_longer-alone,5066680
31,data.table,1348,tidyr::gather-alone,65224720
31,data.table,1348,tidyfast::dt_pivot_longer,151245000
31,data.table,1348,tidyfast::dt_pivot_longer,153276480
31,data.table,1348,tidyr::gather,215648640
31,data.table,1348,reshape2::melt,191958000
31,data.table,1348,nc::capture_melt_single,19499920
31,data.table,1348,tidyr::gather-alone,65970000
31,data.table,1348,reshape2::melt-alone,73244720
31,data.table,1348,nc::capture_melt_single,19398720
31,data.table,1348,tidyfast::dt_pivot_longer,152755560
31,data.table,1348,tidyfast::dt_pivot_longer-alone,5318240
31,data.table,1348,tidyfast::dt_pivot_longer,151933400
100,data.table,4246,utils::stack,515356680
100,data.table,4246,utils::stack-alone,102726720
100,data.table,4246,tidyfast::dt_pivot_longer,456301600
100,data.table,4246,tidyr::pivot_longer,85292880
100,data.table,4246,tidyfast::dt_pivot_longer-alone,15812800
100,data.table,4246,tidyr::gather,650248760
100,data.table,4246,utils::stack-alone,96455240
100,data.table,4246,utils::stack-alone,81472880
100,data.table,4246,tidyr::pivot_longer,102370880
100,data.table,4246,data.table::melt,21351360
100,data.table,4246,tidyfast::dt_pivot_longer-alone,15222560
100,data.table,4246,tidyr::gather-alone,217926600
100,data.table,4246,tidyr::pivot_longer,85161000
100,data.table,4246,tidyfast::dt_pivot_longer-alone,15252520
100,data.table,4246,tidyr::gather-alone,220178120
100,data.table,4246,utils::stack,526638800
100,data.table,4246,reshape2::melt-alone,195383920
100,data.table,4246,tidyr::gather-alone,218168080
100,data.table,4246,tidyfast::dt_pivot_longer-alone,15647840
100,data.table,4246,utils::stack-alone,98249600
100,data.table,4246,reshape2::melt-alone,195106080
100,data.table,4246,tidyr::gather,654345160
100,data.table,4246,data.table::melt,21208720
100,data.table,4246,tidyr::gather,651889520
100,data.table,4246,reshape2::melt,627710760
100,data.table,4246,tidyr::gather-alone,223773320
100,data.table,4246,utils::stack,533513120
100,data.table,4246,data.table::melt,21845720
100,data.table,4246,tidyr::pivot_longer,84768040
100,data.table,4246,tidyfast::dt_pivot_longer-alone,15249160
100,data.table,4246,data.table::melt,21607680
100,data.table,4246,reshape2::melt-alone,201728840
100,data.table,4246,utils::stack-alone,98116640
100,data.table,4246,reshape2::melt,665263840
100,data.table,4246,nc::capture_melt_single,57114360
100,data.table,4246,tidyr::gather,689708840
100,data.table,4246,utils::stack,569073720
100,data.table,4246,utils::stack,556336920
100,data.table,4246,reshape2::melt-alone,198063280
100,data.table,4246,tidyr::pivot_longer,104762640
100,data.table,4246,nc::capture_melt_single,57544680
100,data.table,4246,nc::capture_melt_single,57018760
100,data.table,4246,reshape2::melt-alone,202342200
100,data.table,4246,tidyr::gather,642947000
100,data.table,4246,tidyfast::dt_pivot_longer,451677240
100,data.table,4246,tidyr::pivot_longer,86062520
100,data.table,4246,reshape2::melt,640851760
100,data.table,4246,tidyr::gather,649180480
100,data.table,4246,tidyr::pivot_longer,85953800
100,data.table,4246,reshape2::melt-alone,199075720
100,data.table,4246,reshape2::melt,625316520
100,data.table,4246,nc::capture_melt_single,57628560
100,data.table,4246,nc::capture_melt_single,57670480
100,data.table,4246,data.table::melt,21074240
100,data.table,4246,tidyr::gather,661370120
100,data.table,4246,data.table::melt,21473960
100,data.table,4246,utils::stack-alone,81974400
100,data.table,4246,reshape2::melt,653937800
100,data.table,4246,tidyfast::dt_pivot_longer-alone,16415160
100,data.table,4246,reshape2::melt-alone,201698520
100,data.table,4246,data.table::melt,21375000
100,data.table,4246,utils::stack,531469200
100,data.table,4246,tidyr::gather,648907680
100,data.table,4246,tidyfast::dt_pivot_longer-alone,15404120
100,data.table,4246,tidyr::gather-alone,222386200
100,data.table,4246,utils::stack-alone,98471480
100,data.table,4246,tidyr::gather,648975080
100,data.table,4246,reshape2::melt-alone,197125600
100,data.table,4246,tidyr::gather-alone,218393840
100,data.table,4246,tidyfast::dt_pivot_longer,454475280
100,data.table,4246,tidyfast::dt_pivot_longer,453248960
100,data.table,4246,data.table::melt,21884080
100,data.table,4246,tidyr::pivot_longer,106207680
100,data.table,4246,reshape2::melt,623997440
100,data.table,4246,nc::capture_melt_single,57529680
100,data.table,4246,tidyfast::dt_pivot_longer,456281720
100,data.table,4246,reshape2::melt,628307120
100,data.table,4246,tidyfast::dt_pivot_longer,452494400
100,data.table,4246,utils::stack-alone,100704240
100,data.table,4246,utils::stack-alone,81244880
100,data.table,4246,nc::capture_melt_single,57549320
100,data.table,4246,tidyfast::dt_pivot_longer,475061440
100,data.table,4246,tidyr::gather-alone,220066160
100,data.table,4246,nc::capture_melt_single,57131880
100,data.table,4246,tidyr::gather-alone,223662120
100,data.table,4246,utils::stack-alone,99194760
100,data.table,4246,data.table::melt,21586000
100,data.table,4246,tidyfast::dt_pivot_longer,467282360
100,data.table,4246,utils::stack,511059720
100,data.table,4246,tidyr::pivot_longer,106838920
100,data.table,4246,tidyr::gather-alone,219713080
100,data.table,4246,reshape2::melt-alone,198344440
100,data.table,4246,tidyr::pivot_longer,85000120
100,data.table,4246,nc::capture_melt_single,57532400
100,data.table,4246,tidyfast::dt_pivot_longer-alone,15734360
100,data.table,4246,tidyfast::dt_pivot_longer-alone,37631000
100,data.table,4246,reshape2::melt-alone,212714960
100,data.table,4246,tidyfast::dt_pivot_longer-alone,15806200
100,data.table,4246,tidyfast::dt_pivot_longer,453209080
100,data.table,4246,tidyr::gather,648773520
100,data.table,4246,utils::stack,512149400
100,data.table,4246,nc::capture_melt_single,76810640
100,data.table,4246,tidyfast::dt_pivot_longer,453580280
100,data.table,4246,reshape2::melt,631954880
100,data.table,4246,utils::stack,518489560
100,data.table,4246,tidyr::gather-alone,224312240
100,data.table,4246,data.table::melt,22574080
100,data.table,4246,reshape2::melt,627849720
100,data.table,4246,utils::stack,534791880
100,data.table,4246,reshape2::melt,622646360
316,data.table,13318,utils::stack-alone,276867880
316,data.table,13318,reshape2::melt-alone,614269800
316,data.table,13318,utils::stack-alone,293560880
316,data.table,13318,tidyr::gather,2056816600
316,data.table,13318,tidyfast::dt_pivot_longer,1424092640
316,data.table,13318,reshape2::melt,1978115400
316,data.table,13318,data.table::melt,107565920
316,data.table,13318,tidyr::gather-alone,702364680
316,data.table,13318,utils::stack-alone,295369320
316,data.table,13318,tidyfast::dt_pivot_longer-alone,60270880
316,data.table,13318,reshape2::melt-alone,641737400
316,data.table,13318,tidyr::gather-alone,716685480
316,data.table,13318,tidyr::gather-alone,751057880
316,data.table,13318,data.table::melt,75487520
316,data.table,13318,utils::stack-alone,288618840
316,data.table,13318,data.table::melt,91802640
316,data.table,13318,tidyr::gather-alone,704856360
316,data.table,13318,utils::stack,1679608600
316,data.table,13318,reshape2::melt,1998065760
316,data.table,13318,data.table::melt,100427320
316,data.table,13318,reshape2::melt,2190718720
316,data.table,13318,tidyr::gather,2046795920
316,data.table,13318,tidyr::gather-alone,705195680
316,data.table,13318,nc::capture_melt_single,210485600
316,data.table,13318,tidyr::pivot_longer,286640360
316,data.table,13318,tidyr::pivot_longer,262063680
316,data.table,13318,nc::capture_melt_single,213490920
316,data.table,13318,data.table::melt,104443200
316,data.table,13318,tidyfast::dt_pivot_longer,1417950680
316,data.table,13318,reshape2::melt,2197253360
316,data.table,13318,tidyfast::dt_pivot_longer,1421644560
316,data.table,13318,tidyr::gather,2052466680
316,data.table,13318,nc::capture_melt_single,190158080
316,data.table,13318,tidyr::gather-alone,929926280
316,data.table,13318,nc::capture_melt_single,216447520
316,data.table,13318,tidyr::gather,2048337280
316,data.table,13318,tidyfast::dt_pivot_longer-alone,62607520
316,data.table,13318,nc::capture_melt_single,214612040
316,data.table,13318,utils::stack-alone,317209720
316,data.table,13318,reshape2::melt,1976785560
316,data.table,13318,tidyfast::dt_pivot_longer-alone,83657600
316,data.table,13318,tidyr::pivot_longer,478655120
316,data.table,13318,tidyr::pivot_longer,299269040
316,data.table,13318,reshape2::melt-alone,619839280
316,data.table,13318,reshape2::melt-alone,620121840
316,data.table,13318,utils::stack,1682635800
316,data.table,13318,utils::stack-alone,294062080
316,data.table,13318,tidyr::gather,2055339480
316,data.table,13318,utils::stack,1689317920
316,data.table,13318,reshape2::melt-alone,631891520
316,data.table,13318,tidyfast::dt_pivot_longer,1427353240
316,data.table,13318,reshape2::melt-alone,856013520
316,data.table,13318,utils::stack-alone,284810880
316,data.table,13318,reshape2::melt-alone,617613120
316,data.table,13318,data.table::melt,94574720
316,data.table,13318,data.table::melt,72186160
316,data.table,13318,nc::capture_melt_single,191869720
316,data.table,13318,tidyr::gather-alone,724579480
316,data.table,13318,nc::capture_melt_single,194020480
316,data.table,13318,tidyr::gather,2085020360
316,data.table,13318,reshape2::melt-alone,646905920
316,data.table,13318,tidyr::gather-alone,701777680
316,data.table,13318,tidyr::pivot_longer,288052560
316,data.table,13318,tidyfast::dt_pivot_longer-alone,61210920
316,data.table,13318,tidyr::gather,2280193600
316,data.table,13318,tidyfast::dt_pivot_longer,1436837800
316,data.table,13318,utils::stack-alone,293732400
316,data.table,13318,tidyr::pivot_longer,278778080
316,data.table,13318,utils::stack-alone,275839760
316,data.table,13318,tidyfast::dt_pivot_longer,1437502240
316,data.table,13318,tidyfast::dt_pivot_longer,1422029760
316,data.table,13318,reshape2::melt-alone,621548960
316,data.table,13318,tidyfast::dt_pivot_longer-alone,57024000
316,data.table,13318,nc::capture_melt_single,217864280
316,data.table,13318,utils::stack,1713135880
316,data.table,13318,utils::stack,1692989680
316,data.table,13318,utils::stack,1672272840
316,data.table,13318,tidyr::gather-alone,900728040
316,data.table,13318,utils::stack,1658261560
316,data.table,13318,reshape2::melt,1965459200
316,data.table,13318,reshape2::melt,2011177640
316,data.table,13318,tidyfast::dt_pivot_longer,1435187680
316,data.table,13318,tidyr::pivot_longer,292649000
316,data.table,13318,tidyfast::dt_pivot_longer-alone,58132560
316,data.table,13318,nc::capture_melt_single,219284200
316,data.table,13318,tidyr::gather,2257558320
316,data.table,13318,reshape2::melt-alone,622072440
316,data.table,13318,data.table::melt,69552000
316,data.table,13318,tidyfast::dt_pivot_longer-alone,58497360
316,data.table,13318,utils::stack,1659820000
316,data.table,13318,tidyr::pivot_longer,276860120
316,data.table,13318,tidyr::gather,2063866600
316,data.table,13318,reshape2::melt,2019978960
316,data.table,13318,tidyfast::dt_pivot_longer,1432969320
316,data.table,13318,tidyr::pivot_longer,294387360
316,data.table,13318,tidyfast::dt_pivot_longer-alone,57155960
316,data.table,13318,utils::stack-alone,496166800
316,data.table,13318,utils::stack,1685556480
316,data.table,13318,data.table::melt,71096720
316,data.table,13318,tidyr::pivot_longer,284807200
316,data.table,13318,data.table::melt,70252800
316,data.table,13318,tidyfast::dt_pivot_longer-alone,58185720
316,data.table,13318,tidyr::gather-alone,706759360
316,data.table,13318,tidyr::gather,2027253200
316,data.table,13318,reshape2::melt,1998305480
316,data.table,13318,tidyfast::dt_pivot_longer-alone,57973400
316,data.table,13318,utils::stack,1711966880
316,data.table,13318,nc::capture_melt_single,193534720
316,data.table,13318,tidyfast::dt_pivot_longer,1453123920
316,data.table,13318,reshape2::melt,2199989080
1000,data.table,42046,utils::stack-alone,876532760
1000,data.table,42046,tidyfast::dt_pivot_longer-alone,239741720
1000,data.table,42046,tidyr::gather-alone,2292704080
1000,data.table,42046,tidyr::gather-alone,2313038880
1000,data.table,42046,tidyr::gather,6619490880
1000,data.table,42046,utils::stack,5384708720
1000,data.table,42046,utils::stack,5617433720
1000,data.table,42046,utils::stack,5317470000
1000,data.table,42046,tidyr::pivot_longer,1207212520
1000,data.table,42046,reshape2::melt,6280039560
1000,data.table,42046,tidyr::pivot_longer,1209648760
1000,data.table,42046,nc::capture_melt_single,689143760
1000,data.table,42046,data.table::melt,241028800
1000,data.table,42046,tidyr::gather,6884117920
1000,data.table,42046,tidyr::gather-alone,2344648320
1000,data.table,42046,utils::stack,5327895480
1000,data.table,42046,tidyr::pivot_longer,1346174360
1000,data.table,42046,utils::stack-alone,889380280
1000,data.table,42046,tidyr::gather-alone,2510549800
1000,data.table,42046,reshape2::melt-alone,1924911280
1000,data.table,42046,utils::stack,5328436320
1000,data.table,42046,reshape2::melt-alone,2039311600
1000,data.table,42046,tidyfast::dt_pivot_longer,4578269280
1000,data.table,42046,reshape2::melt-alone,2246296720
1000,data.table,42046,reshape2::melt,6298026360
1000,data.table,42046,utils::stack-alone,1008829360
1000,data.table,42046,tidyr::pivot_longer,1004355880
1000,data.table,42046,nc::capture_melt_single,737646280
1000,data.table,42046,nc::capture_melt_single,1029417040
1000,data.table,42046,utils::stack,5540708800
1000,data.table,42046,data.table::melt,242433840
1000,data.table,42046,tidyr::gather,6763036440
1000,data.table,42046,utils::stack-alone,926249600
1000,data.table,42046,utils::stack,5326859320
1000,data.table,42046,utils::stack-alone,1195467360
1000,data.table,42046,utils::stack-alone,912446440
1000,data.table,42046,tidyr::pivot_longer,943603960
1000,data.table,42046,tidyfast::dt_pivot_longer,4578334600
1000,data.table,42046,tidyr::pivot_longer,995001200
1000,data.table,42046,utils::stack-alone,958808200
1000,data.table,42046,reshape2::melt-alone,2177443040
1000,data.table,42046,tidyfast::dt_pivot_longer,4560307320
1000,data.table,42046,data.table::melt,235815680
1000,data.table,42046,tidyr::gather-alone,2398153200
1000,data.table,42046,nc::capture_melt_single,698318720
1000,data.table,42046,tidyr::gather,6883855400
1000,data.table,42046,tidyfast::dt_pivot_longer,4555285960
1000,data.table,42046,tidyfast::dt_pivot_longer,4506931160
1000,data.table,42046,tidyfast::dt_pivot_longer-alone,207372280
1000,data.table,42046,utils::stack-alone,989601880
1000,data.table,42046,tidyfast::dt_pivot_longer-alone,205158560
1000,data.table,42046,utils::stack,5314687560
1000,data.table,42046,utils::stack,5612299520
1000,data.table,42046,tidyr::gather,6862269920
1000,data.table,42046,reshape2::melt-alone,1969319760
1000,data.table,42046,nc::capture_melt_single,732295400
1000,data.table,42046,data.table::melt,245613120
1000,data.table,42046,tidyr::gather,6936489440
1000,data.table,42046,reshape2::melt-alone,1927278200
1000,data.table,42046,reshape2::melt,6347114480
1000,data.table,42046,tidyfast::dt_pivot_longer,4544124360
1000,data.table,42046,data.table::melt,294396240
1000,data.table,42046,tidyr::gather,6883556240
1000,data.table,42046,tidyr::gather,6672334440
1000,data.table,42046,tidyr::gather-alone,2414709080
1000,data.table,42046,tidyr::gather-alone,2344175840
1000,data.table,42046,tidyfast::dt_pivot_longer-alone,205919480
1000,data.table,42046,nc::capture_melt_single,1016252760
1000,data.table,42046,tidyr::pivot_longer,967961080
1000,data.table,42046,tidyfast::dt_pivot_longer-alone,202291760
1000,data.table,42046,nc::capture_melt_single,753928320
1000,data.table,42046,tidyfast::dt_pivot_longer,4564369240
1000,data.table,42046,reshape2::melt,6570603880
1000,data.table,42046,reshape2::melt,6348503320
1000,data.table,42046,reshape2::melt-alone,2026837200
1000,data.table,42046,tidyfast::dt_pivot_longer-alone,245185680
1000,data.table,42046,tidyr::gather-alone,2610491800
1000,data.table,42046,reshape2::melt-alone,1915492760
1000,data.table,42046,utils::stack,5302166440
1000,data.table,42046,data.table::melt,241110520
1000,data.table,42046,tidyr::gather-alone,2590023400
1000,data.table,42046,tidyr::pivot_longer,926822640
1000,data.table,42046,nc::capture_melt_single,690792240
1000,data.table,42046,tidyr::gather,6639001760
1000,data.table,42046,tidyfast::dt_pivot_longer-alone,202176440
1000,data.table,42046,data.table::melt,241645000
1000,data.table,42046,reshape2::melt,6617054080
1000,data.table,42046,utils::stack-alone,963612000
1000,data.table,42046,reshape2::melt,6323359440
1000,data.table,42046,nc::capture_melt_single,720397560
1000,data.table,42046,reshape2::melt,6427595400
1000,data.table,42046,reshape2::melt,6602080240
1000,data.table,42046,tidyr::pivot_longer,982769200
1000,data.table,42046,data.table::melt,276378960
1000,data.table,42046,data.table::melt,243590560
1000,data.table,42046,nc::capture_melt_single,800236200
1000,data.table,42046,tidyfast::dt_pivot_longer-alone,215753280
1000,data.table,42046,tidyfast::dt_pivot_longer-alone,201554840
1000,data.table,42046,utils::stack-alone,1298494320
1000,data.table,42046,tidyfast::dt_pivot_longer-alone,237925720
1000,data.table,42046,tidyr::gather,6660762960
1000,data.table,42046,tidyfast::dt_pivot_longer,4527707520
1000,data.table,42046,tidyr::gather-alone,2428462400
1000,data.table,42046,reshape2::melt-alone,1981832080
1000,data.table,42046,data.table::melt,250449320
1000,data.table,42046,reshape2::melt-alone,2220568760
1000,data.table,42046,tidyfast::dt_pivot_longer,4520115120
1000,data.table,42046,tidyfast::dt_pivot_longer,4802315880
1000,data.table,42046,tidyr::pivot_longer,1010167480
1000,data.table,42046,reshape2::melt,6356552000
