N.rows,expr,time
10,data.table::melt.new.sep,9658800
10,tidyr::pivot_longer,26196040
10,tidyr::pivot_longer,9722240
10,tidyr::pivot_longer,9595200
10,data.table::melt.old.set,1078560
10,data.table::melt.new.sep,7955080
10,data.table::melt.old.set,935920
10,data.table::melt.old.set,920520
10,data.table::melt.new.sep,8187960
10,data.table::melt.old.set,997080
10,data.table::melt.new.var_tab,245120
10,data.table::melt.new.pattern,8207200
10,data.table::melt.new.sep,8238720
10,data.table::melt.old.join,1917960
10,data.table::melt.new.pattern,9026120
10,data.table::melt.new.pattern,8302960
10,data.table::melt.new.var_tab,269280
10,data.table::melt.old.join,1927440
10,data.table::melt.new.var_tab,301400
10,tidyr::pivot_longer,10277360
10,data.table::melt.new.var_tab,361760
10,data.table::melt.old.set,1098680
10,data.table::melt.new.sep,8655640
10,data.table::melt.old.set,1008280
10,data.table::melt.old.join,1912680
10,data.table::melt.new.pattern,8545080
10,data.table::melt.old.set,1087560
10,tidyr::pivot_longer,10560320
10,data.table::melt.old.set,1345320
10,data.table::melt.old.set,1080120
10,data.table::melt.old.join,2205880
10,data.table::melt.new.var_tab,316840
10,tidyr::pivot_longer,11327640
10,data.table::melt.old.join,2277840
10,data.table::melt.new.pattern,9449040
10,data.table::melt.new.sep,9427680
10,tidyr::pivot_longer,11347720
10,data.table::melt.new.var_tab,356360
10,tidyr::pivot_longer,11281560
10,data.table::melt.old.join,2470600
10,data.table::melt.old.join,2394160
10,data.table::melt.new.sep,10116720
10,data.table::melt.new.sep,9691280
10,data.table::melt.new.pattern,9801000
10,data.table::melt.new.pattern,9706480
10,data.table::melt.old.join,2116040
10,data.table::melt.new.pattern,9784720
10,tidyr::pivot_longer,11503720
10,data.table::melt.new.pattern,9804640
10,data.table::melt.old.join,2078600
10,data.table::melt.new.var_tab,321320
10,data.table::melt.new.var_tab,295320
10,data.table::melt.new.var_tab,263840
10,data.table::melt.new.sep,9615520
10,data.table::melt.old.join,2094080
10,tidyr::pivot_longer,11765240
10,data.table::melt.new.pattern,10866320
10,data.table::melt.new.var_tab,302440
10,data.table::melt.new.sep,9809720
10,data.table::melt.old.set,1313520
31,data.table::melt.old.set,1296600
31,data.table::melt.old.set,923920
31,data.table::melt.new.pattern,8110120
31,data.table::melt.old.set,970440
31,data.table::melt.old.join,1747360
31,data.table::melt.new.var_tab,252680
31,data.table::melt.old.set,919320
31,tidyr::pivot_longer,9712520
31,data.table::melt.new.sep,8018480
31,data.table::melt.old.set,929280
31,data.table::melt.old.join,1733880
31,data.table::melt.new.pattern,7876360
31,tidyr::pivot_longer,9689280
31,data.table::melt.new.sep,8006080
31,tidyr::pivot_longer,9571240
31,tidyr::pivot_longer,9725600
31,data.table::melt.new.pattern,9114920
31,tidyr::pivot_longer,10790640
31,tidyr::pivot_longer,9983080
31,data.table::melt.new.pattern,8105120
31,data.table::melt.old.set,974480
31,data.table::melt.old.join,1914080
31,data.table::melt.old.join,1688000
31,data.table::melt.new.sep,7928400
31,data.table::melt.new.sep,7856120
31,data.table::melt.new.pattern,7964880
31,data.table::melt.new.var_tab,235600
31,data.table::melt.new.pattern,7869720
31,data.table::melt.old.set,958240
31,data.table::melt.new.pattern,7808720
31,data.table::melt.new.var_tab,290480
31,data.table::melt.old.join,1918840
31,data.table::melt.old.set,1161080
31,tidyr::pivot_longer,10228320
31,data.table::melt.new.sep,8704720
31,data.table::melt.new.pattern,8536760
31,data.table::melt.new.var_tab,237080
31,data.table::melt.old.join,1790400
31,data.table::melt.new.var_tab,262040
31,data.table::melt.old.join,1686800
31,data.table::melt.new.var_tab,248080
31,data.table::melt.new.var_tab,216320
31,data.table::melt.old.set,997880
31,data.table::melt.new.var_tab,236480
31,data.table::melt.old.join,1736280
31,data.table::melt.new.sep,8122400
31,tidyr::pivot_longer,9702200
31,data.table::melt.new.sep,8376080
31,data.table::melt.old.join,1814520
31,tidyr::pivot_longer,9621200
31,data.table::melt.new.sep,8587760
31,data.table::melt.new.var_tab,252440
31,tidyr::pivot_longer,9619520
31,data.table::melt.new.var_tab,321040
31,data.table::melt.new.pattern,8417240
31,data.table::melt.new.sep,8271240
31,data.table::melt.old.set,1347360
31,data.table::melt.old.join,1862600
31,data.table::melt.new.sep,9079440
31,data.table::melt.new.pattern,8691080
100,data.table::melt.new.pattern,8990720
100,data.table::melt.new.pattern,8228600
100,data.table::melt.old.join,1826760
100,tidyr::pivot_longer,9845440
100,data.table::melt.new.var_tab,319840
100,data.table::melt.new.pattern,8085080
100,data.table::melt.new.var_tab,241560
100,data.table::melt.old.set,945200
100,data.table::melt.new.var_tab,233840
100,data.table::melt.old.set,867800
100,data.table::melt.old.join,1856320
100,data.table::melt.new.sep,7969960
100,data.table::melt.old.set,932520
100,data.table::melt.new.sep,7874800
100,data.table::melt.new.var_tab,241160
100,data.table::melt.old.join,1738160
100,data.table::melt.new.pattern,7925480
100,data.table::melt.old.set,1001320
100,data.table::melt.old.set,889360
100,data.table::melt.old.set,880640
100,tidyr::pivot_longer,9757600
100,tidyr::pivot_longer,9539280
100,tidyr::pivot_longer,9603880
100,data.table::melt.new.sep,8760120
100,data.table::melt.new.sep,13396000
100,data.table::melt.old.join,1762680
100,data.table::melt.old.set,1010120
100,data.table::melt.old.join,1752280
100,tidyr::pivot_longer,9926960
100,tidyr::pivot_longer,9924000
100,data.table::melt.new.sep,8672280
100,data.table::melt.new.var_tab,253160
100,data.table::melt.new.sep,8332480
100,tidyr::pivot_longer,10095880
100,data.table::melt.old.set,1130560
100,data.table::melt.new.var_tab,249960
100,data.table::melt.new.pattern,8305920
100,data.table::melt.old.set,1001040
100,data.table::melt.old.join,1977960
100,data.table::melt.old.join,1772000
100,data.table::melt.new.pattern,8293160
100,data.table::melt.new.var_tab,248880
100,data.table::melt.old.join,1808960
100,tidyr::pivot_longer,10905480
100,data.table::melt.new.var_tab,318120
100,data.table::melt.old.join,1957440
100,data.table::melt.new.var_tab,264160
100,data.table::melt.new.pattern,8582480
100,data.table::melt.new.pattern,8459480
100,data.table::melt.old.join,1841120
100,data.table::melt.new.sep,8309640
100,data.table::melt.new.pattern,8237960
100,data.table::melt.new.sep,8222800
100,tidyr::pivot_longer,10079280
100,data.table::melt.new.pattern,8461040
100,data.table::melt.new.var_tab,252600
100,data.table::melt.new.sep,8326080
100,data.table::melt.new.sep,8236880
100,tidyr::pivot_longer,10204360
100,data.table::melt.old.set,1249760
316,data.table::melt.new.var_tab,472640
316,data.table::melt.old.set,1069400
316,data.table::melt.old.join,1983280
316,data.table::melt.new.var_tab,277680
316,data.table::melt.new.var_tab,231800
316,tidyr::pivot_longer,10621520
316,data.table::melt.new.sep,8109160
316,tidyr::pivot_longer,10007880
316,data.table::melt.new.sep,8095480
316,tidyr::pivot_longer,9881720
316,data.table::melt.old.set,1098680
316,data.table::melt.old.join,1926440
316,tidyr::pivot_longer,9670240
316,data.table::melt.old.join,2003920
316,tidyr::pivot_longer,9644000
316,data.table::melt.new.pattern,8114480
316,data.table::melt.new.var_tab,251720
316,data.table::melt.new.sep,7904040
316,tidyr::pivot_longer,9674360
316,data.table::melt.old.set,1140440
316,data.table::melt.new.sep,8569960
316,data.table::melt.old.join,2030920
316,data.table::melt.new.var_tab,301680
316,data.table::melt.old.join,2126400
316,tidyr::pivot_longer,9754960
316,data.table::melt.old.set,1137040
316,data.table::melt.new.sep,8197040
316,data.table::melt.old.set,949040
316,data.table::melt.new.pattern,8151040
316,data.table::melt.old.set,950040
316,data.table::melt.new.pattern,7947000
316,data.table::melt.old.join,1850320
316,tidyr::pivot_longer,9697120
316,data.table::melt.new.sep,8096880
316,data.table::melt.old.set,949520
316,data.table::melt.old.join,1853600
316,data.table::melt.old.join,1753240
316,data.table::melt.new.pattern,7998960
316,data.table::melt.old.set,951320
316,data.table::melt.new.sep,7948360
316,data.table::melt.new.var_tab,284000
316,data.table::melt.new.pattern,8024840
316,data.table::melt.new.pattern,9258080
316,data.table::melt.old.set,1198920
316,data.table::melt.old.set,1107440
316,data.table::melt.new.pattern,8730360
316,data.table::melt.new.sep,8670440
316,data.table::melt.new.pattern,8006680
316,tidyr::pivot_longer,9965640
316,data.table::melt.new.pattern,8193480
316,data.table::melt.new.sep,8011840
316,data.table::melt.new.var_tab,255920
316,data.table::melt.new.sep,7908800
316,data.table::melt.new.pattern,8546520
316,data.table::melt.new.var_tab,265720
316,data.table::melt.old.join,1998960
316,data.table::melt.new.var_tab,304160
316,data.table::melt.old.join,1973400
316,data.table::melt.new.var_tab,308840
316,tidyr::pivot_longer,10153440
1000,data.table::melt.new.sep,9417120
1000,data.table::melt.new.sep,8439440
1000,data.table::melt.new.sep,9027800
1000,data.table::melt.old.join,2085360
1000,data.table::melt.new.pattern,8204440
1000,data.table::melt.old.set,1132280
1000,data.table::melt.old.join,2017640
1000,data.table::melt.new.pattern,8075800
1000,tidyr::pivot_longer,9990600
1000,tidyr::pivot_longer,9786960
1000,data.table::melt.new.var_tab,360600
1000,data.table::melt.old.set,1058800
1000,data.table::melt.new.sep,8042200
1000,data.table::melt.old.join,2140880
1000,data.table::melt.old.set,1254040
1000,data.table::melt.new.sep,8264680
1000,tidyr::pivot_longer,10248960
1000,tidyr::pivot_longer,10014680
1000,data.table::melt.old.join,2189040
1000,data.table::melt.new.pattern,8656600
1000,data.table::melt.old.join,2281480
1000,data.table::melt.new.sep,8397360
1000,data.table::melt.old.set,998120
1000,data.table::melt.new.var_tab,287840
1000,data.table::melt.new.sep,8363760
1000,data.table::melt.old.join,2034840
1000,tidyr::pivot_longer,10085120
1000,data.table::melt.new.var_tab,371960
1000,data.table::melt.new.sep,8430640
1000,data.table::melt.new.sep,8315440
1000,data.table::melt.old.set,1037840
1000,data.table::melt.new.pattern,8335600
1000,data.table::melt.new.var_tab,301240
1000,tidyr::pivot_longer,10317520
1000,data.table::melt.new.var_tab,368560
1000,data.table::melt.old.set,1101040
1000,data.table::melt.new.pattern,8315280
1000,data.table::melt.new.pattern,8301200
1000,tidyr::pivot_longer,10693680
1000,data.table::melt.old.join,2424600
1000,data.table::melt.old.set,1267560
1000,tidyr::pivot_longer,10463640
1000,data.table::melt.new.var_tab,363000
1000,data.table::melt.new.pattern,8738560
1000,data.table::melt.old.set,1049560
1000,data.table::melt.new.pattern,8362680
1000,data.table::melt.old.set,1024960
1000,data.table::melt.old.join,2364440
1000,data.table::melt.new.var_tab,398520
1000,data.table::melt.new.var_tab,315800
1000,data.table::melt.old.join,2360800
1000,data.table::melt.old.join,2029680
1000,data.table::melt.new.pattern,8388200
1000,data.table::melt.new.sep,8662400
1000,data.table::melt.new.var_tab,298600
1000,data.table::melt.new.pattern,8390160
1000,data.table::melt.new.var_tab,358440
1000,data.table::melt.old.set,1114520
1000,tidyr::pivot_longer,10423520
1000,tidyr::pivot_longer,10853000
3162,data.table::melt.old.set,1548040
3162,data.table::melt.new.sep,8512640
3162,data.table::melt.old.set,1151040
3162,data.table::melt.new.pattern,8347800
3162,data.table::melt.old.join,2454320
3162,data.table::melt.new.var_tab,470840
3162,data.table::melt.new.sep,8595880
3162,data.table::melt.new.pattern,8436920
3162,tidyr::pivot_longer,10964840
3162,data.table::melt.new.sep,8371240
3162,data.table::melt.new.var_tab,417720
3162,data.table::melt.old.join,2525920
3162,data.table::melt.new.var_tab,461280
3162,data.table::melt.old.set,1134680
3162,tidyr::pivot_longer,10710600
3162,data.table::melt.old.join,2732200
3162,data.table::melt.old.set,1316840
3162,tidyr::pivot_longer,10753200
3162,data.table::melt.new.pattern,8423160
3162,data.table::melt.new.pattern,8971280
3162,data.table::melt.old.join,2601400
3162,data.table::melt.new.var_tab,573960
3162,data.table::melt.old.set,1230920
3162,data.table::melt.new.var_tab,516920
3162,data.table::melt.new.sep,8549600
3162,data.table::melt.new.sep,8392480
3162,data.table::melt.old.join,2615520
3162,data.table::melt.new.var_tab,542200
3162,data.table::melt.new.pattern,8344480
3162,tidyr::pivot_longer,11046560
3162,data.table::melt.new.var_tab,583040
3162,data.table::melt.old.set,1322800
3162,tidyr::pivot_longer,10964040
3162,tidyr::pivot_longer,10766280
3162,data.table::melt.old.set,1360120
3162,data.table::melt.new.sep,8272320
3162,data.table::melt.new.pattern,8285280
3162,data.table::melt.new.sep,8294600
3162,data.table::melt.new.var_tab,655720
3162,data.table::melt.new.sep,9649200
3162,data.table::melt.old.set,1357960
3162,data.table::melt.old.set,1231400
3162,data.table::melt.old.join,2704640
3162,data.table::melt.old.set,1348320
3162,tidyr::pivot_longer,11258400
3162,data.table::melt.old.join,2934800
3162,data.table::melt.new.pattern,8431360
3162,data.table::melt.new.pattern,8446920
3162,data.table::melt.old.join,2861600
3162,data.table::melt.new.pattern,8384320
3162,data.table::melt.new.pattern,8381120
3162,data.table::melt.new.var_tab,510440
3162,data.table::melt.new.var_tab,527520
3162,tidyr::pivot_longer,11739360
3162,data.table::melt.old.join,3336080
3162,data.table::melt.new.sep,8460800
3162,data.table::melt.new.sep,8787120
3162,tidyr::pivot_longer,12251760
3162,data.table::melt.old.join,2986960
3162,tidyr::pivot_longer,11372360
10000,tidyr::pivot_longer,12848800
10000,data.table::melt.old.set,1854440
10000,data.table::melt.new.sep,8569480
10000,data.table::melt.new.var_tab,817640
10000,data.table::melt.new.sep,8668280
10000,data.table::melt.old.set,1555960
10000,data.table::melt.new.sep,8572520
10000,data.table::melt.new.pattern,8706120
10000,data.table::melt.new.var_tab,819920
10000,tidyr::pivot_longer,12623480
10000,tidyr::pivot_longer,12435360
10000,tidyr::pivot_longer,13335160
10000,tidyr::pivot_longer,12856760
10000,data.table::melt.new.sep,8940000
10000,data.table::melt.new.pattern,8646040
10000,data.table::melt.new.var_tab,813280
10000,tidyr::pivot_longer,12626760
10000,data.table::melt.new.pattern,8801600
10000,data.table::melt.old.join,3837080
10000,data.table::melt.old.set,1786320
10000,data.table::melt.old.set,1565000
10000,data.table::melt.new.sep,8748360
10000,data.table::melt.old.join,3837280
10000,data.table::melt.old.join,3976760
10000,data.table::melt.old.set,1734680
10000,data.table::melt.old.join,3879280
10000,data.table::melt.new.var_tab,979280
10000,data.table::melt.old.join,3924640
10000,data.table::melt.old.join,3999040
10000,data.table::melt.new.var_tab,1069120
10000,data.table::melt.old.set,1749400
10000,data.table::melt.old.set,1747640
10000,data.table::melt.new.sep,9360200
10000,data.table::melt.new.pattern,18875160
10000,data.table::melt.new.pattern,8597000
10000,data.table::melt.old.set,1584040
10000,data.table::melt.new.var_tab,895520
10000,data.table::melt.old.join,3905240
10000,data.table::melt.new.var_tab,940000
10000,data.table::melt.new.sep,8667120
10000,data.table::melt.new.var_tab,817120
10000,data.table::melt.new.sep,8718480
10000,data.table::melt.new.pattern,8719480
10000,tidyr::pivot_longer,12655120
10000,data.table::melt.old.set,1708400
10000,tidyr::pivot_longer,13130120
10000,tidyr::pivot_longer,13190840
10000,data.table::melt.old.join,4012360
10000,data.table::melt.old.set,1660680
10000,data.table::melt.new.pattern,8728760
10000,data.table::melt.old.join,3832240
10000,data.table::melt.new.pattern,8778120
10000,data.table::melt.new.pattern,8577040
10000,data.table::melt.new.sep,8567160
10000,data.table::melt.new.var_tab,811280
10000,tidyr::pivot_longer,12641960
10000,data.table::melt.new.var_tab,946520
10000,data.table::melt.new.pattern,8751920
10000,data.table::melt.old.join,3844560
10000,data.table::melt.new.sep,8828000
31622,data.table::melt.old.join,8531880
31622,data.table::melt.old.set,3191920
31622,data.table::melt.new.sep,9705680
31622,data.table::melt.old.join,8557600
31622,data.table::melt.old.join,8547880
31622,tidyr::pivot_longer,18962200
31622,data.table::melt.new.sep,9813480
31622,data.table::melt.new.pattern,10307960
31622,tidyr::pivot_longer,22934520
31622,data.table::melt.new.var_tab,3306440
31622,data.table::melt.old.join,18626960
31622,data.table::melt.old.set,3038160
31622,data.table::melt.old.join,8469440
31622,tidyr::pivot_longer,18713240
31622,tidyr::pivot_longer,18668800
31622,data.table::melt.old.set,2942160
31622,data.table::melt.old.join,9436800
31622,data.table::melt.new.sep,18386760
31622,data.table::melt.new.var_tab,2410760
31622,tidyr::pivot_longer,18993160
31622,data.table::melt.new.var_tab,2380640
31622,data.table::melt.new.pattern,9959480
31622,data.table::melt.new.sep,9819920
31622,data.table::melt.new.var_tab,3164560
31622,data.table::melt.new.var_tab,10608000
31622,data.table::melt.old.join,8390640
31622,data.table::melt.new.var_tab,2395320
31622,tidyr::pivot_longer,29737800
31622,data.table::melt.new.sep,9860080
31622,data.table::melt.new.sep,9840680
31622,data.table::melt.old.join,8525920
31622,data.table::melt.old.join,8567400
31622,data.table::melt.old.set,3037520
31622,data.table::melt.new.sep,9697160
31622,data.table::melt.new.pattern,9836920
31622,data.table::melt.new.pattern,9773960
31622,data.table::melt.new.pattern,9854600
31622,data.table::melt.old.set,2902880
31622,data.table::melt.new.var_tab,11341920
31622,tidyr::pivot_longer,19047280
31622,data.table::melt.new.var_tab,2465960
31622,data.table::melt.old.set,2934560
31622,data.table::melt.old.join,15863160
31622,data.table::melt.new.sep,11253520
31622,tidyr::pivot_longer,162558960
31622,tidyr::pivot_longer,18500480
31622,data.table::melt.old.set,3013680
31622,tidyr::pivot_longer,18690800
31622,data.table::melt.new.pattern,9856800
31622,data.table::melt.old.set,2969600
31622,data.table::melt.new.pattern,9750200
31622,data.table::melt.new.var_tab,2424400
31622,data.table::melt.old.set,3011880
31622,data.table::melt.new.sep,9911880
31622,data.table::melt.old.set,3231200
31622,data.table::melt.new.pattern,10357480
31622,data.table::melt.new.pattern,9787560
31622,data.table::melt.new.pattern,10455640
31622,data.table::melt.new.var_tab,3337560
31622,data.table::melt.new.sep,10603120
100000,data.table::melt.new.pattern,13300400
100000,data.table::melt.new.pattern,13731200
100000,data.table::melt.new.sep,12896560
100000,data.table::melt.old.join,22284280
100000,data.table::melt.old.set,6290240
100000,data.table::melt.old.join,35450360
100000,data.table::melt.new.var_tab,20829000
100000,data.table::melt.new.sep,12849480
100000,data.table::melt.old.set,152098160
100000,data.table::melt.old.set,6285960
100000,data.table::melt.new.var_tab,7807480
100000,data.table::melt.new.sep,15809800
100000,data.table::melt.old.set,9927640
100000,data.table::melt.new.pattern,24042200
100000,data.table::melt.old.join,178241320
100000,tidyr::pivot_longer,38257720
100000,data.table::melt.old.join,28193480
100000,data.table::melt.new.sep,25029120
100000,data.table::melt.new.pattern,13257640
100000,data.table::melt.old.join,34007520
100000,tidyr::pivot_longer,183773720
100000,data.table::melt.new.sep,13506200
100000,data.table::melt.new.pattern,13061600
100000,tidyr::pivot_longer,40134160
100000,data.table::melt.new.sep,17341040
100000,data.table::melt.new.pattern,16466320
100000,tidyr::pivot_longer,48841280
100000,data.table::melt.old.set,6276480
100000,data.table::melt.old.join,34277960
100000,tidyr::pivot_longer,37880760
100000,data.table::melt.old.set,6169120
100000,data.table::melt.new.pattern,22756400
100000,data.table::melt.new.sep,14226800
100000,tidyr::pivot_longer,48818760
100000,data.table::melt.old.join,169341400
100000,data.table::melt.new.var_tab,8205200
100000,tidyr::pivot_longer,38642840
100000,data.table::melt.old.join,21850000
100000,tidyr::pivot_longer,47332720
100000,data.table::melt.old.set,6308480
100000,data.table::melt.new.var_tab,7788680
100000,data.table::melt.old.set,6406960
100000,data.table::melt.new.var_tab,15652880
100000,data.table::melt.new.sep,160452960
100000,data.table::melt.new.var_tab,7688560
100000,data.table::melt.new.var_tab,7779760
100000,data.table::melt.new.pattern,12737000
100000,data.table::melt.new.pattern,12748720
100000,data.table::melt.new.var_tab,7803760
100000,data.table::melt.new.sep,12624280
100000,data.table::melt.new.pattern,13705520
100000,tidyr::pivot_longer,37795040
100000,tidyr::pivot_longer,46608120
100000,data.table::melt.old.set,6518400
100000,data.table::melt.old.join,22380240
100000,data.table::melt.new.sep,22045480
100000,data.table::melt.new.var_tab,7783120
100000,data.table::melt.old.set,17923880
100000,data.table::melt.new.var_tab,7975240
100000,data.table::melt.old.join,21973240
316227,tidyr::pivot_longer,109401960
316227,data.table::melt.new.sep,24368360
316227,tidyr::pivot_longer,132329960
316227,data.table::melt.old.set,37416960
316227,data.table::melt.old.join,75481280
316227,data.table::melt.new.sep,196058360
316227,data.table::melt.new.pattern,37988160
316227,data.table::melt.new.pattern,32748760
316227,data.table::melt.old.join,251489600
316227,tidyr::pivot_longer,132479320
316227,data.table::melt.old.join,231778160
316227,data.table::melt.old.set,17367960
316227,data.table::melt.new.var_tab,25190000
316227,data.table::melt.old.set,18346440
316227,data.table::melt.new.sep,32535720
316227,data.table::melt.old.set,29890480
316227,data.table::melt.new.sep,42391640
316227,data.table::melt.new.sep,22282600
316227,data.table::melt.old.join,91977920
316227,data.table::melt.new.var_tab,185588000
316227,data.table::melt.new.pattern,22691680
316227,data.table::melt.new.pattern,23048760
316227,data.table::melt.old.join,65510480
316227,tidyr::pivot_longer,132080240
316227,data.table::melt.new.pattern,192088680
316227,tidyr::pivot_longer,103184200
316227,data.table::melt.new.sep,22497520
316227,data.table::melt.new.var_tab,39061960
316227,data.table::melt.new.var_tab,25041280
316227,data.table::melt.old.join,232087840
316227,data.table::melt.new.pattern,22433800
316227,data.table::melt.old.set,17527760
316227,data.table::melt.new.sep,27863720
316227,data.table::melt.old.join,96646600
316227,tidyr::pivot_longer,266528880
316227,data.table::melt.new.var_tab,26843960
316227,data.table::melt.new.sep,24708520
316227,data.table::melt.old.set,29901520
316227,tidyr::pivot_longer,140735360
316227,data.table::melt.new.pattern,183608880
316227,data.table::melt.old.set,18349640
316227,data.table::melt.new.var_tab,25141760
316227,data.table::melt.old.set,16944520
316227,tidyr::pivot_longer,127189560
316227,data.table::melt.old.join,231819840
316227,data.table::melt.new.var_tab,25424600
316227,data.table::melt.new.sep,22296360
316227,data.table::melt.new.pattern,22390320
316227,data.table::melt.new.var_tab,26589000
316227,tidyr::pivot_longer,122589480
316227,data.table::melt.new.var_tab,46202400
316227,data.table::melt.new.pattern,22675080
316227,data.table::melt.old.set,18761960
316227,data.table::melt.old.set,19858280
316227,data.table::melt.new.sep,43803560
316227,data.table::melt.new.var_tab,199308720
316227,data.table::melt.old.join,66637560
316227,data.table::melt.old.join,68291840
316227,tidyr::pivot_longer,105298640
316227,data.table::melt.new.pattern,24749720
1000000,data.table::melt.old.set,53288480
1000000,data.table::melt.new.pattern,55875000
1000000,tidyr::pivot_longer,343965520
1000000,data.table::melt.old.set,96339360
1000000,data.table::melt.new.var_tab,84183360
1000000,data.table::melt.new.var_tab,119277400
1000000,tidyr::pivot_longer,426104760
1000000,data.table::melt.new.sep,258548880
1000000,data.table::melt.old.set,53287440
1000000,data.table::melt.old.join,300564080
1000000,data.table::melt.old.join,472320280
1000000,data.table::melt.new.var_tab,127758320
1000000,data.table::melt.new.pattern,274045680
1000000,data.table::melt.old.join,223886880
1000000,tidyr::pivot_longer,417670480
1000000,data.table::melt.new.var_tab,89895000
1000000,data.table::melt.old.join,430718840
1000000,data.table::melt.new.pattern,54486280
1000000,data.table::melt.new.var_tab,84756560
1000000,data.table::melt.old.set,54008480
1000000,tidyr::pivot_longer,599578480
1000000,data.table::melt.old.set,54315440
1000000,data.table::melt.new.var_tab,85345120
1000000,data.table::melt.old.join,208156160
1000000,data.table::melt.old.join,489172520
1000000,data.table::melt.old.join,207499280
1000000,data.table::melt.new.sep,53767120
1000000,data.table::melt.new.var_tab,102265120
1000000,data.table::melt.new.var_tab,118886800
1000000,data.table::melt.new.pattern,137233400
1000000,data.table::melt.old.set,289462160
1000000,data.table::melt.old.join,207875360
1000000,data.table::melt.new.sep,54248160
1000000,data.table::melt.new.pattern,54457920
1000000,data.table::melt.old.set,53864200
1000000,data.table::melt.new.sep,94468040
1000000,data.table::melt.new.pattern,105424520
1000000,data.table::melt.old.set,53497680
1000000,data.table::melt.old.join,431095080
1000000,data.table::melt.new.sep,56416360
1000000,data.table::melt.old.join,208587200
1000000,tidyr::pivot_longer,376941320
1000000,data.table::melt.new.sep,55197400
1000000,data.table::melt.old.set,288739120
1000000,data.table::melt.new.var_tab,86099360
1000000,tidyr::pivot_longer,309877160
1000000,data.table::melt.new.var_tab,84617520
1000000,data.table::melt.new.sep,86464840
1000000,data.table::melt.old.set,53104320
1000000,tidyr::pivot_longer,341357080
1000000,data.table::melt.new.pattern,306836880
1000000,data.table::melt.new.pattern,53794880
1000000,data.table::melt.new.sep,55447440
1000000,data.table::melt.new.pattern,54740000
1000000,data.table::melt.new.sep,55401040
1000000,tidyr::pivot_longer,343493440
1000000,tidyr::pivot_longer,337869080
1000000,data.table::melt.new.sep,53880080
1000000,data.table::melt.new.pattern,85859040
1000000,tidyr::pivot_longer,310011480
