{
	"prefix": {
		"prov": "http://www.w3.org/ns/prov#",
		"rdt": "https://github.com/End-to-end-provenance/ExtendedProvJson/blob/master/JSON-format.md"
	},

	"agent" : {
		"rdt:a1": {
			"rdt:tool.name": "rdtLite",
			"rdt:tool.version": "1.3",
			"rdt:json.version": "2.3",
			"rdt:args.names": [
				"overwrite",
				"details",
				"snapshot.size",
				"save.debug"
			],
			"rdt:args.values": [
				"FALSE",
				"TRUE",
				"0",
				"FALSE"
			],
			"rdt:args.types": [
				"logical",
				"logical",
				"numeric",
				"logical"
			]
		}
	},

	"activity" : {
		"rdt:p1": {
			"rdt:name": "factorial.R",
			"rdt:type": "Start",
			"rdt:elapsedTime": "0.89",
			"rdt:scriptNum": 1,
			"rdt:startLine": "NA",
			"rdt:startCol": "NA",
			"rdt:endLine": "NA",
			"rdt:endCol": "NA"
		},
		"rdt:p2": {
			"rdt:name": "factorial <- function (num) {\n  if (num < 0) {\n\treturn (-",
			"rdt:type": "Operation",
			"rdt:elapsedTime": "0.233",
			"rdt:scriptNum": 1,
			"rdt:startLine": 1,
			"rdt:startCol": 1,
			"rdt:endLine": 11,
			"rdt:endCol": 1
		},
		"rdt:p3": {
			"rdt:name": "cat (\"The factorial of\", 5, \"is\", factorial (5), \"\\n\")",
			"rdt:type": "Operation",
			"rdt:elapsedTime": "0.225",
			"rdt:scriptNum": 1,
			"rdt:startLine": 13,
			"rdt:startCol": 1,
			"rdt:endLine": 13,
			"rdt:endCol": 54
		},
		"rdt:p4": {
			"rdt:name": "cat (\"The factorial of\", -5, \"is\", factorial (-5), \"\\n\")",
			"rdt:type": "Operation",
			"rdt:elapsedTime": "0.2",
			"rdt:scriptNum": 1,
			"rdt:startLine": 14,
			"rdt:startCol": 1,
			"rdt:endLine": 14,
			"rdt:endCol": 56
		},
		"rdt:p5": {
			"rdt:name": "cat (\"The factorial of\", 0, \"is\", factorial (0), \"\\n\")",
			"rdt:type": "Operation",
			"rdt:elapsedTime": "0.197",
			"rdt:scriptNum": 1,
			"rdt:startLine": 15,
			"rdt:startCol": 1,
			"rdt:endLine": 15,
			"rdt:endCol": 54
		},
		"rdt:p6": {
			"rdt:name": "factorial.R",
			"rdt:type": "Finish",
			"rdt:elapsedTime": "0.007",
			"rdt:scriptNum": 1,
			"rdt:startLine": "NA",
			"rdt:startCol": "NA",
			"rdt:endLine": "NA",
			"rdt:endCol": "NA"
		}
	},

	"entity" : {
		"rdt:d1": {
			"rdt:name": "factorial",
			"rdt:value": "function (num) {...",
			"rdt:valType": "function",
			"rdt:type": "Data",
			"rdt:scope": "R_GlobalEnv",
			"rdt:fromEnv": false,
			"rdt:hash": "",
			"rdt:timestamp": "",
			"rdt:location": ""
		},
		"rdt:d2": {
			"rdt:name": "output",
			"rdt:value": "The factorial of 5 is 120 ",
			"rdt:valType": "{\"container\":\"vector\", \"dimension\":[1], \"type\":[\"character\"]}",
			"rdt:type": "StandardOutput",
			"rdt:scope": "Standard output",
			"rdt:fromEnv": false,
			"rdt:hash": "",
			"rdt:timestamp": "",
			"rdt:location": ""
		},
		"rdt:d3": {
			"rdt:name": "output",
			"rdt:value": "The factorial of -5 is -1 ",
			"rdt:valType": "{\"container\":\"vector\", \"dimension\":[1], \"type\":[\"character\"]}",
			"rdt:type": "StandardOutput",
			"rdt:scope": "Standard output",
			"rdt:fromEnv": false,
			"rdt:hash": "",
			"rdt:timestamp": "",
			"rdt:location": ""
		},
		"rdt:d4": {
			"rdt:name": "output",
			"rdt:value": "The factorial of 0 is 1 ",
			"rdt:valType": "{\"container\":\"vector\", \"dimension\":[1], \"type\":[\"character\"]}",
			"rdt:type": "StandardOutput",
			"rdt:scope": "Standard output",
			"rdt:fromEnv": false,
			"rdt:hash": "",
			"rdt:timestamp": "",
			"rdt:location": ""
		},

		"rdt:environment": {
			"rdt:name": "environment",
			"rdt:architecture": "x86_64-apple-darwin17.0 (64-bit)",
			"rdt:operatingSystem": "macOS Catalina 10.15.7",
			"rdt:language": "R",
			"rdt:langVersion": "R version 4.0.5 (2021-03-31)",
			"rdt:script": "/Users/blerner/Documents/Process/DataProvenance/workspace/provExplainR/testscripts/factorial-2/factorial.R",
			"rdt:scriptTimeStamp": "2021-03-31T11.58.21EDT",
			"rdt:scriptHash": "426ecf01ebab431cdcbb000a20c3e273",
			"rdt:totalElapsedTime": "1.752",
			"rdt:sourcedScripts": "",
			"rdt:sourcedScriptTimeStamps": "",
			"rdt:sourcedScriptHashes": "",
			"rdt:workingDirectory": "/Users/blerner/Documents/Process/DataProvenance/workspace/provExplainR/testscripts/factorial-2",
			"rdt:provDirectory": "/Users/blerner/Documents/Process/DataProvenance/workspace/provExplainR/inst/testdata/prov_factorial_2021-04-26T16.34.16EDT",
			"rdt:provTimestamp": "2021-04-26T16.34.16EDT",
			"rdt:hashAlgorithm": "md5"
		},

		"rdt:l1": {
			"name": "base",
			"version": "4.0.5",
			"prov:type": {
				"$": "prov:Collection",
				"type": "xsd:QName"
			}
		},
		"rdt:l2": {
			"name": "datasets",
			"version": "4.0.5",
			"prov:type": {
				"$": "prov:Collection",
				"type": "xsd:QName"
			}
		},
		"rdt:l3": {
			"name": "ggplot2",
			"version": "3.3.3",
			"prov:type": {
				"$": "prov:Collection",
				"type": "xsd:QName"
			}
		},
		"rdt:l4": {
			"name": "graphics",
			"version": "4.0.5",
			"prov:type": {
				"$": "prov:Collection",
				"type": "xsd:QName"
			}
		},
		"rdt:l5": {
			"name": "grDevices",
			"version": "4.0.5",
			"prov:type": {
				"$": "prov:Collection",
				"type": "xsd:QName"
			}
		},
		"rdt:l6": {
			"name": "methods",
			"version": "4.0.5",
			"prov:type": {
				"$": "prov:Collection",
				"type": "xsd:QName"
			}
		},
		"rdt:l7": {
			"name": "rdtLite",
			"version": "1.3",
			"prov:type": {
				"$": "prov:Collection",
				"type": "xsd:QName"
			}
		},
		"rdt:l8": {
			"name": "stats",
			"version": "4.0.5",
			"prov:type": {
				"$": "prov:Collection",
				"type": "xsd:QName"
			}
		},
		"rdt:l9": {
			"name": "utils",
			"version": "4.0.5",
			"prov:type": {
				"$": "prov:Collection",
				"type": "xsd:QName"
			}
		}
	},

	"wasInformedBy" : {
		"rdt:pp1": {
			"prov:informant": "rdt:p1",
			"prov:informed": "rdt:p2"
		},
		"rdt:pp2": {
			"prov:informant": "rdt:p2",
			"prov:informed": "rdt:p3"
		},
		"rdt:pp3": {
			"prov:informant": "rdt:p3",
			"prov:informed": "rdt:p4"
		},
		"rdt:pp4": {
			"prov:informant": "rdt:p4",
			"prov:informed": "rdt:p5"
		},
		"rdt:pp5": {
			"prov:informant": "rdt:p5",
			"prov:informed": "rdt:p6"
		}
	},

	"wasGeneratedBy" : {
		"rdt:pd1": {
			"prov:activity": "rdt:p2",
			"prov:entity": "rdt:d1"
		},
		"rdt:pd2": {
			"prov:activity": "rdt:p3",
			"prov:entity": "rdt:d2"
		},
		"rdt:pd3": {
			"prov:activity": "rdt:p4",
			"prov:entity": "rdt:d3"
		},
		"rdt:pd4": {
			"prov:activity": "rdt:p5",
			"prov:entity": "rdt:d4"
		}
	},

	"used" : {
		"rdt:dp1": {
			"prov:entity": "rdt:d1",
			"prov:activity": "rdt:p3"
		},
		"rdt:dp2": {
			"prov:entity": "rdt:d1",
			"prov:activity": "rdt:p4"
		},
		"rdt:dp3": {
			"prov:entity": "rdt:d1",
			"prov:activity": "rdt:p5"
		}
	}
}
