"","V1","V2","V3","V4","V5","V6","V7","V8","V9","V10","V11","V12","V13","V14","V15","V16"
"1","time","circle","2","25","1","stats","0.0011758339824155","0.00114060007035732","0.00112290307879448","0.0011057531228289","0.0011067830491811","0.00110868411138654","0.00110407406464219","0.00110055413097143","0.00109553302172571","0.00110424007289112"
"2","time","circle","3","25","1","stats","0.00135841488372535","0.00132893188856542","0.00130265788175166","0.00129927799571306","0.00130740902386606","0.00128561095334589","0.00128044805023819","0.00127999798860401","0.00128000788390636","0.00128040194977075"
"3","time","circle","4","25","1","stats","0.00140919897239655","0.00136830599512905","0.00134030904155225","0.00134028505999595","0.00132394500542432","0.0013264250010252","0.00132328202016652","0.00131597905419767","0.00131790211889893","0.00131988502107561"
"4","time","circle","2","50","1","stats","0.00542729406151921","0.00532982009463012","0.00531439401675016","0.00531203998252749","0.00531629205215722","0.00531292415689677","0.00530381000135094","0.00528527703136206","0.00530737405642867","0.00529627304058522"
"5","time","circle","3","50","1","stats","0.00446511199697852","0.00428485905285925","0.00429161707870662","0.00427336408756673","0.00427578401286155","0.0042666969820857","0.00428418710362166","0.0042705440428108","0.00425274402368814","0.00427775399293751"
"6","time","circle","4","50","1","stats","0.00502134603448212","0.00486337312031537","0.00483946199528873","0.00485155801288784","0.00484250206500292","0.00484060810413212","0.00483930401969701","0.00483671703841537","0.0048281840281561","0.00484326505102217"
"7","time","circle","2","75","1","stats","0.0193336240481585","0.0192792740417644","0.0192993319360539","0.0192782690282911","0.0192871720064431","0.019289487041533","0.0192931811325252","0.0192625550553203","0.0192855440545827","0.0192707079695538"
"8","time","circle","3","75","1","stats","0.00944450800307095","0.00940350303426385","0.00937136495485902","0.00936244102194905","0.00938479695469141","0.00937953602988273","0.00938273791689426","0.00935451895929873","0.00936476199422032","0.00938210706226528"
"9","time","circle","4","75","1","stats","0.010974919074215","0.010944728157483","0.0109036291250959","0.010918349144049","0.0109298881143332","0.0109037491492927","0.0109094160143286","0.0109140971908346","0.0108857291052118","0.0109368651174009"
"10","time","circle","2","100","1","stats","0.0369553450727835","0.0368074750294909","0.0369314621202648","0.0367972559761256","0.0367938311537728","0.0369248690549284","0.0369623199803755","0.0368935400620103","0.0367635521106422","0.0367813720367849"
"11","time","circle","3","100","1","stats","0.0175119451014325","0.017444443074055","0.0174342580139637","0.0174228650284931","0.0174604430794716","0.0174631610279903","0.0174413130152971","0.0174381709657609","0.0174436899833381","0.0174539450090379"
"12","time","circle","4","100","1","stats","0.0190236428752542","0.0189712079009041","0.0189580889418721","0.0189294049050659","0.0189384309342131","0.0189393719192594","0.0189421778777614","0.0189159188885242","0.0189342949306592","0.0188850139966235"
"13","time","circle","2","125","1","stats","0.0747160410974175","0.0746322351042181","0.0599390191491693","0.0284367331769317","0.0267776111140847","0.0267175000626594","0.026047601015307","0.0258772170636803","0.0259658290306106","0.0259783081710339"
"14","time","circle","3","125","1","stats","0.0282079100143164","0.0282171339495108","0.0281877160305157","0.0282025070628151","0.0222366239177063","0.0107421810971573","0.0108921310165897","0.012596454937011","0.0282522189663723","0.0281753370072693"
"15","time","circle","4","125","1","stats","0.0122826179722324","0.012514058034867","0.0119446770986542","0.0115829010028392","0.0116276730550453","0.0115851730806753","0.0116406009765342","0.0216003840323538","0.0324725441168994","0.0324059709673747"
"16","time","circle","2","150","1","stats","0.0466939471662045","0.0447086330968887","0.0448161511449143","0.0448849541135132","0.0448029860854149","0.0447610941482708","0.0446797331096604","0.044793603126891","0.044718282064423","0.044734247145243"
"17","time","circle","3","150","1","stats","0.0465358010260388","0.0463813149835914","0.0463878229493275","0.0463348248740658","0.0463350218487903","0.04636826494243","0.0463761688442901","0.0402345309266821","0.0396552459569648","0.0396453769644722"
"18","time","circle","4","150","1","stats","0.0491427748929709","0.0490716338390484","0.0491053098812699","0.0490994588471949","0.045396446948871","0.0421636449173093","0.0421738858567551","0.0421436069300398","0.042109465925023","0.0420892649563029"
"19","time","circle","2","175","1","stats","0.052784119034186","0.0513750710524619","0.0514217030722648","0.0513564801076427","0.0516842900542542","0.0513080500531942","0.0512094480218366","0.0512928309617564","0.0514099469874054","0.0514383709523827"
"20","time","circle","3","175","1","stats","0.0197812350234017","0.0197517250198871","0.0197288210038096","0.0197839689208195","0.0197683259611949","0.0197828360833228","0.0197576840873808","0.0197836260776967","0.0198546230094507","0.0198699899483472"
"21","time","circle","4","175","1","stats","0.0615123469615355","0.0753086130134761","0.0612407138105482","0.0612099339487031","0.0379204988712445","0.0244692809646949","0.0244929338805377","0.0244728568941355","0.0244579609716311","0.0245188578264788"
"22","time","circle","2","200","1","stats","0.111761170090176","0.113095299107954","0.112655790988356","0.113622686010785","0.113344567012973","0.113598941010423","0.113438650034368","0.114016860025004","0.114960264996625","0.118680504965596"
"23","time","circle","3","200","1","stats","0.0653680600225925","0.0654188760090619","0.0513330850517377","0.0261699930997565","0.0261196669889614","0.0261129809077829","0.026097838068381","0.02609257993754","0.0261750629870221","0.0261150610167533"
"24","time","circle","4","200","1","stats","0.0313561458606273","0.0313735810341313","0.0313584009418264","0.0313699819380417","0.031330800964497","0.0316833119140938","0.0314351199194789","0.0312884859740734","0.0313105910317972","0.0312893779482692"
"25","time","circle","2","225","1","stats","0.115374287008308","0.116897130967118","0.117383667966351","0.117247369023971","0.118026399984956","0.123468200094067","0.118178969947621","0.115714708110318","0.115778596024029","0.115424568066373"
"26","time","circle","3","225","1","stats","0.0346019589342177","0.0345224100165069","0.0344583130208775","0.0344883060315624","0.0345330861164257","0.0344464121153578","0.0345161979785189","0.0345708359964192","0.0345537969842553","0.034613475902006"
"27","time","circle","4","225","1","stats","0.0393190620234236","0.0393049470148981","0.0393024989170954","0.0393852408742532","0.0393289879430085","0.0393507468979806","0.0394368609413505","0.0393085068790242","0.0393820619210601","0.0393259569536895"
"28","time","circle","2","250","1","stats","0.16574883996509","0.165213027969003","0.165498175076209","0.166649759979919","0.166437929030508","0.166646740981378","0.166874935035594","0.166817546938546","0.166432727011852","0.166061722906306"
"29","time","circle","3","250","1","stats","0.0423587609548122","0.0420516129815951","0.0421344509813935","0.0422033560462296","0.042285816045478","0.042696182965301","0.0426773939980194","0.042831035098061","0.0425274210283533","0.0424982239492238"
"30","time","circle","4","250","1","stats","0.0557034949306399","0.0556195901008323","0.0556083510164171","0.0556046640267596","0.0556223960593343","0.0555615409975871","0.0560750639997423","0.0557814610656351","0.055506173055619","0.0555773879168555"
"31","time","circle","2","275","1","stats","0.261577058001421","0.262139567057602","0.262893325998448","0.262345721945167","0.261239811079577","0.260737445089035","0.258174479007721","0.25768064300064","0.257587557076477","0.257150349905714"
"32","time","circle","3","275","1","stats","0.0525216050446033","0.0525597840314731","0.052702615968883","0.0526096780085936","0.0526073740329593","0.0526060190750286","0.052564364974387","0.0525321150198579","0.0525613789213821","0.0530734290368855"
"33","time","circle","4","275","1","stats","0.0643215840682387","0.0643014630768448","0.0642719760071486","0.0645459410734475","0.0647314679808915","0.0644250940531492","0.0644406619248912","0.0646631029667333","0.0644963800441474","0.0643922729650512"
"34","time","circle","2","300","1","stats","0.350047507905401","0.354368056054227","0.360200065071695","0.361513688927516","0.361344547942281","0.361000195029192","0.363573617069051","0.361667164019309","0.362662781961262","0.362673701019958"
"35","time","circle","3","300","1","stats","0.0635345199843869","0.0637885780306533","0.0635111840674654","0.0632693810621276","0.0633352861041203","0.0632871820125729","0.0633435930358246","0.0639634280232713","0.0638738820562139","0.0640084390761331"
"36","time","circle","4","300","1","stats","0.0906165610067546","0.090980576002039","0.090451049967669","0.0903308319393545","0.0908977019134909","0.0904768139589578","0.089320583967492","0.0901048060040921","0.0894222059287131","0.0892627439461648"
"37","time","circle","2","325","1","stats","0.426338293007575","0.429321151925251","0.432645482942462","0.429250024841167","0.430802664952353","0.43132394796703","0.426133102038875","0.436083427863196","0.424673237954266","0.426522606983781"
"38","time","circle","3","325","1","stats","0.0731039379024878","0.0729045890038833","0.0735655369935557","0.0728788459673524","0.0728257360169664","0.0726320609683171","0.0736544199753553","0.0739736329996958","0.0728050540201366","0.0726573569700122"
"39","time","circle","4","325","1","stats","0.103749846108258","0.104410393978469","0.105258489027619","0.104613878997043","0.106872437987477","0.104788039927371","0.104376708040945","0.105231605935842","0.104896585922688","0.105045490083285"
"40","time","circle","2","350","1","stats","0.588091163081117","0.591340475017205","0.597748251049779","0.605908776051365","0.606329797068611","0.605521347024478","0.606689378037117","0.604349186061881","0.606908968067728","0.603675176156685"
"41","time","circle","3","350","1","stats","0.0998359710210934","0.0995734910247847","0.100450346129946","0.0989639980252832","0.100718957139179","0.0994545981520787","0.0998366330750287","0.100105796125717","0.100657553062774","0.0992571230744943"
"42","time","circle","4","350","1","stats","0.142058501951396","0.14160097297281","0.143732003984042","0.143873623921536","0.144737180904485","0.145828951033764","0.143061614013277","0.142627205932513","0.142689696978778","0.143157570972107"
"43","time","circle","2","375","1","stats","0.526256260112859","0.525484317913651","0.526228016940877","0.525544740026817","0.525951360003091","0.523792468011379","0.525427061016671","0.525326012051664","0.526493386016227","0.526996857952327"
"44","time","circle","3","375","1","stats","0.121791781042702","0.120316229062155","0.120699708000757","0.119959666975774","0.12003667303361","0.120147585053928","0.120355246122926","0.120204553124495","0.120213808026165","0.1246161890449"
"45","time","circle","4","375","1","stats","0.133757557952777","0.132663615862839","0.132670172955841","0.132682265015319","0.132867586915381","0.132755678961985","0.134497438906692","0.137117061880417","0.134044671896845","0.133889589924365"
"46","time","circle","2","400","1","stats","0.907278234022669","0.906693272059783","0.910658543929458","0.931293071946129","0.912171675008722","0.908822815050371","0.908015217049979","0.908085598959588","0.905331947957166","0.909992822096683"
"47","time","circle","3","400","1","stats","0.129607870127074","0.129225105047226","0.129168193088844","0.128332352032885","0.12981331103947","0.128961693029851","0.12860198400449","0.128887208062224","0.127915891003795","0.127456378075294"
"48","time","circle","4","400","1","stats","0.180620805942453","0.179139557061717","0.179177428013645","0.179715204052627","0.178258438012563","0.180119006079622","0.182597080012783","0.182097502052784","0.182306897011586","0.181321648997255"
"49","time","circle","2","425","1","stats","0.790977952070534","0.780778376967646","0.784417349961586","0.800388552015647","0.795427419943735","0.80313620204106","0.805657117045484","0.799561556079425","0.798594472929835","0.800847036996856"
"50","time","circle","3","425","1","stats","0.14772634091787","0.146280485903844","0.146650012000464","0.147520732949488","0.148334512021393","0.147708456031978","0.146454926929437","0.147915722918697","0.150235465960577","0.147334556910209"
"51","time","circle","4","425","1","stats","0.207372759119608","0.206533172051422","0.206538165104575","0.207265772041865","0.206678538117558","0.201499658054672","0.20177185011562","0.200892835156992","0.201218724134378","0.207503487123176"
"52","time","circle","2","450","1","stats","1.19039089104626","1.19250359793659","1.19020748697221","1.18363075703382","1.16290860204026","1.17298112995923","1.20044546900317","1.1910064710537","1.19975562696345","1.19603716407437"
"53","time","circle","3","450","1","stats","0.171543264994398","0.172616811934859","0.178426285972819","0.173605863004923","0.173811512882821","0.172860883874819","0.172538935905322","0.173038172884844","0.172644267906435","0.178418016876094"
"54","time","circle","4","450","1","stats","0.244034642004408","0.245497648022138","0.24496913398616","0.245441003935412","0.244229323929176","0.244636122952215","0.25011519191321","0.244594521936961","0.246878149919212","0.245647270930931"
"55","time","circle","2","475","1","stats","1.44174140202813","1.43226967810187","1.4333763710456","1.45012884901371","1.46066739910748","1.45560934999958","1.43328468000982","1.43938131013419","1.45551775000058","1.46816424711142"
"56","time","circle","3","475","1","stats","0.174551176954992","0.174595676013269","0.17443432402797","0.177354258019477","0.174905359977856","0.174731353064999","0.173635417013429","0.173842294025235","0.17410013906192","0.174511241028085"
"57","time","circle","4","475","1","stats","0.250347030931152","0.249620556016453","0.249111969955266","0.254750457941554","0.252368526998907","0.249660938046873","0.250227258889936","0.250199228990823","0.251022140029818","0.24945889506489"
"58","time","circle","2","500","1","stats","1.83641870203428","1.83480343595147","1.78839938493911","1.80931682197843","1.79734880791511","1.79826181696262","1.80372230103239","1.80141321395058","1.80411865399219","1.8015690559987"
"59","time","circle","3","500","1","stats","0.200771753094159","0.202860918012448","0.200699585024267","0.19899698602967","0.200870941975154","0.202437152969651","0.201915196026675","0.199332206975669","0.199486398953013","0.199599787010811"
"60","time","circle","4","500","1","stats","0.306652808911167","0.307429537875578","0.307828580960631","0.310903641860932","0.311271761893295","0.311406367807649","0.31307845399715","0.311665066983551","0.310450918972492","0.313645638874732"
"61","time","circle","3","20","2","stats","0.00114211102481931","0.0011510670883581","0.00113495904952288","0.00113624811638147","0.00113087112549692","0.00113293202593923","0.00112985109444708","0.00112875201739371","0.00114548613782972","0.00112969905603677"
"62","time","circle","4","20","2","stats","0.00110247009433806","0.00110311806201935","0.00109423603862524","0.00109617598354816","0.00111049704719335","0.0010940229985863","0.00109226501081139","0.00110900506842881","0.00109316897578537","0.0010934880701825"
"63","time","circle","3","40","2","stats","0.0087688498897478","0.00876670889556408","0.00878283695783466","0.00877024792134762","0.00875647191423923","0.00875502789858729","0.00875459285452962","0.0087631419301033","0.00875215092673898","0.00876388791948557"
"64","time","circle","4","40","2","stats","0.00894476287066936","0.00922932580579072","0.009066809900105","0.00909730885177851","0.0089222239330411","0.00894934288226068","0.00895301497075707","0.0089218879584223","0.00892544386442751","0.00892386597115546"
"65","time","circle","3","60","2","stats","0.0314052100293338","0.031356772989966","0.0314611860085279","0.0315123229520395","0.0317870000144467","0.0314849800197408","0.0313659600215033","0.0326503090327606","0.0315381459658965","0.0314145620213822"
"66","time","circle","4","60","2","stats","0.0320588910253718","0.032072086003609","0.0318813831545413","0.0318770830053836","0.0319331251084805","0.0319465569918975","0.0328117350582033","0.0321228220127523","0.0320084580453113","0.0320100020617247"
"67","time","circle","3","80","2","stats","0.106414746958762","0.106154407956637","0.106191219063476","0.106276732985862","0.106089195003733","0.106708209961653","0.106237597996369","0.106338285026141","0.105899199028499","0.104313764022663"
"68","time","circle","4","80","2","stats","0.0816294919932261","0.0796181990299374","0.0799358799122274","0.0796359680825844","0.0796088469214737","0.0796341230161488","0.079591159010306","0.0795536099467427","0.0798889740835875","0.0793000539997593"
"69","time","circle","3","100","2","stats","0.176612984039821","0.179751337971538","0.177364254952408","0.17750419897493","0.177727969945408","0.175249005085789","0.175303787109442","0.175846213009208","0.171573349973187","0.175237801042385"
"70","time","circle","4","100","2","stats","0.155592359020375","0.156241514021531","0.155975196044892","0.157101279939525","0.157199637964368","0.156366129056551","0.156106706010178","0.156980809057131","0.153293131035753","0.15547462401446"
"71","time","circle","3","120","2","stats","0.364703632891178","0.364845267962664","0.363353008055128","0.368054177961312","0.373653786955401","0.375185335986316","0.371252647018991","0.374156901962124","0.371661366079934","0.376982285059057"
"72","time","circle","4","120","2","stats","0.283749819034711","0.284584125038236","0.284434484085068","0.283958877087571","0.277292742975987","0.282249748008326","0.286064135027118","0.283574544941075","0.284268770017661","0.284673291025683"
"73","time","circle","3","140","2","stats","0.704172168043442","0.702616324066184","0.701687032007612","0.704946754034609","0.694842495024204","0.704437148058787","0.704352939967066","0.702136688982137","0.705201996024698","0.699822396971285"
"74","time","circle","4","140","2","stats","0.472831377061084","0.469189695082605","0.471545717096888","0.469064624165185","0.469498544116504","0.466563730034977","0.46813399810344","0.474605406052433","0.467213077121414","0.471562462043948"
"75","time","circle","3","160","2","stats","0.988957496010698","0.98317733395379","0.979012693045661","0.980278647039086","0.986097045941278","0.984951676917262","0.984572712914087","0.990225287969224","0.996744822943583","0.989620266947895"
"76","time","circle","4","160","2","stats","0.717880208976567","0.710668244981207","0.724966955021955","0.720959773054346","0.719418104970828","0.726383447065018","0.716458351002075","0.704141721944325","0.718659132020548","0.72115959902294"
"77","time","circle","3","180","2","stats","2.08145268401131","2.12145012407564","2.11881967890076","2.12719095207285","2.13024367508478","2.07367121602874","2.09070950199384","2.07639789697714","2.08005778898951","2.08132587198634"
"78","time","circle","4","180","2","stats","1.07044987101108","1.07458976004273","1.09404161595739","1.09743845800404","1.08603948401287","1.09692272695247","1.08333116699941","1.09964880708139","1.07901307800785","1.09880333801266"
"79","time","circle","3","200","2","stats","2.35031767596956","2.34706188400742","2.3528558179969","2.35800267104059","2.39829078095499","2.39007901900914","2.40238703705836","2.38006016507279","2.43275022006128","2.41399508004542"
"80","time","circle","4","200","2","stats","1.49348953203298","1.49366269703023","1.47419746499509","1.50219257001299","1.49896717397496","1.49624627502635","1.53570146905258","1.50808061496355","1.5179550970206","1.53176246199291"
"81","time","circle","3","220","2","stats","3.74225176905748","3.75724498997442","3.74373524007387","3.74482730694581","3.739388489048","3.73682876501698","3.77248298702762","3.80197844002396","3.78239771607332","3.7982063270174"
"82","time","circle","4","220","2","stats","2.02387293986976","1.97882164188195","2.01694821484853","1.98760135297198","2.01375405688304","1.99998012580909","2.00968483090401","2.02635490300599","2.04071269091219","2.05218214483466"
"83","time","circle","3","240","2","stats","5.62117461091839","5.54993510898203","5.50359866593499","5.5057745060185","5.54685954004526","5.49329341005068","5.58081757405307","5.54518266406376","5.57173436903395","5.57779098302126"
"84","time","circle","4","240","2","stats","2.70003840711433","2.69237930711824","2.67593121505342","2.69020299811382","2.66575254499912","2.68513312807772","2.68942164210603","2.71062698098831","2.67569996905513","2.67859181610402"
"85","time","circle","3","260","2","stats","9.64548702992033","9.53956368390936","9.57547544001136","9.67862985190004","9.61709871795028","9.62356427696068","9.61049098696094","9.73836433386896","9.68933407799341","9.62762843293604"
"86","time","circle","4","260","2","stats","3.50677812309004","3.49362549406942","3.42701850400772","3.45879568695091","3.45607234095223","3.44131625303999","3.47658225300256","3.47067215107381","3.49672917590942","3.48996593302581"
"87","time","circle","3","280","2","stats","7.50700830796268","7.51296514191199","7.45983555889688","7.48851490486413","7.47603331087157","7.42282571492251","7.44856438192073","7.43910384899937","7.43053487094585","7.46826587303076"
"88","time","circle","4","280","2","stats","4.35888174991123","4.393555112998","4.36247903597541","4.37730159098282","4.34001969499514","4.32643104693852","4.3686990509741","4.33899308997206","4.35479009791743","4.33248389791697"
"89","time","circle","3","300","2","stats","11.0360106681474","11.047686573118","11.1573971300386","11.0342090820195","11.0882032361114","11.0616041681496","11.0317604080774","11.0968155150767","10.9750344450586","10.9867320120102"
"90","time","circle","4","300","2","stats","5.47885310009588","5.48399450210854","5.45524349110201","5.39303184312303","5.42649859504309","5.40140611398965","5.45880839403253","5.42206208198331","5.41537577402778","5.43308942508884"
"91","time","circle","3","320","2","stats","12.1772946480196","12.2037446130998","12.1701431999682","12.4410637229448","12.3972272690153","12.4836821299978","12.461125654052","12.410082155955","12.5051121440483","12.4134262360167"
"92","time","circle","4","320","2","stats","6.7206111830892","6.74889261415228","6.69614594103768","6.738859414123","6.72768534510396","6.6523458660813","6.64840026304591","6.65607903606724","6.65284354204778","6.65202004904859"
"93","time","circle","3","340","2","stats","18.0049216969637","18.0750470849453","18.0729516419815","17.9952307359781","17.756445224979","17.8611671889666","17.9093234470347","17.9457846239675","17.9524739059852","17.9610880890395"
"94","time","circle","4","340","2","stats","8.25584084598813","8.26460422808304","8.2768322720658","8.22710209107026","8.27952865906991","8.20807679509744","8.2737746220082","8.25595853105187","8.35394391196314","8.33783627394587"
"95","time","circle","3","360","2","stats","19.7083784579299","19.7116984889144","19.9452267439337","19.788203666918","19.8904777020216","19.8155576939462","19.7923598169582","19.8808451369405","19.7400742218597","19.8571076479275"
"96","time","circle","4","360","2","stats","9.59362027002499","9.57673296006396","9.6611480669817","9.62946257903241","9.70678927807603","9.67021113901865","9.69389005808625","9.69834977702703","9.64845032501034","9.74402616906445"
"97","time","circle","3","380","2","stats","35.863086962956","35.9660970610566","35.957998258993","36.2643220600439","36.1558538181707","35.9192591101164","35.7266986641334","35.7844544530381","35.8015378410928","35.8731786881108"
"98","time","circle","4","380","2","stats","11.5290276069427","11.4616986190667","11.4001050529769","11.5538187220227","11.4665669210954","11.3783950340003","11.4029144750675","11.3477536250139","11.3704862090526","11.4180600780528"
"99","time","circle","3","400","2","stats","29.4597329848912","29.067940186942","29.0781860089628","29.2908637949731","29.2406530429143","29.3804597079288","29.3627343509579","29.5524420299334","29.1956918118522","29.3088573339628"
"100","time","circle","4","400","2","stats","13.6478140740655","13.6517260940745","13.5346065870253","13.6528331690934","13.4970865141368","13.4522697400535","13.533691809047","13.356198029127","13.4236263600178","13.4164085250814"
"101","time","circle","3","420","2","stats","30.2864218530012","30.3547802000539","30.3578225420788","30.3914853089955","30.1988990620011","30.360842427006","30.2687554709846","30.14602758002","30.1184483669931","30.2286588940769"
"102","time","circle","4","420","2","stats","15.6989742419682","15.5800029679667","15.7337148179067","15.6964278640226","15.77331245807","15.6892620970029","15.5966778600123","15.7130568610737","15.7242408569437","15.6130943669705"
"103","time","circle","3","440","2","stats","55.920556145953","55.6553394920193","55.7542794831097","55.7906336510787","55.5665532951243","55.4376470620045","55.3275620540371","55.2967712050304","55.4337294460274","55.1716676569777"
"104","time","circle","4","440","2","stats","18.0256120210979","17.7695314750308","17.9193814981263","17.7190426090965","17.9813949851086","17.8962573030731","17.8359071221203","17.8498230910627","17.8492051591165","18.0547956600785"
"105","time","circle","3","460","2","stats","56.5814518450061","56.5635698589031","56.5292987659341","56.5469944679644","56.5194929519203","56.5082085939357","56.5186982159503","56.5323399699992","56.5732383430004","57.0078875899781"
"106","time","circle","4","460","2","stats","20.441016574041","20.5127572660567","20.6083861520747","20.8461820770754","20.8127175561385","20.7979382571066","20.6489806231111","20.7853333001258","20.818673039088","20.6510804931168"
"107","time","circle","3","480","2","stats","74.7974011610495","74.9478838379728","75.0715562650003","74.9520747149363","74.578778370982","74.2494899720186","74.2309287930839","74.3558092170861","74.5803410450462","73.8360583940521"
"108","time","circle","4","480","2","stats","23.8277660659514","23.7431385139935","23.7872704040492","23.8970834999345","23.8641405990347","23.7678322779248","23.8888789769262","23.802249094937","23.6884099800372","23.677575636073"
"109","time","circle","3","500","2","stats","60.3117341489997","60.3325216330122","60.3296812180197","60.1975672150729","60.2740544279804","60.4573164650938","60.4490157150431","60.6863107980462","60.5711125690723","60.5563930720091"
"110","time","circle","4","500","2","stats","26.993097411003","27.0122485930333","27.1151996040717","27.0383209920255","27.0956257819198","26.9140592830954","27.0925699380459","27.2020354929846","27.0777648380026","27.2641153010773"
"111","time","circle","4","10","3","stats","0.00031287397723645","0.000304679968394339","0.000299496110528708","0.000303135951980948","0.000298085971735418","0.00029506697319448","0.000315327080897987","0.000307940994389355","0.000292822020128369","0.000296444981358945"
"112","time","circle","4","20","3","stats","0.0044629939366132","0.00444574095308781","0.00443348183762282","0.00440669897943735","0.00440114585217088","0.00441282102838159","0.00445204391144216","0.00440669595263898","0.00447294302284718","0.0043977570021525"
"113","time","circle","4","30","3","stats","0.0247835199115798","0.0246846199734136","0.0247223409824073","0.0247106299502775","0.0247746699023992","0.024821960949339","0.0247385649709031","0.0247378230560571","0.0247098689433187","0.0246803249465302"
"114","time","circle","4","40","3","stats","0.0835153090301901","0.0833678659982979","0.0833805479342118","0.0839756230125204","0.0838229779619724","0.083885389030911","0.0839379790704697","0.0838284470373765","0.0839739770162851","0.0827757050283253"
"115","time","circle","4","50","3","stats","0.216861646040343","0.218526361975819","0.218150069005787","0.21841562888585","0.218117617070675","0.218623133958317","0.218140622018836","0.218817161978222","0.218519015004858","0.218559139990248"
"116","time","circle","4","60","3","stats","0.481933195027523","0.489993053954095","0.492889160988852","0.491262390045449","0.487583608017303","0.481745923985727","0.480707396985963","0.486397132975981","0.488779532024637","0.486863100901246"
"117","time","circle","4","70","3","stats","0.98078435997013","0.968338286969811","0.969414755003527","0.963683773996308","0.963478447985835","0.966882847948","0.98124610085506","0.98794346593786","0.986750482930802","0.969984684023075"
"118","time","circle","4","80","3","stats","1.79754555108957","1.81575923704077","1.79025737207849","1.80099378200248","1.82103319000453","1.78259805112612","1.78570666001178","1.78882340190466","1.78635805100203","1.78586981305853"
"119","time","circle","4","90","3","stats","3.00439824198838","2.99669074697886","2.97919130697846","2.94520241999999","2.93597280792892","2.9464596149046","2.94744819996413","2.99067700293381","2.97023007192183","2.99556235794444"
"120","time","circle","4","100","3","stats","4.62031731102616","4.5882143850904","4.56253430107608","4.55152720597107","4.546975941048","4.59863116499037","4.72658653603867","4.54984477208927","4.47693799203262","4.48529376694933"
"121","time","circle","4","110","3","stats","6.93737440102268","7.0161971199559","7.03351821308024","7.02274188504089","6.96802870696411","7.03079948201776","6.8432698660763","6.81761007907335","6.84945398801938","6.98781701095868"
"122","time","circle","4","120","3","stats","9.95615719491616","9.94362366397399","9.77337732200976","9.72323218896054","9.79328733298462","9.93766845890786","9.949813454994","9.94095795787871","9.82803706498817","9.79839695198461"
"123","time","circle","4","130","3","stats","14.136792437057","13.9100842651678","13.9231353311334","14.1082938130712","14.1811172800371","14.2070995901013","13.957228281186","14.0050435750745","14.0241226160433","13.8254468730884"
"124","time","circle","4","140","3","stats","19.6791225511115","19.4415656321216","19.5501126730815","19.8514422531007","19.4985120591009","19.7473829190712","19.8467019611271","19.6030681540724","19.5875626880443","19.6988286260748"
"125","time","circle","4","150","3","stats","24.9642296549864","24.9275513429893","24.8131487909704","24.8309582410147","25.1371222930029","24.9743693650234","25.041016199044","24.9128473349847","25.2024275850272","25.1576865570387"
"126","time","circle","4","160","3","stats","35.8743775999174","36.2876685680822","36.1660943699535","36.1665782619966","36.0777501789853","35.9452618369833","35.6407475661254","35.959976979997","35.8809451130219","36.0255445039365"
"127","time","circle","4","170","3","stats","42.2794802689459","42.2581201329594","42.3849887039978","42.2951247750316","42.0876132629346","42.3175589019665","42.2757238780614","42.2816846750211","42.1567967570154","42.0816433740547"
"128","time","circle","4","180","3","stats","55.2778778860811","54.9179502410116","54.8176270880504","54.9891225340543","55.018930332968","54.737245943048","54.866323453025","55.158808120992","55.0018523050239","54.7243416879792"
"129","time","circle","4","190","3","stats","72.145604163059","72.3895872719586","72.4693991809618","72.5405038540484","73.361474551959","74.3404201170197","72.4317157870391","73.8048144630156","72.9711132330121","73.7363154389895"
"130","time","circle","4","200","3","stats","90.113434741972","89.7098572000396","90.4631284970092","90.3098380099982","90.428570024902","91.2755620660027","90.4875171890017","93.7635144010419","90.7317210329929","90.1642585289665"
"131","time","circle","4","210","3","stats","106.137618890963","106.434153120033","106.456060068915","105.943022594904","105.948019728996","106.416727084899","106.039678413887","106.375354248914","105.980881131953","105.685218165047"
"132","time","circle","4","220","3","stats","135.516805971041","134.884875079966","135.605765228043","135.698675609077","137.803780243034","137.447826175019","136.046754751937","138.933478864026","139.221595515031","137.354311669944"
"133","time","circle","4","230","3","stats","168.733157973038","167.920848552021","165.214371267008","168.401651920052","167.837715692935","168.608115587966","165.486871727975","166.394752199994","160.087285020971","163.468194706016"
"134","time","circle","4","240","3","stats","196.355057192966","200.778305421933","197.222335145925","196.78661274293","200.349475911004","196.376746432041","193.496346766944","202.94979727501","198.137869913946","194.641593403998"
"135","time","circle","4","250","3","stats","243.156983988942","251.41863292607","246.138448777026","243.381049736985","254.014915680978","243.765866934089","253.957147228997","243.145745520014","247.47803411202","245.885712438961"
"136","time","circle","4","260","3","stats","281.301750191953","293.913488054997","283.832180355908","297.804060134105","284.740302445018","288.820116884075","287.456520878011","302.784173932043","289.23412240902","287.043153370963"
"137","time","circle","4","270","3","stats","319.902101929998","316.352898778976","314.634153686115","321.731037384016","328.614231774933","332.282001952059","331.109445277951","319.115985200042","311.395807981025","309.724564597011"
"138","time","circle","4","280","3","stats","375.024071310996","370.403363352991","382.50717065495","378.789996771957","372.754208299913","364.336337892921","359.793136121007","360.995901361923","361.281119633932","360.382822999964"
"139","time","circle","4","290","3","stats","467.34285667201","453.336489350069","458.118144365959","442.658146503964","441.399858693941","439.929147691117","440.334365380928","439.483312490978","438.426405328093","438.759537194041"
"140","time","circle","4","300","3","stats","476.624587147962","463.981936234981","462.974561270908","462.318539318978","462.939399831928","462.738770986907","462.441398663912","463.823917562026","462.957657667925","462.102926651016"
"141","time","circle","2","25","1","Dionysus","0.00818310410249978","0.00808198016602546","0.00809940614271909","0.00812652008607984","0.00803859112784266","0.00807417300529778","0.00816809711977839","0.00810628011822701","0.00796840211842209","0.00805604108609259"
"142","time","circle","3","25","1","Dionysus","0.0105322020826861","0.0105528880376369","0.0104868600610644","0.0104559389874339","0.010584905045107","0.0104529919335619","0.0105442979838699","0.0105252109933645","0.0105211770860478","0.0104638789780438"
"143","time","circle","4","25","1","Dionysus","0.0102471300633624","0.010136701981537","0.0101100590545684","0.010137056116946","0.0103394300676882","0.0102514621103182","0.0100713060237467","0.0103244400816038","0.010188234038651","0.0100785531103611"
"144","time","circle","2","50","1","Dionysus","0.106822639005259","0.106611569994129","0.10676027496811","0.106864684959874","0.108319637016393","0.106587405083701","0.106665489031002","0.106930803973228","0.107040471979417","0.106510383076966"
"145","time","circle","3","50","1","Dionysus","0.14412912609987","0.14426650700625","0.143516029114835","0.143436921993271","0.141958988038823","0.141344366129488","0.141433825017884","0.141942145070061","0.145067863049917","0.14340040110983"
"146","time","circle","4","50","1","Dionysus","0.134566533030011","0.134041776997037","0.134298987919465","0.134289811947383","0.134215674945153","0.134087861981243","0.134170009987429","0.134413283900358","0.134241975028999","0.133972516981885"
"147","time","circle","2","75","1","Dionysus","0.452601389144547","0.447597026010044","0.450329009094276","0.452608725987375","0.456110449042171","0.454405829077587","0.45253404811956","0.453356701065786","0.452684643096291","0.453975771088153"
"148","time","circle","3","75","1","Dionysus","0.566768981982023","0.567410303046927","0.566133142914623","0.570989445899613","0.567146317916922","0.567281524883583","0.573193264892325","0.570403383928351","0.577144791954197","0.581524337991141"
"149","time","circle","4","75","1","Dionysus","0.741195977083407","0.737184472149238","0.735143036115915","0.735810296144336","0.736959897098131","0.736301676020958","0.736096607055515","0.736615628120489","0.735701845027506","0.738033124012873"
"150","time","circle","2","100","1","Dionysus","1.38939377886709","1.38728286395781","1.38489326403942","1.38386911596172","1.38573706592433","1.38798898400273","1.38718481489923","1.38260732486378","1.39024074992631","1.39410788693931"
"151","time","circle","3","100","1","Dionysus","2.21498473000247","2.22650397696998","2.22033918194938","2.24867680494208","2.24008315196261","2.24395177292172","2.24162400094792","2.2396121659549","2.24759579997044","2.21303066902328"
"152","time","circle","4","100","1","Dionysus","1.9484002039535","1.94684603298083","1.95190158102196","1.98097953596152","1.95510098501109","1.94737153197639","1.95483828696888","1.98226954007987","1.9915997319622","1.99351242103148"
"153","time","circle","2","125","1","Dionysus","3.76021073199809","3.73314743605442","3.74996397015639","3.72887115203775","3.74544501211494","3.72084719408303","3.72021379403304","3.70985421806108","3.79086487507448","3.79093820811249"
"154","time","circle","3","125","1","Dionysus","4.80952730600256","4.81577916804235","4.80780385097023","4.89336125703994","4.89014635689091","4.86243056389503","4.85853047494311","4.88425810390618","4.80114254087675","4.83234686392825"
"155","time","circle","4","125","1","Dionysus","4.7609444319969","4.69143715605605","4.73012461711187","4.71683323697653","4.69481602800079","4.76920453307685","4.76764208008535","4.79222827299964","4.79222329496406","4.72693988797255"
"156","time","circle","2","150","1","Dionysus","6.09942331293132","6.162633458036","6.10164544009604","6.09669615596067","6.11943261302076","6.03191073494963","6.08768240606878","6.10097595106345","6.05346595402807","6.05235677293967"
"157","time","circle","3","150","1","Dionysus","9.77415070903953","9.79450392397121","9.77300710801501","9.79418699292","9.72788228699937","9.78452882904094","9.8972320969915","9.76860030810349","9.82886309502646","9.83177280798554"
"158","time","circle","4","150","1","Dionysus","10.6700020449935","10.7853656150401","10.8097927109338","10.866217168048","10.8671347330092","10.8909420749405","11.0066092760535","11.0078454470495","11.0407670941204","11.1310394200264"
"159","time","circle","2","175","1","Dionysus","12.1465823890176","12.0016396599822","12.0603627520613","12.3118621640606","12.2803424580488","12.1573624360608","12.2312519670231","12.0171030830825","12.0146134370007","11.9024307370419"
"160","time","circle","3","175","1","Dionysus","22.3798240141477","21.4395312421257","21.4493021611124","21.3335192700615","21.9964063490042","22.2884568781592","22.2335534910671","21.5081469301367","21.6696220111335","21.9952679350972"
"161","time","circle","4","175","1","Dionysus","18.2271869740216","17.9474881789647","17.6101612430066","17.5922447070479","17.6898972860072","18.0796161169419","17.9678591550328","17.753966661985","17.6424072929658","17.6487954980694"
"162","time","circle","2","200","1","Dionysus","18.0921277930029","18.1119280069834","18.3992131809937","18.5274329129606","18.5440100129927","18.709318461013","18.8032708200626","19.3060376680223","18.327076415997","18.5555513991276"
"163","time","circle","3","200","1","Dionysus","33.755231237039","33.8411791769322","34.0124008010607","34.1907745469362","33.4224753041053","33.521831010934","33.6641998850973","33.4317473700503","33.6002492320258","33.4648076529847"
"164","time","circle","4","200","1","Dionysus","34.0249503171071","34.0618124910397","33.8219282100908","33.751086828066","33.8827147631673","33.634252387099","33.3313491190784","33.468854433042","33.9326258531073","34.2441883170977"
"165","time","circle","2","225","1","Dionysus","34.3824495880399","34.0965025910409","34.5492742280476","33.8765600530896","34.4026915110881","34.3507036890369","34.3830310630146","34.3606616411125","34.342454835074","34.4929058291018"
"166","time","circle","3","225","1","Dionysus","56.2493761819787","56.3325077779591","56.0936808668775","56.4380094750086","56.9754857548978","56.5405761608854","56.7487511889776","56.331791015924","56.4786332600052","56.5145913138986"
"167","time","circle","4","225","1","Dionysus","56.5556325580692","57.119053057977","56.7073843440739","56.2894191009691","56.7354687111219","56.7892387990141","57.040138159995","56.5572367199929","56.5914679260459","56.606199388043"
"168","time","circle","2","250","1","Dionysus","51.3347234430257","51.6267452969914","51.0920819620369","51.3144621939864","51.2607634890592","51.3434441039572","51.6204617869807","51.8507712440332","51.1267674979754","51.4326070849784"
"169","time","circle","3","250","1","Dionysus","77.1386100969976","76.6116887249518","77.0348282438936","76.542187832878","76.5034408819629","75.8825917149661","75.8619966169354","75.4477745849872","76.0700853749877","76.3383072249126"
"170","time","circle","4","250","1","Dionysus","100.069411415956","96.9554919679649","98.7076558299595","96.3982557780109","97.1843561780406","97.416409811005","97.4080553819658","98.7315125050955","99.6141836310271","97.3741132949945"
"171","time","circle","2","275","1","Dionysus","61.6532727910671","62.3926182499854","63.8359890410211","63.0848446690943","62.6686986990971","62.7897093920037","62.0437844539993","62.3689632520545","60.7268302560551","60.9896215599729"
"172","time","circle","3","275","1","Dionysus","137.886345366947","137.555647689966","136.939700132934","136.75735633797","139.710585760069","138.44154384092","136.724834213965","138.689541375963","136.856166414917","137.469355198904"
"173","time","circle","4","275","1","Dionysus","112.866955016041","113.170265561086","113.068873943062","113.91175480606","111.96179667511","112.256762954057","111.926463225042","111.939734912012","112.622951526078","112.24779189215"
"174","time","circle","2","300","1","Dionysus","100.813455501106","102.169712965027","100.437677973066","101.34889168106","102.771947282017","105.071329919039","104.302203473053","102.880143370014","103.408211765112","105.902019829024"
"175","time","circle","3","300","1","Dionysus","194.243433141033","196.03019010101","197.67463976203","195.241054589045","196.457885618089","198.943705076003","199.611605931073","199.827351056971","199.860472797998","198.111708950019"
"176","time","circle","4","300","1","Dionysus","172.837043939973","174.099641256034","174.606653001043","173.864110441064","176.021784665994","172.950898544048","174.411416355986","172.668397367932","173.019057063037","173.534855036996"
"177","time","circle","2","325","1","Dionysus","180.765397464973","181.640840235981","181.134321568068","178.953503148048","182.581253146986","179.350805364083","186.720123408013","190.943905194988","191.77770009893","186.038026678027"
"178","time","circle","3","325","1","Dionysus","261.362744819024","259.422140201903","257.970295166015","256.864042408066","259.192163822008","262.64006226894","260.311658918043","259.800816462026","258.102621977916","258.78468206001"
"179","time","circle","4","325","1","Dionysus","195.879447669024","197.003997648018","196.870155827026","196.52476051799","196.563637216925","197.534915277036","197.224277250003","198.150309505989","197.074818107998","197.173802675097"
"180","time","circle","2","350","1","Dionysus","171.30572346109","173.044188737054","175.251583972014","179.451371702016","175.410636206041","176.157769948011","172.920086624101","176.690302610048","176.925315824919","176.42928959697"
"181","time","circle","3","350","1","Dionysus","348.617243104032","345.236328152125","334.170045698062","340.93965472898","342.51618513104","339.776009627967","345.412753937067","344.098744780989","340.405976157053","343.624666552059"
"182","time","circle","4","350","1","Dionysus","375.365521806991","372.70258527901","378.135445003049","376.069485277985","377.152905797004","376.54996424797","376.701044598012","383.240201604902","384.752012548968","383.92796854896"
"183","time","circle","2","375","1","Dionysus","225.157085471088","220.604153183056","223.536646476947","222.434932598029","224.703422602033","222.504875371116","221.649881104007","227.984434639104","237.631066106027","251.555902451044"
"184","time","circle","3","375","1","Dionysus","523.187864212901","529.639544863952","521.598953751964","518.553591253003","526.744681635988","517.075922888005","530.537088982994","524.462804905954","519.677533655893","525.345885513932"
"185","time","circle","4","375","1","Dionysus","490.504735518014","495.099391615018","493.494060215075","491.684982166975","490.182966423105","494.94398197101","489.447320010979","493.431695403997","497.407767576049","499.249093397986"
"186","time","circle","2","400","1","Dionysus","332.465914953966","337.611395691987","333.178732924047","340.169136021985","328.975239351043","344.097774387104","364.645334635978","331.853684731061","334.620801582001","344.234631020925"
"187","time","circle","3","400","1","Dionysus","752.459004002041","735.003311582957","727.687761898036","750.409911113093","760.766812868067","751.059815156041","761.148862008937","766.182595144026","753.985041161068","752.013008586015"
"188","time","circle","4","400","1","Dionysus","570.260294583975","559.125033802004","571.583978929091","571.643173172022","572.791688270983","562.681766308961","562.070535941981","562.803743175929","563.725268181064","568.00635203009"
"189","time","circle","2","425","1","Dionysus","362.494502414018","361.612396879005","353.256670382107","360.205920369015","364.18508921098","374.091319969972","375.393011890003","375.231169093982","369.004737977055","371.22366349597"
"190","time","circle","3","425","1","Dionysus","725.673254631925","727.713856872986","736.707585143973","757.925426563015","756.46786419698","764.215444131056","766.599624326103","763.323478490929","761.381457227981","771.505307890009"
"191","time","circle","4","425","1","Dionysus","651.968159847893","655.957209542976","654.774760519853","653.92589590291","652.999955656007","656.95931322698","652.303084298968","654.382602557889","658.318732823944","654.591262316913"
"192","time","circle","2","450","1","Dionysus","542.727149641025","540.526385123027","540.102294431068","543.67396374105","597.482951616053","598.203370998031","601.231043759035","602.919213832938","587.866489125066","597.205618713982"
"193","time","circle","3","450","1","Dionysus","970.246056998963","969.554462914937","969.184725821833","962.02939762082","975.268197990954","963.792095763842","956.963006515871","960.1977489579","970.382233678829","986.35294390691"
"194","time","circle","4","450","1","Dionysus","926.723300424987","924.541768704075","958.007756605046","964.760699570994","960.457432772033","966.713191454066","960.97408632806","956.634356666007","954.989084103028","952.236779853003"
"195","time","circle","2","475","1","Dionysus","918.990160747082","891.944642552058","852.034505572054","811.556143811089","913.356885003159","912.960254906095","865.588998777093","799.270037450129","828.335632331087","919.56511645799"
"196","time","circle","3","475","1","Dionysus","1293.851137397","1303.76725199702","1295.490152449","1328.16224929807","1308.42262031208","1310.27331967198","1301.22462663299","1324.37241418508","1325.05481912801","1327.67626711796"
"197","time","circle","4","475","1","Dionysus","1071.53606632608","1070.27162135101","1072.35935655003","1077.43537594494","1077.04570769402","1069.52095412102","1064.83403879404","1068.72851212905","1081.11561818002","1072.94175186893"
"198","time","circle","2","500","1","Dionysus","842.866024155985","859.729151939973","841.80244222912","875.450163849047","866.889503599145","861.59960074909","865.105354050058","860.322428837186","858.04925727204","863.042540530092"
"199","time","circle","3","500","1","Dionysus","2005.93670460698","1980.06289823994","1975.00059650897","1988.78607593593","1981.35533735401","2011.40528471605","2013.05008843192","1995.51464434993","1988.1550847349","1997.60147590004"
"200","time","circle","4","500","1","Dionysus","1879.72862883203","1899.2961206031","1892.02550940402","1930.69061004091","1937.41537550802","1937.09355892113","1962.83356839395","1944.56260531908","1947.62539967697","1948.67217826901"
"201","time","circle","3","20","2","Dionysus","0.0241482459241524","0.0243699379498139","0.0244083650177345","0.0243829749524593","0.0243889749981463","0.0243558749789372","0.0244162619346753","0.0238005639985204","0.0236850939691067","0.023664306034334"
"202","time","circle","4","20","2","Dionysus","0.0208234580932185","0.0208173629362136","0.0209487060783431","0.0209131120936945","0.0208674060413614","0.0207879189401865","0.0208242950029671","0.020935166045092","0.0207936499500647","0.0208173140417784"
"203","time","circle","3","40","2","Dionysus","0.508655489073135","0.513980334042571","0.517411448061466","0.51435452804435","0.527039278065786","0.51636704406701","0.517289092065766","0.514454832067713","0.514901404036209","0.50503015704453"
"204","time","circle","4","40","2","Dionysus","0.531839989009313","0.536437699105591","0.531053951941431","0.532051156973466","0.531481415964663","0.536409360938706","0.531239060102962","0.530905549996532","0.535509904962964","0.53205560403876"
"205","time","circle","3","60","2","Dionysus","4.23504917696118","4.24253054603469","4.24645295401569","4.24686542002019","4.27077488508075","4.27238775510341","4.28314309404232","4.25986078300048","4.24078962905332","4.2495362861082"
"206","time","circle","4","60","2","Dionysus","10.9460243500071","11.0340905500343","11.1222803309793","11.0806862999452","10.990036285948","11.0082961819135","11.0138377930271","11.0012499639997","10.9655503630638","11.0478464850457"
"207","time","circle","3","80","2","Dionysus","14.445990376058","14.5149743090151","14.470600961009","14.4377762310905","14.4968098130776","14.4760692210402","14.5899625760503","14.6462356840493","14.5017063580453","14.4738194521051"
"208","time","circle","4","80","2","Dionysus","29.4416123139672","29.2664195500547","29.2456152150407","29.1591316179838","29.4190382099478","30.3926548879826","30.1262560449541","29.5876840288984","29.434017364867","29.1727799179498"
"209","time","circle","3","100","2","Dionysus","66.4879177069524","66.3994728738908","66.4224207579391","66.4248614660464","66.8180875120452","66.4392471389147","66.6969898549141","66.4344853978837","66.5806140339701","66.6389271779917"
"210","time","circle","4","100","2","Dionysus","95.7581758610904","95.2709556600312","96.5203899129992","96.3235099590383","99.1792375819059","96.6238203690154","94.8468192589935","95.7936808179365","95.2967500030063","95.4658971909666"
"211","time","circle","3","120","2","Dionysus","142.961546977051","142.806085217046","143.407254111953","143.040200262098","143.846684880089","143.710894139018","145.630167585099","143.61768139503","143.058763692039","143.209461655002"
"212","time","circle","4","120","2","Dionysus","254.005542118102","253.819413495017","253.632106044097","254.006172341062","256.750537574058","251.689035713091","252.43564271112","256.920584615087","255.619686525082","253.30520743411"
"213","time","circle","3","140","2","Dionysus","279.584034502041","278.601719912142","278.783753541065","279.510697987978","279.160022640135","278.849799380987","278.822921837098","281.493374892976","282.784517214051","280.564972646069"
"214","time","circle","4","140","2","Dionysus","603.920822168002","607.201137827011","610.593116106","606.053775429958","614.829645109945","608.849184087943","602.689770090859","610.73629699694","612.638022492058","607.302818905911"
"215","time","circle","3","160","2","Dionysus","568.583174215863","571.593146926956","567.055286979885","567.215358955902","585.76356539689","571.475742265","587.960630401853","582.750513636041","600.37288160692","591.496052643983"
"216","time","circle","4","160","2","Dionysus","1798.0938743311","1769.63425341516","1753.87902512413","1726.49149017106","1739.02568568615","1663.65711345209","1890.08052113012","1831.07167449011","1861.05615345715","1841.66890950303"
"217","time","circle","3","180","2","Dionysus","998.54622001003","1008.963825566","992.288766077138","1008.55964094005","995.713190327981","1031.67217138608","1005.48443072906","1044.59918534802","1003.13343627308","1028.4226323131"
"218","time","circle","4","180","2","Dionysus","3477.15655205504","3624.28886996803","3722.46655685094","3713.61656302505","3761.01645607699","3727.32236678607","3619.07101491501","3613.72656183806","3790.88442967203","3767.18713417603"
"219","time","circle","3","200","2","Dionysus","1879.42269406503","1887.44593156001","1848.89547910204","1900.28422535502","1848.66809273302","1900.334617574","1842.86711273703","1841.85293274105","1838.91101623001","1831.548342839"
"220","time","circle","4","200","2","Dionysus","3941.55178235599","4188.41174504301","4440.88584705698","4559.62168733205","4689.22140610497","5252.06583532202","5234.14216100401","5444.697348963","5516.45115433494","4158.72267776902"
"221","time","circle","4","10","3","Dionysus","0.00168911705259234","0.00166203803382814","0.00166207109577954","0.00167571706697345","0.00166703411377966","0.00165767106227577","0.00166380708105862","0.00165880902204663","0.00165541807655245","0.0016647040611133"
"222","time","circle","4","20","3","Dionysus","0.0903772700112313","0.0903541250154376","0.0904080519685522","0.0904146800749004","0.0904656550846994","0.0909275520825759","0.0904262569965795","0.0904207529965788","0.0911366420332342","0.0912392910104245"
"223","time","circle","4","30","3","Dionysus","0.982281808974221","0.967863055993803","0.963652036036365","0.964088403969072","0.963597983005457","0.964479544898495","0.961937336018309","0.964560038060881","0.965795116033405","0.96534249605611"
"224","time","circle","4","40","3","Dionysus","6.70222244400065","6.65486788202543","6.65493773808703","6.67341934004799","6.64984241395723","6.70353267202154","6.7029092060402","6.69639603409451","6.72022084100172","6.69114916096441"
"225","time","circle","4","50","3","Dionysus","18.4287039660849","18.4010380940745","18.3704502410255","18.4316182270413","18.3193714090157","18.3933933400549","18.483948513167","18.4175557170529","18.2432152510155","18.1700507671339"
"226","time","circle","4","60","3","Dionysus","100.155265792971","100.450753721991","100.358058688114","101.531909318059","102.423655043938","103.623559689033","99.8532043329906","99.1639784560539","99.4693114350084","99.7765124799917"
"227","time","circle","4","70","3","Dionysus","150.01589171798","149.714739677962","149.931176355924","150.437616453972","149.723588013905","150.16755550704","150.20103469491","149.899235169054","149.958976443973","149.632083478034"
"228","time","circle","4","80","3","Dionysus","587.788824454998","595.553749766084","586.510507412022","583.545725131058","585.995294320979","584.005107654957","587.193516914966","588.3325863051","588.97968279093","582.367342369049"
"229","time","circle","4","90","3","Dionysus","777.197776860092","771.298305182019","771.004982430022","773.12359611399","771.408909725025","780.272969202022","767.993220698088","770.734583764919","773.917873364058","774.150200454984"
"230","time","circle","4","100","3","Dionysus","1995.20383305091","1992.21238454198","1984.14199998591","1985.66083066491","1978.25811425992","2001.08802278794","2065.32685618894","2077.91446159291","2073.48999828892","2096.59640386398"
"231","time","circle","2","25","1","GUDHI","0.00112816994078457","0.00110302504617721","0.00110771495383233","0.00108745193574578","0.00108978908974677","0.00109522405546159","0.00110065308399498","0.00108824099879712","0.00108848500531167","0.00108732690569013"
"232","time","circle","3","25","1","GUDHI","0.00111590407323092","0.00110735697671771","0.00111137807834893","0.00109907099977136","0.00110617303289473","0.00109958404209465","0.00109716504812241","0.00110018206760287","0.00110415404196829","0.0010872510029003"
"233","time","circle","4","25","1","GUDHI","0.0011057578958571","0.00108259695116431","0.00107152794953436","0.00109377200715244","0.00107689795549959","0.00108341197483242","0.00108284596353769","0.00109713990241289","0.00108031195122749","0.00108222989365458"
"234","time","circle","2","50","1","GUDHI","0.00725758809130639","0.00732500408776104","0.00705888401716948","0.00707141403108835","0.00702858599834144","0.00704274605959654","0.0070113850524649","0.00702496501617134","0.00702206208370626","0.00704876706004143"
"235","time","circle","3","50","1","GUDHI","0.00719760800711811","0.00718375504948199","0.00714157300535589","0.00711199501529336","0.00692543294280767","0.00692454795353115","0.00690076698083431","0.00689963100012392","0.0069200019352138","0.00687699601985514"
"236","time","circle","4","50","1","GUDHI","0.00716909894254059","0.00717647885903716","0.0071503798244521","0.00708726595621556","0.00694476393982768","0.0069358489708975","0.0069125589216128","0.00694958679378033","0.00690436887089163","0.00691945583093911"
"237","time","circle","2","75","1","GUDHI","0.0230194770265371","0.0230637759668753","0.0229248879477382","0.023135466966778","0.0230984799563885","0.0231353159761056","0.0228910440346226","0.0230004750192165","0.022924272925593","0.0228937739739195"
"238","time","circle","3","75","1","GUDHI","0.0227860420709476","0.0226676439633593","0.0227677270304412","0.0226986840134487","0.0226972150849178","0.0226699219783768","0.0227484860224649","0.0226252420106903","0.0227248700102791","0.0226083199959248"
"239","time","circle","4","75","1","GUDHI","0.0226627950323746","0.0226739880163223","0.0228022269438952","0.0226897130487487","0.0228318029548973","0.022699297987856","0.0226758350618184","0.0226758130593225","0.0226881729904562","0.0235983419697732"
"240","time","circle","2","100","1","GUDHI","0.0551002901047468","0.0541852480964735","0.0541291501140222","0.0541550400666893","0.0543832171242684","0.0542295161867514","0.0541737501043826","0.0542620890773833","0.0541561830323189","0.0539270730223507"
"241","time","circle","3","100","1","GUDHI","0.0539746569702402","0.054089711047709","0.053979993914254","0.0536588610848412","0.0536477890564129","0.0538763179210946","0.0537685209419578","0.0535867030266672","0.0537948319688439","0.0539627830730751"
"242","time","circle","4","100","1","GUDHI","0.0540872039273381","0.0537747879279777","0.0537147289142013","0.0536523748887703","0.053626051871106","0.0538632469251752","0.0535513589857146","0.0535397208295763","0.0535150509094819","0.053515046951361"
"243","time","circle","2","125","1","GUDHI","0.129291704040952","0.118553799111396","0.116207579034381","0.117377542075701","0.1173253019806","0.11711589503102","0.117414335021749","0.11743527604267","0.117042036028579","0.116669793031178"
"244","time","circle","3","125","1","GUDHI","0.116943181026727","0.115912785986438","0.116278005065396","0.126087218988687","0.116987467044964","0.116078510996886","0.117119422997348","0.116140649071895","0.116401453036815","0.11585655901581"
"245","time","circle","4","125","1","GUDHI","0.117123287986033","0.116996937082149","0.116897441097535","0.116895981016569","0.116645805072039","0.116675423108973","0.116311197984032","0.11625282804016","0.115936747984961","0.116405050037429"
"246","time","circle","2","150","1","GUDHI","0.261426551965997","0.260225916863419","0.261908143060282","0.261413426022045","0.255562557955272","0.255297255935147","0.266189562971704","0.257292840979062","0.256623036926612","0.255482517997734"
"247","time","circle","3","150","1","GUDHI","0.258294709958136","0.258808661950752","0.260173685965128","0.264180277939886","0.261275327997282","0.255765969981439","0.258360273903236","0.256728618871421","0.262460685917176","0.259281842038035"
"248","time","circle","4","150","1","GUDHI","0.263093162910081","0.259297961019911","0.259197464911267","0.260003405041061","0.25902610598132","0.264778905082494","0.259395538945682","0.271709517110139","0.262977242004126","0.259972853004001"
"249","time","circle","2","175","1","GUDHI","0.509192006080411","0.516148875118233","0.510411892086267","0.507007136940956","0.51151507999748","0.508753229049034","0.50669743004255","0.501961130066775","0.509806376998313","0.50580624199938"
"250","time","circle","3","175","1","GUDHI","0.508399446960539","0.494920583092608","0.493584159994498","0.498085972038098","0.50569198303856","0.496385461068712","0.494026210042648","0.506206094985828","0.506325089954771","0.503117862972431"
"251","time","circle","4","175","1","GUDHI","0.50170234288089","0.512902579968795","0.504922627005726","0.508350405027159","0.502932530944236","0.513720639050007","0.510985667002387","0.502168392878957","0.50279908196535","0.509937443886884"
"252","time","circle","2","200","1","GUDHI","0.903526708018035","0.901011829031631","0.90751582395751","0.905745620024391","0.902110034949146","0.913980785058811","0.905018932069652","0.901163388974965","0.900119455065578","0.905628219014034"
"253","time","circle","3","200","1","GUDHI","0.905808659037575","0.881084382999688","0.893405677052215","0.905067223939113","0.901337116956711","0.903552399948239","0.906319314031862","0.896903468063101","0.900239996029995","0.900888564996421"
"254","time","circle","4","200","1","GUDHI","0.902445460902527","0.903482786961831","0.88844784302637","0.904985731933266","0.904144016909413","0.890096533927135","0.915532906888984","0.899360475945286","0.915467903017998","0.901741103967652"
"255","time","circle","2","225","1","GUDHI","1.42738923896104","1.41243621904869","1.41485447704326","1.42252392193768","1.43352651502937","1.43880878097843","1.41282101196703","1.41926478897221","1.43341684003826","1.42698222701438"
"256","time","circle","3","225","1","GUDHI","1.42359339108225","1.4201721950667","1.42637982091401","1.40688698308077","1.42192236497067","1.40975057100877","1.41962688311469","1.41616711893585","1.41633814002853","1.40712531202007"
"257","time","circle","4","225","1","GUDHI","1.4056676060427","1.3864059119951","1.39321669505443","1.42120899492875","1.40006822301075","1.3916554520838","1.41315406304784","1.39686934708152","1.3949422610458","1.39698512700852"
"258","time","circle","2","250","1","GUDHI","1.96366528596263","1.96769837092143","1.9636403049808","1.98498452396598","1.98852633300703","1.97686257597525","1.9807220249204","1.99608495098073","1.99073370802216","1.97346468397882"
"259","time","circle","3","250","1","GUDHI","1.93955223693047","1.95550859894138","1.95812200102955","1.97568903292995","1.96371347492095","1.95363685698248","1.99266822286882","1.96442362898961","1.97566311887931","1.96535602305084"
"260","time","circle","4","250","1","GUDHI","1.94389973010402","1.9583408490289","1.96447905304376","1.94396408309694","1.96415017708205","1.97435157198925","1.97495551104657","1.94327225210145","1.96492334001232","1.94032536901068"
"261","time","circle","2","275","1","GUDHI","2.70068616012577","2.68423475301825","2.68516644102056","2.70603530097287","2.69508772902191","2.70520766999107","2.69294277601875","2.69873477297369","2.69519386999309","2.66755297908094"
"262","time","circle","3","275","1","GUDHI","2.67150213499554","2.69303714798298","2.64708188804798","2.65064892999362","2.65444567101076","2.70054263609927","2.69650454109069","2.69126560294535","2.68348467105534","2.70763273804914"
"263","time","circle","4","275","1","GUDHI","2.66770861297846","2.67891610902734","2.64498536696192","2.667790664942","2.6352684359299","2.67099027300719","2.70452550996561","2.66174061398488","2.6907958619995","2.70057048310991"
"264","time","circle","2","300","1","GUDHI","3.59373523993418","3.60189539787825","3.63105177180842","3.61831965087913","3.62245133693796","3.5772707129363","3.61609031888656","3.62418181588873","3.63699073297903","3.60078991891351"
"265","time","circle","3","300","1","GUDHI","3.58440604899079","3.5659615440527","3.54253334598616","3.55489038594533","3.52755220409017","3.50712459196802","3.56183712696657","3.52058220701292","3.58561330102384","3.56963076395914"
"266","time","circle","4","300","1","GUDHI","3.53830653894693","3.57633358391467","3.55221972893924","3.55184716789518","3.55453581095207","3.57091609400231","3.561325925868","3.55625544395298","3.56590939301532","3.55569890292827"
"267","time","circle","2","325","1","GUDHI","4.73512194294017","4.73139444389381","4.74813525401987","4.71409447898623","4.72671850898769","4.74627676489763","4.77529593696818","4.78576770192012","4.76582038903143","4.74530188797507"
"268","time","circle","3","325","1","GUDHI","4.76997589995153","4.73163925891276","4.77971043204889","4.70878454693593","4.73795454693027","4.74166293197777","4.73967124195769","4.72221760894172","4.71058462292422","4.76060912199318"
"269","time","circle","4","325","1","GUDHI","4.73208694194909","4.73867176508065","4.74180480197538","4.7485707080923","4.75607110501733","4.74149610009044","4.73161117499694","4.70997751911636","4.75240476208273","4.73321508406661"
"270","time","circle","2","350","1","GUDHI","6.04099416302051","6.07477253605612","5.99756883701775","6.03679535596166","6.04587142600212","6.04272981709801","6.02584211400244","6.03559533902444","6.02712069405243","6.05566729605198"
"271","time","circle","3","350","1","GUDHI","5.98349592997693","5.98981799196918","5.99052230292","6.00814430788159","5.97576408390887","5.993574875989","5.99498177797068","5.99730378296226","6.03242221195251","6.04418629501015"
"272","time","circle","4","350","1","GUDHI","6.05293306801468","6.00019487610552","5.94228187203407","5.94418023107573","6.01481391501147","6.02503463905305","5.96939318208024","6.02193360496312","5.9778209439246","5.92378502211068"
"273","time","circle","2","375","1","GUDHI","7.71508023503702","7.77884299308062","7.80682869500015","7.74869641300756","7.76559874601662","7.74125733203255","7.73643036407884","7.73327524506021","7.73589133296628","7.71823532797862"
"274","time","circle","3","375","1","GUDHI","7.70122646598611","7.69509218004532","7.75298009999096","7.72374209703412","7.72126493800897","7.72666469309479","7.71887529897504","7.77256265899632","7.75795779796317","7.68463561404496"
"275","time","circle","4","375","1","GUDHI","7.69352117413655","7.7547508290736","7.71505734301172","7.74738985206932","7.76961521909107","7.77712389500812","7.74667404009961","7.79106149403378","7.77953343605623","7.73859115911182"
"276","time","circle","2","400","1","GUDHI","9.49528971489053","9.47316688590217","9.50614956580102","9.47477614087984","9.43948774086311","9.43179936183151","9.39556077891029","9.46731056494173","9.38171096390579","9.45353740593418"
"277","time","circle","3","400","1","GUDHI","9.25967800605576","9.29857516707852","9.32628952502273","9.33781724108849","9.31452647701371","9.42460586503148","9.32487455604132","9.30818557098974","9.34758155909367","9.4160437840037"
"278","time","circle","4","400","1","GUDHI","9.40630824200343","9.3163204130251","9.33214033709373","10.4489356769482","10.1549993889639","9.03825120802503","9.03229875606485","9.02834652201273","9.01814462197945","9.02492361504119"
"279","time","circle","2","425","1","GUDHI","11.2742538410239","11.5600906049367","11.5630594699178","11.5302036820212","11.5142760899616","11.5038006310351","11.3799703150289","11.4627282570582","11.2950134980492","11.4168170630001"
"280","time","circle","3","425","1","GUDHI","11.3376291909954","11.4448877590476","11.3781512050191","11.3449684829684","11.1168680170085","11.2906164840097","14.2500120220939","14.2007260459941","12.8543301849859","12.6807909760391"
"281","time","circle","4","425","1","GUDHI","12.811361410073","12.8445909781149","12.6780082720798","12.7275471801404","12.7532380470075","12.7725159330294","12.5866170910886","12.8214321840787","12.5874849411193","12.5920954251196"
"282","time","circle","2","450","1","GUDHI","15.9394956609467","14.1092028390849","14.080294287065","13.994059085031","14.1872469000518","14.116657893057","14.163199677947","14.1941390590509","14.2542854690691","14.325044765952"
"283","time","circle","3","450","1","GUDHI","14.3205213710899","14.1825370490551","14.3009027851513","14.3499755080556","14.1539101811359","14.1737580060726","14.3275429740315","14.1882211290067","14.2049729820574","14.1720390940318"
"284","time","circle","4","450","1","GUDHI","14.2983499750262","14.3884023739956","14.4248998260591","14.281300024013","14.4823755029356","14.2223495709477","14.4413006890099","14.3887542970479","14.2087425979553","14.2800541190663"
"285","time","circle","2","475","1","GUDHI","17.0203538700007","17.1340356870787","17.098347553052","17.2483636540128","17.3174559640465","17.2938955830177","17.1526392910164","17.2185849619564","17.1061867520912","17.1260034480365"
"286","time","circle","3","475","1","GUDHI","17.1103580910712","17.1111693270504","17.0199384490261","17.3201084660832","17.1511348480126","17.2841339790029","17.2600676229922","17.1399760720087","17.2258914359845","17.2853938280605"
"287","time","circle","4","475","1","GUDHI","17.2785840100842","17.2196556921117","17.3444698951207","17.3068941939855","17.1687420050148","17.1728271010797","17.3268229559762","17.2433036940638","17.2303711511195","17.2178003680892"
"288","time","circle","2","500","1","GUDHI","20.1864141140832","20.095020481036","20.1171768420609","20.1014670660952","20.0342996830586","20.0748802040471","20.045533091994","20.0692348040175","20.4992234110832","20.3201533660758"
"289","time","circle","3","500","1","GUDHI","20.4242315279553","20.4390378169483","20.1184456379851","20.1247482900508","20.2394114820054","20.1789335389622","20.2281732311239","20.1130777230719","20.054722980014","20.1510595710715"
"290","time","circle","4","500","1","GUDHI","20.0316191179445","20.1952962819487","20.194941260037","20.2959987849463","20.1075746689457","20.1758563099429","20.1140796060208","20.4079402929638","20.192333178944","20.2103268660139"
"291","time","circle","3","20","2","GUDHI","0.00293652503751218","0.0029211409855634","0.0029240750009194","0.00290571909863502","0.00289827212691307","0.0028964210068807","0.00291448505595326","0.0029113549971953","0.00292383797932416","0.0029133299831301"
"292","time","circle","4","20","2","GUDHI","0.00296372699085623","0.00295639992691576","0.0029558539390564","0.00296059786342084","0.0029468439752236","0.00296537391841412","0.00293288799002767","0.00293884996790439","0.0029469869332388","0.00295166997238994"
"293","time","circle","3","40","2","GUDHI","0.0425485180458054","0.0423457700526342","0.0424490411533043","0.0424992800690234","0.0423608319833875","0.0425579190487042","0.0426246280549094","0.0425163391046226","0.0423253360204399","0.0424430090934038"
"294","time","circle","4","40","2","GUDHI","0.041932167019695","0.0419371930183843","0.0419518320122734","0.0421054019825533","0.0417877819854766","0.0419932660879567","0.0421260299626738","0.0420130440033972","0.0419264549855143","0.0419840490212664"
"295","time","circle","3","60","2","GUDHI","0.282326422049664","0.294017126085237","0.282051797024906","0.281805167091079","0.279317556065507","0.281102137058042","0.280745366006158","0.278742178110406","0.279851413099095","0.282365080085583"
"296","time","circle","4","60","2","GUDHI","0.27736761898268","0.280671009910293","0.279526187921874","0.278696142020635","0.281348104937933","0.280366430873983","0.280859405873343","0.279221439966932","0.289986541960388","0.279836419969797"
"297","time","circle","3","80","2","GUDHI","1.42602731601801","1.41256053000689","1.42053528991528","1.43686102994252","1.42996291106101","1.41836048394907","1.41983611998148","1.43453529791441","1.41882131493185","1.4092307810206"
"298","time","circle","4","80","2","GUDHI","1.43574594787788","1.42861816496588","1.42257391801104","1.42071079683956","1.42819204600528","1.45101868093479","1.43369921192061","1.45185062184464","1.43610776797868","1.42677504790481"
"299","time","circle","3","100","2","GUDHI","4.22518663806841","4.18928316805977","4.15268394409213","4.25112544407602","4.18620836408809","4.22439833404496","4.27118628111202","4.19004623114597","4.1732395630097","4.24723309918772"
"300","time","circle","4","100","2","GUDHI","4.23461853701156","4.27223759994376","4.23334134696051","4.24279987497721","4.28901588195004","4.25434124702588","4.29894189897459","4.26346251100767","4.25176804000512","4.24497571610846"
"301","time","circle","3","120","2","GUDHI","9.86355501099024","9.75103861803655","9.74154724704567","9.70154190191533","9.75985941011459","9.7338077200111","9.6919230800122","9.69972549902741","9.62558150594123","9.77086691197474"
"302","time","circle","4","120","2","GUDHI","9.82733722799458","9.80913168692496","9.81136282498483","9.87456758297049","9.85975406190846","9.8020461469423","9.81349207391031","9.85832485393621","9.85250578599516","9.8444771169452"
"303","time","circle","3","140","2","GUDHI","20.5989711999428","20.1443989449181","20.3055065539666","20.1862810789607","20.5022082020296","20.300755060045","20.1295656708535","20.2890647898894","20.5310898669995","20.0827264919644"
"304","time","circle","4","140","2","GUDHI","20.3246465430129","20.3441027781228","20.017597808037","20.0457436320139","20.1283655210864","20.3440192190465","20.3560122729978","20.4402092819801","20.1469997779932","20.4466917880345"
"305","time","circle","3","160","2","GUDHI","33.6037420408102","32.9808995588683","34.054604207864","33.0588187748799","33.0182928178692","34.0097264888464","33.9611349608749","33.0291805518791","33.9739502668381","33.8676060189027"
"306","time","circle","4","160","2","GUDHI","33.9732266290812","34.2028798310785","33.8365421431372","33.252314649988","33.7124762320891","33.1691737420624","33.2810064970981","33.26844459516","33.3328513751039","33.3388835011283"
"307","time","circle","3","180","2","GUDHI","55.9119455859764","54.4051134210313","54.4640684570186","54.6893931180239","55.6456178840017","54.6226885360666","54.6931358579313","55.535314933979","55.0705183290411","54.8331173289334"
"308","time","circle","4","180","2","GUDHI","56.2724591089645","54.8957083340501","55.8801474430365","56.345347669092","56.0360554120271","55.8376620149938","56.4553111939458","55.3895706500625","55.169962094049","54.9605781629216"
"309","time","circle","3","200","2","GUDHI","84.6499026578385","82.4033523249673","81.2351877019973","82.4494432929205","81.1789120129542","81.8841641908512","85.662971223006","85.2160017349524","83.6726323299808","82.8737102650339"
"310","time","circle","4","200","2","GUDHI","80.0605307980441","80.5173881140072","79.4378219629871","79.5436999300728","81.0962520589819","79.492872147006","81.1007158841239","84.6382803790038","84.6506265179487","83.9890072129201"
"311","time","circle","3","220","2","GUDHI","119.035365131102","118.653505268041","119.081650916953","119.402342496905","119.376956028049","123.012857060996","120.364053776022","119.804793662042","119.704435616964","119.675468573114"
"312","time","circle","4","220","2","GUDHI","115.906669014017","117.475731558981","116.42977282498","116.706800340908","116.609412511927","116.859772722004","117.166726455907","117.426141821896","117.073695393861","116.518226139015"
"313","time","circle","3","240","2","GUDHI","172.577512330026","172.08259532298","173.518349825987","175.018500186037","174.022263176041","172.53745969804","172.559865016025","174.418100096984","174.159159211093","172.409880110994"
"314","time","circle","4","240","2","GUDHI","162.551294464967","161.826317105908","170.17287638993","167.382674620021","162.092180199921","161.162087599048","161.983707475942","159.981528818957","159.940917706001","161.637254587025"
"315","time","circle","3","260","2","GUDHI","254.401464439114","260.769984037033","246.466997429146","246.144963211147","249.887666623108","248.486157014151","248.196338788141","243.960240061046","245.798939000117","251.104191058083"
"316","time","circle","4","260","2","GUDHI","230.922911202069","237.123614900047","226.044756002957","228.076130597969","224.043971904088","225.292551380931","223.618816960952","221.956008267938","227.483841167064","226.190182161052"
"317","time","circle","3","280","2","GUDHI","336.322334310971","331.213679920998","323.922083950019","319.776150024962","308.016246296931","303.079835818964","320.769886913942","310.882764181006","312.293521567015","314.354331448907"
"318","time","circle","4","280","2","GUDHI","365.681821459089","368.603926341049","367.941707114922","352.677584185032","347.560875667958","357.148949942086","370.994204547023","362.471010031062","407.45306929294","430.080342257046"
"319","time","circle","3","300","2","GUDHI","500.605503224069","519.07355353504","641.739218570059","473.742409392144","448.537311619031","449.689407143043","451.899484195979","450.304157096078","449.501472501084","455.888255625148"
"320","time","circle","4","300","2","GUDHI","552.201841929927","514.447747055907","521.577378308866","523.245035299798","524.470303274924","513.59279296489","515.175781659898","514.61809103284","516.512984999921","516.354762434959"
"321","time","circle","4","10","3","GUDHI","0.00189724192023277","0.00156230293214321","0.00159224402159452","0.00153377198148519","0.00430855201557279","0.00156142492778599","0.00152486993465573","0.00151677895337343","0.00148366892244667","0.00150285591371357"
"322","time","circle","4","20","3","GUDHI","0.0396863779751584","0.0350419440073892","0.0348995750537142","0.0346450350480154","0.0346191440476105","0.034633917035535","0.0345774900633842","0.03460237395484","0.0343324730638415","0.029748012078926"
"323","time","circle","4","30","3","GUDHI","0.227112833992578","0.204266249900684","0.186057307873853","0.100180063862354","0.100876505952328","0.0965428168419749","0.0940202218480408","0.0928166658850387","0.0966358738951385","0.0957637409446761"
"324","time","circle","4","40","3","GUDHI","0.655781871057115","0.668326135957614","0.650499776937068","0.676924436003901","0.64869067305699","0.63875422894489","0.671434019925073","0.672480495995842","0.658693165052682","0.648289251956157"
"325","time","circle","4","50","3","GUDHI","3.00843376899138","3.00016215408687","2.71787804504856","2.69067519705277","2.70631629903801","2.73094066907652","2.70628090109676","3.04936424305197","3.07802692207042","2.95214157807641"
"326","time","circle","4","60","3","GUDHI","8.72909148805775","8.89159657107666","8.71509991108906","8.73074912803713","8.6892110761255","8.72563437814824","8.61682063806802","8.58634969207924","8.58974086306989","8.61109918914735"
"327","time","circle","4","70","3","GUDHI","20.4975276679033","20.0791518779006","20.1605908658821","20.1270380119095","19.9715755408397","19.7357276189141","20.0478618969209","19.1796263218857","19.3139302378986","19.6820679388475"
"328","time","circle","4","80","3","GUDHI","39.1767748089042","37.8931050309911","37.8742996419314","38.4758150469279","38.9006773820147","41.1402191668749","40.1281848229701","38.9106174819171","39.5077473788988","38.9349720819155"
"329","time","circle","4","90","3","GUDHI","74.4839438480558","74.2802130100317","73.078047200921","71.482784252963","71.3283337779576","72.2532832890283","69.6421920560533","70.5943130019587","68.8332992800279","69.4029110390693"
"330","time","circle","4","100","3","GUDHI","119.071561991004","121.690667494899","120.390342502971","121.210261384025","119.931173886987","121.561914109974","117.374977635918","117.41745956603","122.526670413907","120.660618115915"
"331","time","circle","4","110","3","GUDHI","196.237836848013","192.394393643946","194.803319265018","198.844097350957","194.808190276031","203.23625614203","194.484744671965","195.490278339013","197.7354287341","194.857410457917"
"332","time","circle","4","120","3","GUDHI","301.615699863993","301.115626264946","298.914342206903","297.393636313966","293.715281503974","300.848308240995","296.216696745949","290.274902259931","295.154148256988","300.291652926942"
"333","time","circle","2","25","1","GUDHIalpha","0.0037948350654915","0.00628785905428231","0.00770949712023139","0.00375796109437943","0.003720514010638","0.0037224410334602","0.00370447605382651","0.00371723214630038","0.00742989801801741","0.00374923506751657"
"334","time","circle","3","25","1","GUDHIalpha","0.0352289449656382","0.0350223270943388","0.0383488939842209","0.0350749649805948","0.0350222050910816","0.03510558209382","0.0350678509566933","0.0350196551298723","0.0349905780749395","0.0352777029620484"
"335","time","circle","2","50","1","GUDHIalpha","0.00985736900474876","0.00948497897479683","0.00934120989404619","0.00934108893852681","0.00930120795965195","0.00926970085129142","0.00926442397758365","0.00929665099829435","0.0092676900094375","0.00926114991307259"
"336","time","circle","3","50","1","GUDHIalpha","0.0768743290100247","0.0770677031250671","0.0819156330544502","0.0767464861273766","0.0767781850881875","0.0811808780999854","0.0767349990783259","0.0768361811060458","0.0767840180778876","0.0767943820683286"
"337","time","circle","2","75","1","GUDHIalpha","0.0102763880277053","0.0101293731713668","0.0101590330014005","0.0101947410730645","0.0101282320683822","0.010136274038814","0.0101645831018686","0.0101134361466393","0.0123169331345707","0.0101163100916892"
"338","time","circle","3","75","1","GUDHIalpha","0.115986575954594","0.115706043899991","0.115610238979571","0.117904723971151","0.115775817073882","0.116237652953714","0.115829251008108","0.115555635886267","0.11861812195275","0.11589527700562"
"339","time","circle","2","100","1","GUDHIalpha","0.0128906590398401","0.012774089933373","0.0127892070449889","0.012743789004162","0.0127745309146121","0.0127530411118641","0.0127657010452822","0.0127595809753984","0.0127498609945178","0.0127786800730973"
"340","time","circle","3","100","1","GUDHIalpha","0.155246781068854","0.155444555100985","0.15531873202417","0.159441645955667","0.154274175059982","0.154435242060572","0.154701702995226","0.154576154076494","0.154393114964478","0.154434522031806"
"341","time","circle","2","125","1","GUDHIalpha","0.0139111970784143","0.0138071171240881","0.0137704150984064","0.0138540080515668","0.0139680840075016","0.013954047113657","0.0137671501142904","0.0137982390588149","0.013891791109927","0.0139679979765788"
"342","time","circle","3","125","1","GUDHIalpha","0.177800952922553","0.179280347889289","0.179237041040324","0.183667441946454","0.176713627995923","0.17693772399798","0.179273455985822","0.1792981850449","0.177546096965671","0.177378476015292"
"343","time","circle","2","150","1","GUDHIalpha","0.0184727050364017","0.0183918409748003","0.0181300590047613","0.0181295230286196","0.0180697789182886","0.0182225079042837","0.0181924620410427","0.0184190269792452","0.0184275030624121","0.0182804390788078"
"344","time","circle","3","150","1","GUDHIalpha","0.243174332077615","0.247087923111394","0.242985676042736","0.24144197802525","0.243403617059812","0.243503853096627","0.243473168113269","0.244775464059785","0.243107111076824","0.243553317966871"
"345","time","circle","2","175","1","GUDHIalpha","0.020049381069839","0.0199997860472649","0.0203541510272771","0.0203237751265988","0.020225447951816","0.0201930460752919","0.0201136440737173","0.0199239290086553","0.0199825450545177","0.0199963700724766"
"346","time","circle","3","175","1","GUDHIalpha","0.307381173013709","0.302748824004084","0.302546337014064","0.303982367971912","0.303984008030966","0.304181426065043","0.304191780043766","0.306471592048183","0.304297726019286","0.305435859947465"
"347","time","circle","2","200","1","GUDHIalpha","0.025461120181717","0.0254449931671843","0.0253287681844085","0.0254638530313969","0.0254072101088241","0.0253017070936039","0.0253933331696317","0.0251048090867698","0.0250526240561157","0.0252578110666946"
"348","time","circle","3","200","1","GUDHIalpha","0.310495554003865","0.309790116967633","0.309464938938618","0.310654198052362","0.310468551004305","0.314448940916918","0.31144898198545","0.309681356069632","0.309701551916078","0.30757055094"
"349","time","circle","2","225","1","GUDHIalpha","0.0318506850162521","0.0329519499791786","0.0330787179991603","0.0324333100579679","0.0324368190485984","0.0322974809678271","0.0322948200628161","0.032366510014981","0.0323256050469354","0.0324441960547119"
"350","time","circle","3","225","1","GUDHIalpha","0.330242055119015","0.328245909069665","0.328173185000196","0.328594222082756","0.327932914136909","0.332032322068699","0.32886101200711","0.330284207011573","0.330045557115227","0.330842039082199"
"351","time","circle","2","250","1","GUDHIalpha","0.0314250291557983","0.0314245540648699","0.0314122330164537","0.0313611880410463","0.0313926331000403","0.0313672260381281","0.0313618100481108","0.0313391911331564","0.0315010721096769","0.0327130790101364"
"352","time","circle","3","250","1","GUDHIalpha","0.383182812016457","0.381700505968183","0.382006961968727","0.38253721606452","0.388361033052206","0.384476876002736","0.385667035006918","0.385536615038291","0.385235234978609","0.385385798057541"
"353","time","circle","2","275","1","GUDHIalpha","0.0321407890878618","0.0321344460826367","0.0320841500069946","0.032139802002348","0.0320506549905986","0.0320310390088707","0.0320479579968378","0.0318644009530544","0.0318170670652762","0.0318042360013351"
"354","time","circle","3","275","1","GUDHIalpha","0.415470970910974","0.419647871050984","0.42248631909024","0.416687741992064","0.415588455973193","0.415976364980452","0.418457694002427","0.419726019026712","0.416842247941531","0.416732763056643"
"355","time","circle","2","300","1","GUDHIalpha","0.0340773840434849","0.0339474480133504","0.0341431950218976","0.0340047939680517","0.0340617200126871","0.0342346529942006","0.0341306800255552","0.0340328379534185","0.0340411310316995","0.0339807890122756"
"356","time","circle","3","300","1","GUDHIalpha","0.499006113037467","0.498345131985843","0.498548331088386","0.501120559987612","0.49721464398317","0.496871326933615","0.497320467955433","0.503224271000363","0.499273566994816","0.498673015041277"
"357","time","circle","2","325","1","GUDHIalpha","0.0321588381193578","0.0321117951534688","0.0321870610350743","0.032047679182142","0.032170360093005","0.0321223720675334","0.0320786311058328","0.0324406110448763","0.0324651120463386","0.0321664561051875"
"358","time","circle","3","325","1","GUDHIalpha","0.527829325990751","0.528133985004388","0.530473852995783","0.535590340034105","0.532590025104582","0.531886887969449","0.532228082069196","0.534130555926822","0.528918143012561","0.528957647969946"
"359","time","circle","2","350","1","GUDHIalpha","0.0397960509872064","0.0396847340743989","0.0397817729972303","0.0398097570287064","0.039701604982838","0.0396893830038607","0.0398819949477911","0.039893755922094","0.0398300220258534","0.0399426120566204"
"360","time","circle","3","350","1","GUDHIalpha","0.516436025034636","0.515995803987607","0.521421979996376","0.516509046079591","0.516052746097557","0.516623324947432","0.525216431007721","0.521877944003791","0.521034752950072","0.519372711074539"
"361","time","circle","2","375","1","GUDHIalpha","0.0344461819622666","0.034310880000703","0.0342743679648265","0.0342839409131557","0.0345481128897518","0.0342559119453654","0.0343759969109669","0.0344057059846818","0.0342604059260339","0.0342450599418953"
"362","time","circle","3","375","1","GUDHIalpha","0.617148355930112","0.619128279970028","0.619913255912252","0.616855617961846","0.6122558969073","0.620998314931057","0.617197186918929","0.617228428018279","0.621956998016685","0.616969106020406"
"363","time","circle","2","400","1","GUDHIalpha","0.0395719929365441","0.0394281150074676","0.0394988529151306","0.0395044699544087","0.0394470890751109","0.0394123010337353","0.0394860610831529","0.0394962260033935","0.0393704629968852","0.0394416210474446"
"364","time","circle","3","400","1","GUDHIalpha","0.637469801004045","0.636890180991031","0.641370202996768","0.638557567028329","0.636541023035534","0.637169733061455","0.637038837070577","0.637011282960884","0.636358903022483","0.642321491031907"
"365","time","circle","2","425","1","GUDHIalpha","0.0420005740597844","0.0419200389878824","0.0418458640342578","0.0419614750426263","0.0418835920281708","0.0418513939948753","0.0418977710651234","0.0418875589966774","0.042012031073682","0.0418253910029307"
"366","time","circle","3","425","1","GUDHIalpha","0.737664951942861","0.73756694002077","0.734083990915678","0.737198726972565","0.731818950967863","0.739245332893915","0.733501165988855","0.733934515970759","0.737382803927176","0.738528310903348"
"367","time","circle","2","450","1","GUDHIalpha","0.0386019540019333","0.0386659000068903","0.0385999841382727","0.0385066220769659","0.0387454760493711","0.0385578281711787","0.0385784960817546","0.0389096691505983","0.0384982840623707","0.0385904830181971"
"368","time","circle","3","450","1","GUDHIalpha","0.753373967017978","0.753055969951674","0.755536105018109","0.754800572060049","0.752762448042631","0.749615438049659","0.754159479984082","0.749086039024405","0.754428896005265","0.748514781938866"
"369","time","circle","2","475","1","GUDHIalpha","0.0445583809632808","0.0444870650535449","0.0444016269175336","0.0444505619816482","0.044430171023123","0.0444304079283029","0.0444614950101823","0.0443731169216335","0.044421712984331","0.0445994089823216"
"370","time","circle","3","475","1","GUDHIalpha","0.767848592018709","0.76766911894083","0.770423735957593","0.764566410914995","0.76950970897451","0.764986879890785","0.765016695018858","0.769054042990319","0.766404576017521","0.771961906924844"
"371","time","circle","2","500","1","GUDHIalpha","0.0455104140564799","0.0435639480128884","0.0434420600067824","0.0435010009678081","0.0434072110801935","0.0434400429949164","0.0434188441140577","0.0433997090440243","0.0434748519910499","0.0435343839926645"
"372","time","circle","3","500","1","GUDHIalpha","0.752477222937159","0.755782810854726","0.750700806849636","0.751437109895051","0.751502332859673","0.751587944920175","0.751184068969451","0.757423574803397","0.754239629837684","0.753395350999199"
"373","time","circle","3","20","2","GUDHIalpha","0.0316058930475265","0.031623765011318","0.0316715120570734","0.0316380800213665","0.0315824520075694","0.0317179841222242","0.0315107951173559","0.0316286439774558","0.0314910289598629","0.0316633200272918"
"374","time","circle","3","40","2","GUDHIalpha","0.0644392659887671","0.0644558928906918","0.0644901319174096","0.0646870788186789","0.0647467188537121","0.0646518089342862","0.0647667929297313","0.0646925428882241","0.0647412328980863","0.0648615239188075"
"375","time","circle","3","60","2","GUDHIalpha","0.0831872089765966","0.0832239830633625","0.0831471740966663","0.0830099780578166","0.0830704469699413","0.0832574929809198","0.0831548230489716","0.0829169390490279","0.0827980609610677","0.082935098093003"
"376","time","circle","3","80","2","GUDHIalpha","0.119337672949769","0.118161738966592","0.118101137923077","0.118383098975755","0.11851400102023","0.118213925976306","0.118109849980101","0.11827201093547","0.118258437956683","0.118021865957417"
"377","time","circle","3","100","2","GUDHIalpha","0.163547936012037","0.163246515090577","0.163199543021619","0.167340336018242","0.163019755040295","0.162650946993381","0.162936764070764","0.162601291085593","0.162551768007688","0.162804167019203"
"378","time","circle","3","120","2","GUDHIalpha","0.181482011917979","0.181351943989284","0.181356452056207","0.18399666598998","0.183347738930024","0.181999019929208","0.181823753984645","0.181190068949945","0.18161644495558","0.181381549919024"
"379","time","circle","3","140","2","GUDHIalpha","0.207216711016372","0.208099037990905","0.205422637052834","0.209408344002441","0.205126443994232","0.20561332302168","0.205193797009997","0.205446857959032","0.205303373979405","0.205403737025335"
"380","time","circle","3","160","2","GUDHIalpha","0.233450262923725","0.238652509986423","0.234624102944508","0.234921873896383","0.234537707990967","0.234333680011332","0.233121188939549","0.233772270963527","0.233543905895203","0.238047878956422"
"381","time","circle","3","180","2","GUDHIalpha","0.259700461989269","0.259195575024933","0.259403886040673","0.26003295101691","0.260258781956509","0.259000342921354","0.26429762900807","0.260156107950024","0.25798982498236","0.259396940935403"
"382","time","circle","3","200","2","GUDHIalpha","0.31227423902601","0.312110704020597","0.3181099150097","0.313902665046044","0.312126477016136","0.318786003044806","0.312418757006526","0.310146671021357","0.309404529980384","0.309532003011554"
"383","time","circle","3","220","2","GUDHIalpha","0.372400330146775","0.373434268054552","0.376553356065415","0.37554900709074","0.375986946979538","0.376665593124926","0.37589043402113","0.375896145007573","0.375479342998005","0.376191850053146"
"384","time","circle","3","240","2","GUDHIalpha","0.396980932913721","0.395341848954558","0.394825732917525","0.394505072967149","0.393236232921481","0.395271181827411","0.392363742925227","0.392410688917153","0.392631229013205","0.39222753001377"
"385","time","circle","3","260","2","GUDHIalpha","0.431284990045242","0.430988090927713","0.431486170040444","0.435808948008344","0.431846467079595","0.433762497967109","0.43416335596703","0.43552505003754","0.435564495972358","0.431053283042274"
"386","time","circle","3","280","2","GUDHIalpha","0.456668133032508","0.460483771050349","0.456069621024653","0.457058768020943","0.457216904964298","0.459825256024487","0.465960117056966","0.461865384015255","0.460227364092134","0.457034726045094"
"387","time","circle","3","300","2","GUDHIalpha","0.50987813307438","0.504298840067349","0.508602315909229","0.508236902067438","0.503988877055235","0.503893140004948","0.504506241064519","0.508166628074832","0.506882059969939","0.507797816069797"
"388","time","circle","3","320","2","GUDHIalpha","0.503088483121246","0.507812547963113","0.507655938039534","0.503336074994877","0.507385788019747","0.507194924983196","0.506965643027797","0.505404063034803","0.505398503039032","0.504236173117533"
"389","time","circle","3","340","2","GUDHIalpha","0.56004804209806","0.560000355006196","0.563524640980177","0.55926830007229","0.559024051995948","0.559054607059807","0.563432537019253","0.559452994959429","0.559599870000966","0.562978814006783"
"390","time","circle","3","360","2","GUDHIalpha","0.536983121884987","0.536699381074868","0.54276312503498","0.536717287963256","0.536442690994591","0.537134721991606","0.538226054981351","0.535310142091475","0.535427283030003","0.539529388071969"
"391","time","circle","3","380","2","GUDHIalpha","0.633715310948901","0.637657736893743","0.63303772197105","0.633548858924769","0.634556560893543","0.636843005078845","0.634123202995397","0.634823185973801","0.640496624982916","0.634528002003208"
"392","time","circle","3","400","2","GUDHIalpha","0.664112122030929","0.66358857601881","0.663928296067752","0.663987842039205","0.663633993943222","0.663781069102697","0.668180854059756","0.664046934107319","0.667392510920763","0.676871654926799"
"393","time","circle","3","420","2","GUDHIalpha","0.645818941993639","0.649978070985526","0.645963756018318","0.646831578924321","0.649092787061818","0.646403399063274","0.646035223035142","0.651249451912008","0.646117936936207","0.645970757934265"
"394","time","circle","3","440","2","GUDHIalpha","0.74678358703386","0.737359209102578","0.745336480089463","0.741207928047515","0.744913771050051","0.743379065999761","0.741600580047816","0.741445063147694","0.73945989808999","0.745661592110991"
"395","time","circle","3","460","2","GUDHIalpha","0.728514730115421","0.732491809059866","0.730800658115186","0.7294237279566","0.731412273948081","0.728419177001342","0.734603265067562","0.734905911958776","0.728173675015569","0.728505035978742"
"396","time","circle","3","480","2","GUDHIalpha","0.786667286069132","0.785756864002906","0.787122578010894","0.788379190023988","0.792250907979906","0.801331938011572","0.800295492052101","0.791964772040956","0.795349064050242","0.794462073012255"
"397","time","circle","3","500","2","GUDHIalpha","0.71010944689624","0.706543236039579","0.713760900893249","0.706562364008278","0.701817710069008","0.690294428961352","0.686813172884285","0.686630752985366","0.689684381010011","0.68717764003668"
