"","words","word_num","Freq","threshold"
"1","Subjective",1,2,0.5
"2","pattern",2,2,0.5
"3","comparison",3,2,0.5
"4","has",4,2,0.5
"5","been",5,2,0.5
"6","subject",6,2,0.5
"7","to",7,2,0.5
"8","increased",8,2,0.5
"9","scrutiny",9,2,0.5
"10","by",10,2,0.5
"11","the",11,2,0.5
"12","courts",12,2,0.5
"13","and",13,2,0.5
"14","by",14,2,0.5
"15","the",15,2,0.5
"16","general",16,2,0.5
"17","public,",17,2,0.5
"18","resulting",18,2,0.5
"19","in",19,2.89530006433232,0.5
"20","an",20,2.89530006433232,0.5
"21","increased",21,2.89530006433232,0.5
"22","interest",22,2.89530006433232,0.5
"23","in",23,2.89530006433232,0.5
"24","pattern",24,2,0.5
"25","comparison",25,2,0.5
"26","algorithms",26,2,0.5
"27","that",27,2,0.5
"28","provide",28,2,0.5
"29","quantitative",29,2,0.5
"30","assessments",30,2,0.5
"31","of",31,2,0.5
"32","similarity",32,2,0.5
"33","for",33,2,0.5
"34","use",34,1.95483870967742,0.5
"35","by",35,1.75483870967742,0.5
"36","forensic",36,1.55483870967742,0.5
"37","scientists.",37,1.35483870967742,0.5
"38","While",38,1.15483870967742,0.5
"39","these",39,1,0.5
"40","algorithms",40,1,0.5
"41","would",41,1,0.5
"42","mark",42,1,0.5
"43","an",43,1,0.5
"44","improvement",44,1,0.5
"45","over",45,1,0.5
"46","current",46,1,0.5
"47","subjective",47,1,0.5
"48","comparison",48,1,0.5
"49","methods,",49,1,0.5
"50","individuals",50,1,0.5
"51","without",51,1,0.5
"52","a",52,1,0.5
"53","statistical",53,1,0.5
"54","background",54,1,0.5
"55","may",55,1,0.5
"56","struggle",56,1,0.5
"57","with",57,1,0.5
"58","the",58,1,0.5
"59","statistical",59,1,0.5
"60","concepts",60,1,0.5
"61","and",61,1,0.5
"62","language",62,1,0.5
"63","necessary",63,1,0.5
"64","for",64,1,0.5
"65","describing",65,1,0.5
"66","algorithmic",66,1,0.5
"67","methods.",67,1,0.5
"68","If",68,1.34166666666667,0.5
"69","algorithms",69,1.54166666666667,0.5
"70","are",70,1.74166666666667,0.5
"71","to",71,1.94166666666667,0.5
"72","be",72,2.14166666666667,0.5
"73","used,",73,2,0.5
"74","examiners",74,2,0.5
"75","must",75,2,0.5
"76","be",76,2,0.5
"77","able",77,2,0.5
"78","to",78,2,0.5
"79","testify",79,2,0.5
"80","about",80,2,0.5
"81","their",81,2,0.5
"82","use",82,2,0.5
"83","in",83,2,0.5
"84","a",84,2,0.5
"85","way",85,2,0.5
"86","that",86,2,0.5
"87","is",87,2,0.5
"88","accessible",88,1.97391304347826,0.5
"89","to",89,1.77391304347826,0.5
"90","the",90,1.57391304347826,0.5
"91","jury.",91,1.49391304347826,0.5
"92","In",92,1.49391304347826,0.5
"93","a",93,1.52,0.5
"94","series",94,1.72,0.5
"95","of",95,1.90095238095238,0.5
"96","studies,",96,1.58095238095238,0.5
"97","we",97,1.18095238095238,0.5
"98","conduct",98,0.780952380952381,0.5
"99","an",99,0.671861471861472,0.5
"100","assessment",100,0.690909090909091,0.5
"101","of",101,1.09090909090909,0.5
"102","language",102,1.49090909090909,0.5
"103","and",103,1.89090909090909,0.5
"104","supporting",104,2,0.5
"105","visual",105,2,0.5
"106","aids",106,2,0.5
"107","which",107,2,0.5
"108","might",108,2,0.5
"109","be",109,2,0.5
"110","used",110,2,0.5
"111","to",111,2.1063829787234,0.5
"112","explain",112,2.1063829787234,0.5
"113","bullet",113,3.82510896034412,0.5
"114","matching",114,3.42510896034412,0.5
"115","algorithms.",115,3.02510896034412,0.5
"116","In",116,2.51872598162072,0.5
"117","the",117,2.11872598162072,0.5
"118","initial",118,0,0.5
"119","study,",119,0,0.5
"120","we",120,0,0.5
"121","encountered",121,0,0.5
"122","a",122,0.151515151515152,0.5
"123","response",123,0.151515151515152,0.5
"124","type",124,0.151515151515152,0.5
"125","calibration",125,0.151515151515152,0.5
"126","issue",126,0.293620414673046,0.5
"127","-",127,NA,0.5
"128","individuals",128,0.342105263157895,0.5
"129","thought",129,0.542105263157895,0.5
"130","highly",130,0.742105263157895,0.5
"131","of",131,0.942105263157895,0.5
"132","the",132,1,0.5
"133","forensic",133,1,0.5
"134","witness",134,1,0.5
"135","and",135,1,0.5
"136","evidence",136,1,0.5
"137","regardless",137,1,0.5
"138","of",138,1,0.5
"139","experimental",139,1,0.5
"140","conditions,",140,1,0.5
"141","'maxing",141,1,0.5
"142","out'",142,1,0.5
"143","Likert",143,1,0.5
"144","response",144,1,0.5
"145","scales",145,1,0.5
"146","and",146,1,0.5
"147","leaving",147,1,0.5
"148","us",148,1,0.5
"149","unable",149,1,0.5
"150","to",150,1,0.5
"151","tell",151,1,0.5
"152","if",152,1,0.5
"153","the",153,1,0.5
"154","conditions",154,1,0.5
"155","had",155,1,0.5
"156","any",156,1,0.5
"157","effect.",157,1,0.5
"158","While",158,1,0.5
"159","this",159,1,0.5
"160","study",160,1,0.5
"161","indicated",161,1,0.5
"162","that",162,1,0.5
"163","individuals",163,1,0.5
"164","overall",164,1,0.5
"165","found",165,1,0.5
"166","the",166,1,0.5
"167","testimony",167,1,0.5
"168","to",168,1,0.5
"169","be",169,1,0.5
"170","reliable,",170,1,0.5
"171","credible,",171,1,0.5
"172","and",172,1,0.5
"173","scientific,",173,1,0.5
"174","it",174,1,0.5
"175","did",175,1,0.5
"176","not",176,1,0.5
"177","readily",177,1,0.5
"178","provide",178,1,0.5
"179","information",179,1,0.5
"180","about",180,1.14,0.5
"181","our",181,0.94,0.5
"182","question",182,0.74,0.5
"183","of",183,0.54,0.5
"184","interest.",184,0.34,0.5
"185","Additional",185,0,0.5
"186","data",186,0,0.5
"187","from",187,0,0.5
"188","this",188,0,0.5
"189","study",189,0,0.5
"190","was",190,0,0.5
"191","found",191,0,0.5
"192","in",192,0,0.5
"193","the",193,0,0.5
"194","participants'",194,0,0.5
"195","note",195,0,0.5
"196","pads.",196,0,0.5
"197","Through",197,0,0.5
"198","cleaning",198,0,0.5
"199","sequential",199,0,0.5
"200","notes",200,0,0.5
"201","and",201,0,0.5
"202","designing",202,0,0.5
"203","a",203,0,0.5
"204","method",204,0,0.5
"205","for",205,0,0.5
"206","highlighting",206,0,0.5
"207","study",207,0,0.5
"208","transcripts",208,0,0.5
"209","according",209,0,0.5
"210","to",210,0,0.5
"211","the",211,0,0.5
"212","frequency",212,0,0.5
"213","of",213,0,0.5
"214","collocations",214,0,0.5
"215","in",215,0,0.5
"216","participant",216,0,0.5
"217","notes,",217,0,0.5
"218","we",218,0,0.5
"219","can",219,0,0.5
"220","determine",220,0,0.5
"221","which",221,0,0.5
"222","portions",222,0,0.5
"223","of",223,0,0.5
"224","testimony",224,0,0.5
"225","participants",225,0,0.5
"226","found",226,0,0.5
"227","'noteworthy'.",227,0,0.5
"228","We",228,0,0.5
"229","also",229,0,0.5
"230","conducted",230,0.144827586206897,0.5
"231","a",231,0.344827586206897,0.5
"232","study",232,0.489655172413793,0.5
"233","on",233,0.489655172413793,0.5
"234","response",234,0.489655172413793,0.5
"235","types",235,0.344827586206897,0.5
"236","to",236,0.501077586206897,0.5
"237","determine",237,0.55625,0.5
"238","the",238,0.75625,0.5
"239","consistency",239,0.95625,0.5
"240","of",240,1.15625,0.5
"241","participant",241,1,0.5
"242","responses",242,1,0.5
"243","across",243,1,0.5
"244","response",244,1,0.5
"245","types,",245,1,0.5
"246","compare",246,1,0.5
"247","a",247,1,0.5
"248","variety",248,1,0.5
"249","of",249,1,0.5
"250","response",250,1,0.5
"251","types,",251,1,0.5
"252","and",252,1,0.5
"253","determine",253,1,0.5
"254","which",254,1,0.5
"255","response",255,1,0.5
"256","type",256,1,0.5
"257","may",257,1,0.5
"258","be",258,1,0.5
"259","appropriately",259,1,0.5
"260","calibrated",260,1,0.5
"261","for",261,1,0.5
"262","addressing",262,1,0.5
"263","the",263,1,0.5
"264","initial",264,1,0.5
"265","research",265,1,0.5
"266","question",266,1.10625,0.5
"267","of",267,1.10625,0.5
"268","jury",268,1.10625,0.5
"269","perception",269,1.10625,0.5
"270","of",270,1.36458333333333,0.5
"271","algorithms",271,1.48956256921373,0.5
"272","and",272,1.28956256921373,0.5
"273","demonstrative",273,1.08956256921373,0.5
"274","evidence.",274,0.889562569213732,0.5
"275","The",275,0.779377384028547,0.5
"276","response",276,0.548148148148148,0.5
"277","types",277,0.748148148148148,0.5
"278","used",278,0.948148148148148,0.5
"279","in",279,1.14814814814815,0.5
"280","this",280,1,0.5
"281","investigation",281,1,0.5
"282","include",282,1,0.5
"283","the",283,1,0.5
"284","participant's",284,1,0.5
"285","interpretation",285,1,0.5
"286","of",286,2.09501915708812,0.5
"287","the",287,2.09501915708812,0.5
"288","strength",288,2.09501915708812,0.5
"289","of",289,2.09501915708812,0.5
"290","evidence",290,2.09501915708812,0.5
"291","(Likert",291,1,0.5
"292","scale),",292,1,0.5
"293","conviction",293,1,0.5
"294","decision",294,1,0.5
"295","(binary),",295,1,0.5
"296","opinion",296,1,0.5
"297","of",297,1,0.5
"298","guilt",298,1,0.5
"299","(binary),",299,1,0.5
"300","willingness",300,1,0.5
"301","to",301,1,0.5
"302","bet",302,1,0.5
"303","on",303,1,0.5
"304","their",304,1,0.5
"305","opinion",305,1,0.5
"306","of",306,1,0.5
"307","guilt",307,1,0.5
"308","(numeric),",308,1,0.5
"309","probability",309,1,0.5
"310","of",310,1,0.5
"311","guilt",311,1,0.5
"312","(numeric),",312,1,0.5
"313","and",313,1,0.5
"314","chance",314,1,0.5
"315","of",315,1,0.5
"316","guilt",316,1,0.5
"317","/innocence",317,1,0.5
"318","(numeric",318,0.8,0.5
"319","or",319,0.6,0.5
"320","multiple",320,0.4,0.5
"321","choice).",321,0.2,0.5
"322","The",322,0,0.5
"323","note",323,0,0.5
"324","cleaning,",324,0,0.5
"325","text",325,0,0.5
"326","analysis,",326,0,0.5
"327","and",327,0,0.5
"328","testimony",328,0,0.5
"329","tools",329,0,0.5
"330","we",330,0,0.5
"331","developed",331,0,0.5
"332","throughout",332,0,0.5
"333","this",333,0,0.5
"334","series",334,0,0.5
"335","of",335,0,0.5
"336","experiments",336,0,0.5
"337","will",337,0,0.5
"338","benefit",338,0,0.5
"339","our",339,0,0.5
"340","future",340,0,0.5
"341","research",341,0,0.5
"342","in",342,0,0.5
"343","jury",343,0,0.5
"344","perception,",344,0,0.5
"345","as",345,0,0.5
"346","well",346,0,0.5
"347","as",347,0,0.5
"348","future",348,0,0.5
"349","transcript",349,0,0.5
"350","studies.",350,0,0.5
"351","Subjective",1,2,0.55
"352","pattern",2,2,0.55
"353","comparison",3,2,0.55
"354","has",4,2,0.55
"355","been",5,2,0.55
"356","subject",6,2,0.55
"357","to",7,2,0.55
"358","increased",8,2,0.55
"359","scrutiny",9,2,0.55
"360","by",10,2,0.55
"361","the",11,2,0.55
"362","courts",12,2,0.55
"363","and",13,2,0.55
"364","by",14,2,0.55
"365","the",15,2,0.55
"366","general",16,2,0.55
"367","public,",17,2,0.55
"368","resulting",18,2,0.55
"369","in",19,2.89530006433232,0.55
"370","an",20,2.89530006433232,0.55
"371","increased",21,2.89530006433232,0.55
"372","interest",22,2.89530006433232,0.55
"373","in",23,2.89530006433232,0.55
"374","pattern",24,2,0.55
"375","comparison",25,2,0.55
"376","algorithms",26,2,0.55
"377","that",27,2,0.55
"378","provide",28,2,0.55
"379","quantitative",29,2,0.55
"380","assessments",30,2,0.55
"381","of",31,2,0.55
"382","similarity",32,2,0.55
"383","for",33,2,0.55
"384","use",34,1.95483870967742,0.55
"385","by",35,1.75483870967742,0.55
"386","forensic",36,1.55483870967742,0.55
"387","scientists.",37,1.35483870967742,0.55
"388","While",38,1.15483870967742,0.55
"389","these",39,1,0.55
"390","algorithms",40,1,0.55
"391","would",41,1,0.55
"392","mark",42,1,0.55
"393","an",43,1,0.55
"394","improvement",44,1,0.55
"395","over",45,1,0.55
"396","current",46,1,0.55
"397","subjective",47,1,0.55
"398","comparison",48,1,0.55
"399","methods,",49,1,0.55
"400","individuals",50,1,0.55
"401","without",51,1,0.55
"402","a",52,1,0.55
"403","statistical",53,1,0.55
"404","background",54,1,0.55
"405","may",55,1,0.55
"406","struggle",56,1,0.55
"407","with",57,1,0.55
"408","the",58,1,0.55
"409","statistical",59,1,0.55
"410","concepts",60,1,0.55
"411","and",61,1,0.55
"412","language",62,1,0.55
"413","necessary",63,1,0.55
"414","for",64,1,0.55
"415","describing",65,1,0.55
"416","algorithmic",66,1,0.55
"417","methods.",67,1,0.55
"418","If",68,1.34166666666667,0.55
"419","algorithms",69,1.54166666666667,0.55
"420","are",70,1.74166666666667,0.55
"421","to",71,1.94166666666667,0.55
"422","be",72,2.14166666666667,0.55
"423","used,",73,2,0.55
"424","examiners",74,2,0.55
"425","must",75,2,0.55
"426","be",76,2,0.55
"427","able",77,2,0.55
"428","to",78,2,0.55
"429","testify",79,2,0.55
"430","about",80,2,0.55
"431","their",81,2,0.55
"432","use",82,2,0.55
"433","in",83,2,0.55
"434","a",84,2,0.55
"435","way",85,2,0.55
"436","that",86,2,0.55
"437","is",87,2,0.55
"438","accessible",88,1.97391304347826,0.55
"439","to",89,1.77391304347826,0.55
"440","the",90,1.57391304347826,0.55
"441","jury.",91,1.49391304347826,0.55
"442","In",92,1.49391304347826,0.55
"443","a",93,1.52,0.55
"444","series",94,1.72,0.55
"445","of",95,1.90095238095238,0.55
"446","studies,",96,1.58095238095238,0.55
"447","we",97,1.18095238095238,0.55
"448","conduct",98,0.780952380952381,0.55
"449","an",99,0.671861471861472,0.55
"450","assessment",100,0.690909090909091,0.55
"451","of",101,1.09090909090909,0.55
"452","language",102,1.49090909090909,0.55
"453","and",103,1.89090909090909,0.55
"454","supporting",104,2,0.55
"455","visual",105,2,0.55
"456","aids",106,2,0.55
"457","which",107,2,0.55
"458","might",108,2,0.55
"459","be",109,2,0.55
"460","used",110,2,0.55
"461","to",111,2,0.55
"462","explain",112,2,0.55
"463","bullet",113,3.71872598162072,0.55
"464","matching",114,3.31872598162072,0.55
"465","algorithms.",115,2.91872598162072,0.55
"466","In",116,2.51872598162072,0.55
"467","the",117,2.11872598162072,0.55
"468","initial",118,0,0.55
"469","study,",119,0,0.55
"470","we",120,0,0.55
"471","encountered",121,0,0.55
"472","a",122,0.151515151515152,0.55
"473","response",123,0.151515151515152,0.55
"474","type",124,0.151515151515152,0.55
"475","calibration",125,0.151515151515152,0.55
"476","issue",126,0.293620414673046,0.55
"477","-",127,NA,0.55
"478","individuals",128,0.342105263157895,0.55
"479","thought",129,0.542105263157895,0.55
"480","highly",130,0.742105263157895,0.55
"481","of",131,0.942105263157895,0.55
"482","the",132,1,0.55
"483","forensic",133,1,0.55
"484","witness",134,1,0.55
"485","and",135,1,0.55
"486","evidence",136,1,0.55
"487","regardless",137,1,0.55
"488","of",138,1,0.55
"489","experimental",139,1,0.55
"490","conditions,",140,1,0.55
"491","'maxing",141,1,0.55
"492","out'",142,1,0.55
"493","Likert",143,1,0.55
"494","response",144,1,0.55
"495","scales",145,1,0.55
"496","and",146,1,0.55
"497","leaving",147,1,0.55
"498","us",148,1,0.55
"499","unable",149,1,0.55
"500","to",150,1,0.55
"501","tell",151,1,0.55
"502","if",152,1,0.55
"503","the",153,1,0.55
"504","conditions",154,1,0.55
"505","had",155,1,0.55
"506","any",156,1,0.55
"507","effect.",157,1,0.55
"508","While",158,1,0.55
"509","this",159,1,0.55
"510","study",160,1,0.55
"511","indicated",161,1,0.55
"512","that",162,1,0.55
"513","individuals",163,1,0.55
"514","overall",164,1,0.55
"515","found",165,1,0.55
"516","the",166,1,0.55
"517","testimony",167,1,0.55
"518","to",168,1,0.55
"519","be",169,1,0.55
"520","reliable,",170,1,0.55
"521","credible,",171,1,0.55
"522","and",172,1,0.55
"523","scientific,",173,1,0.55
"524","it",174,1,0.55
"525","did",175,1,0.55
"526","not",176,1,0.55
"527","readily",177,1,0.55
"528","provide",178,1,0.55
"529","information",179,1,0.55
"530","about",180,1.14,0.55
"531","our",181,0.94,0.55
"532","question",182,0.74,0.55
"533","of",183,0.54,0.55
"534","interest.",184,0.34,0.55
"535","Additional",185,0,0.55
"536","data",186,0,0.55
"537","from",187,0,0.55
"538","this",188,0,0.55
"539","study",189,0,0.55
"540","was",190,0,0.55
"541","found",191,0,0.55
"542","in",192,0,0.55
"543","the",193,0,0.55
"544","participants'",194,0,0.55
"545","note",195,0,0.55
"546","pads.",196,0,0.55
"547","Through",197,0,0.55
"548","cleaning",198,0,0.55
"549","sequential",199,0,0.55
"550","notes",200,0,0.55
"551","and",201,0,0.55
"552","designing",202,0,0.55
"553","a",203,0,0.55
"554","method",204,0,0.55
"555","for",205,0,0.55
"556","highlighting",206,0,0.55
"557","study",207,0,0.55
"558","transcripts",208,0,0.55
"559","according",209,0,0.55
"560","to",210,0,0.55
"561","the",211,0,0.55
"562","frequency",212,0,0.55
"563","of",213,0,0.55
"564","collocations",214,0,0.55
"565","in",215,0,0.55
"566","participant",216,0,0.55
"567","notes,",217,0,0.55
"568","we",218,0,0.55
"569","can",219,0,0.55
"570","determine",220,0,0.55
"571","which",221,0,0.55
"572","portions",222,0,0.55
"573","of",223,0,0.55
"574","testimony",224,0,0.55
"575","participants",225,0,0.55
"576","found",226,0,0.55
"577","'noteworthy'.",227,0,0.55
"578","We",228,0,0.55
"579","also",229,0,0.55
"580","conducted",230,0.144827586206897,0.55
"581","a",231,0.344827586206897,0.55
"582","study",232,0.489655172413793,0.55
"583","on",233,0.489655172413793,0.55
"584","response",234,0.489655172413793,0.55
"585","types",235,0.344827586206897,0.55
"586","to",236,0.501077586206897,0.55
"587","determine",237,0.55625,0.55
"588","the",238,0.75625,0.55
"589","consistency",239,0.95625,0.55
"590","of",240,1.15625,0.55
"591","participant",241,1,0.55
"592","responses",242,1,0.55
"593","across",243,1,0.55
"594","response",244,1,0.55
"595","types,",245,1,0.55
"596","compare",246,1,0.55
"597","a",247,1,0.55
"598","variety",248,1,0.55
"599","of",249,1,0.55
"600","response",250,1,0.55
"601","types,",251,1,0.55
"602","and",252,1,0.55
"603","determine",253,1,0.55
"604","which",254,1,0.55
"605","response",255,1,0.55
"606","type",256,1,0.55
"607","may",257,1,0.55
"608","be",258,1,0.55
"609","appropriately",259,1,0.55
"610","calibrated",260,1,0.55
"611","for",261,1,0.55
"612","addressing",262,1,0.55
"613","the",263,1,0.55
"614","initial",264,1,0.55
"615","research",265,1,0.55
"616","question",266,1,0.55
"617","of",267,1,0.55
"618","jury",268,1,0.55
"619","perception",269,1,0.55
"620","of",270,1.25833333333333,0.55
"621","algorithms",271,1.48956256921373,0.55
"622","and",272,1.28956256921373,0.55
"623","demonstrative",273,1.08956256921373,0.55
"624","evidence.",274,0.889562569213732,0.55
"625","The",275,0.779377384028547,0.55
"626","response",276,0.548148148148148,0.55
"627","types",277,0.748148148148148,0.55
"628","used",278,0.948148148148148,0.55
"629","in",279,1.14814814814815,0.55
"630","this",280,1,0.55
"631","investigation",281,1,0.55
"632","include",282,1,0.55
"633","the",283,1,0.55
"634","participant's",284,1,0.55
"635","interpretation",285,1,0.55
"636","of",286,2.09501915708812,0.55
"637","the",287,2.09501915708812,0.55
"638","strength",288,2.09501915708812,0.55
"639","of",289,2.09501915708812,0.55
"640","evidence",290,2.09501915708812,0.55
"641","(Likert",291,1,0.55
"642","scale),",292,1,0.55
"643","conviction",293,1,0.55
"644","decision",294,1,0.55
"645","(binary),",295,1,0.55
"646","opinion",296,1,0.55
"647","of",297,1,0.55
"648","guilt",298,1,0.55
"649","(binary),",299,1,0.55
"650","willingness",300,1,0.55
"651","to",301,1,0.55
"652","bet",302,1,0.55
"653","on",303,1,0.55
"654","their",304,1,0.55
"655","opinion",305,1,0.55
"656","of",306,1,0.55
"657","guilt",307,1,0.55
"658","(numeric),",308,1,0.55
"659","probability",309,1,0.55
"660","of",310,1,0.55
"661","guilt",311,1,0.55
"662","(numeric),",312,1,0.55
"663","and",313,1,0.55
"664","chance",314,1,0.55
"665","of",315,1,0.55
"666","guilt",316,1,0.55
"667","/innocence",317,1,0.55
"668","(numeric",318,0.8,0.55
"669","or",319,0.6,0.55
"670","multiple",320,0.4,0.55
"671","choice).",321,0.2,0.55
"672","The",322,0,0.55
"673","note",323,0,0.55
"674","cleaning,",324,0,0.55
"675","text",325,0,0.55
"676","analysis,",326,0,0.55
"677","and",327,0,0.55
"678","testimony",328,0,0.55
"679","tools",329,0,0.55
"680","we",330,0,0.55
"681","developed",331,0,0.55
"682","throughout",332,0,0.55
"683","this",333,0,0.55
"684","series",334,0,0.55
"685","of",335,0,0.55
"686","experiments",336,0,0.55
"687","will",337,0,0.55
"688","benefit",338,0,0.55
"689","our",339,0,0.55
"690","future",340,0,0.55
"691","research",341,0,0.55
"692","in",342,0,0.55
"693","jury",343,0,0.55
"694","perception,",344,0,0.55
"695","as",345,0,0.55
"696","well",346,0,0.55
"697","as",347,0,0.55
"698","future",348,0,0.55
"699","transcript",349,0,0.55
"700","studies.",350,0,0.55
"701","Subjective",1,2,0.6
"702","pattern",2,2,0.6
"703","comparison",3,2,0.6
"704","has",4,2,0.6
"705","been",5,2,0.6
"706","subject",6,2,0.6
"707","to",7,2,0.6
"708","increased",8,2,0.6
"709","scrutiny",9,2,0.6
"710","by",10,2,0.6
"711","the",11,2,0.6
"712","courts",12,2,0.6
"713","and",13,2,0.6
"714","by",14,2,0.6
"715","the",15,2,0.6
"716","general",16,2,0.6
"717","public,",17,2,0.6
"718","resulting",18,2,0.6
"719","in",19,2.89530006433232,0.6
"720","an",20,2.89530006433232,0.6
"721","increased",21,2.89530006433232,0.6
"722","interest",22,2.89530006433232,0.6
"723","in",23,2.89530006433232,0.6
"724","pattern",24,2,0.6
"725","comparison",25,2,0.6
"726","algorithms",26,2,0.6
"727","that",27,2,0.6
"728","provide",28,2,0.6
"729","quantitative",29,2,0.6
"730","assessments",30,2,0.6
"731","of",31,2,0.6
"732","similarity",32,2,0.6
"733","for",33,2,0.6
"734","use",34,1.95483870967742,0.6
"735","by",35,1.75483870967742,0.6
"736","forensic",36,1.55483870967742,0.6
"737","scientists.",37,1.35483870967742,0.6
"738","While",38,1.15483870967742,0.6
"739","these",39,1,0.6
"740","algorithms",40,1,0.6
"741","would",41,1,0.6
"742","mark",42,1,0.6
"743","an",43,1,0.6
"744","improvement",44,1,0.6
"745","over",45,1,0.6
"746","current",46,1,0.6
"747","subjective",47,1,0.6
"748","comparison",48,1,0.6
"749","methods,",49,1,0.6
"750","individuals",50,1,0.6
"751","without",51,1,0.6
"752","a",52,1,0.6
"753","statistical",53,1,0.6
"754","background",54,1,0.6
"755","may",55,1,0.6
"756","struggle",56,1,0.6
"757","with",57,1,0.6
"758","the",58,1,0.6
"759","statistical",59,1,0.6
"760","concepts",60,1,0.6
"761","and",61,1,0.6
"762","language",62,1,0.6
"763","necessary",63,1,0.6
"764","for",64,1,0.6
"765","describing",65,1,0.6
"766","algorithmic",66,1,0.6
"767","methods.",67,1,0.6
"768","If",68,1.34166666666667,0.6
"769","algorithms",69,1.54166666666667,0.6
"770","are",70,1.74166666666667,0.6
"771","to",71,1.94166666666667,0.6
"772","be",72,2.14166666666667,0.6
"773","used,",73,2,0.6
"774","examiners",74,2,0.6
"775","must",75,2,0.6
"776","be",76,2,0.6
"777","able",77,2,0.6
"778","to",78,2,0.6
"779","testify",79,2,0.6
"780","about",80,2,0.6
"781","their",81,2,0.6
"782","use",82,2,0.6
"783","in",83,2,0.6
"784","a",84,2,0.6
"785","way",85,2,0.6
"786","that",86,2,0.6
"787","is",87,2,0.6
"788","accessible",88,1.97391304347826,0.6
"789","to",89,1.77391304347826,0.6
"790","the",90,1.57391304347826,0.6
"791","jury.",91,1.49391304347826,0.6
"792","In",92,1.49391304347826,0.6
"793","a",93,1.52,0.6
"794","series",94,1.72,0.6
"795","of",95,1.90095238095238,0.6
"796","studies,",96,1.58095238095238,0.6
"797","we",97,1.18095238095238,0.6
"798","conduct",98,0.780952380952381,0.6
"799","an",99,0.671861471861472,0.6
"800","assessment",100,0.690909090909091,0.6
"801","of",101,1.09090909090909,0.6
"802","language",102,1.49090909090909,0.6
"803","and",103,1.89090909090909,0.6
"804","supporting",104,2,0.6
"805","visual",105,2,0.6
"806","aids",106,2,0.6
"807","which",107,2,0.6
"808","might",108,2,0.6
"809","be",109,2,0.6
"810","used",110,2,0.6
"811","to",111,2,0.6
"812","explain",112,2,0.6
"813","bullet",113,3.60293650793651,0.6
"814","matching",114,3.20293650793651,0.6
"815","algorithms.",115,2.80293650793651,0.6
"816","In",116,2.40293650793651,0.6
"817","the",117,2.00293650793651,0.6
"818","initial",118,0,0.6
"819","study,",119,0,0.6
"820","we",120,0,0.6
"821","encountered",121,0,0.6
"822","a",122,0.151515151515152,0.6
"823","response",123,0.151515151515152,0.6
"824","type",124,0.151515151515152,0.6
"825","calibration",125,0.151515151515152,0.6
"826","issue",126,0.293620414673046,0.6
"827","-",127,NA,0.6
"828","individuals",128,0.342105263157895,0.6
"829","thought",129,0.542105263157895,0.6
"830","highly",130,0.742105263157895,0.6
"831","of",131,0.942105263157895,0.6
"832","the",132,1,0.6
"833","forensic",133,1,0.6
"834","witness",134,1,0.6
"835","and",135,1,0.6
"836","evidence",136,1,0.6
"837","regardless",137,1,0.6
"838","of",138,1,0.6
"839","experimental",139,1,0.6
"840","conditions,",140,1,0.6
"841","'maxing",141,1,0.6
"842","out'",142,1,0.6
"843","Likert",143,1,0.6
"844","response",144,1,0.6
"845","scales",145,1,0.6
"846","and",146,1,0.6
"847","leaving",147,1,0.6
"848","us",148,1,0.6
"849","unable",149,1,0.6
"850","to",150,1,0.6
"851","tell",151,1,0.6
"852","if",152,1,0.6
"853","the",153,1,0.6
"854","conditions",154,1,0.6
"855","had",155,1,0.6
"856","any",156,1,0.6
"857","effect.",157,1,0.6
"858","While",158,1,0.6
"859","this",159,1,0.6
"860","study",160,1,0.6
"861","indicated",161,1,0.6
"862","that",162,1,0.6
"863","individuals",163,1,0.6
"864","overall",164,1,0.6
"865","found",165,1,0.6
"866","the",166,1,0.6
"867","testimony",167,1,0.6
"868","to",168,1,0.6
"869","be",169,1,0.6
"870","reliable,",170,1,0.6
"871","credible,",171,1,0.6
"872","and",172,1,0.6
"873","scientific,",173,1,0.6
"874","it",174,1,0.6
"875","did",175,1,0.6
"876","not",176,1,0.6
"877","readily",177,1,0.6
"878","provide",178,1,0.6
"879","information",179,1,0.6
"880","about",180,1.14,0.6
"881","our",181,0.94,0.6
"882","question",182,0.74,0.6
"883","of",183,0.54,0.6
"884","interest.",184,0.34,0.6
"885","Additional",185,0,0.6
"886","data",186,0,0.6
"887","from",187,0,0.6
"888","this",188,0,0.6
"889","study",189,0,0.6
"890","was",190,0,0.6
"891","found",191,0,0.6
"892","in",192,0,0.6
"893","the",193,0,0.6
"894","participants'",194,0,0.6
"895","note",195,0,0.6
"896","pads.",196,0,0.6
"897","Through",197,0,0.6
"898","cleaning",198,0,0.6
"899","sequential",199,0,0.6
"900","notes",200,0,0.6
"901","and",201,0,0.6
"902","designing",202,0,0.6
"903","a",203,0,0.6
"904","method",204,0,0.6
"905","for",205,0,0.6
"906","highlighting",206,0,0.6
"907","study",207,0,0.6
"908","transcripts",208,0,0.6
"909","according",209,0,0.6
"910","to",210,0,0.6
"911","the",211,0,0.6
"912","frequency",212,0,0.6
"913","of",213,0,0.6
"914","collocations",214,0,0.6
"915","in",215,0,0.6
"916","participant",216,0,0.6
"917","notes,",217,0,0.6
"918","we",218,0,0.6
"919","can",219,0,0.6
"920","determine",220,0,0.6
"921","which",221,0,0.6
"922","portions",222,0,0.6
"923","of",223,0,0.6
"924","testimony",224,0,0.6
"925","participants",225,0,0.6
"926","found",226,0,0.6
"927","'noteworthy'.",227,0,0.6
"928","We",228,0,0.6
"929","also",229,0,0.6
"930","conducted",230,0.144827586206897,0.6
"931","a",231,0.344827586206897,0.6
"932","study",232,0.489655172413793,0.6
"933","on",233,0.489655172413793,0.6
"934","response",234,0.489655172413793,0.6
"935","types",235,0.344827586206897,0.6
"936","to",236,0.501077586206897,0.6
"937","determine",237,0.55625,0.6
"938","the",238,0.75625,0.6
"939","consistency",239,0.95625,0.6
"940","of",240,1.15625,0.6
"941","participant",241,1,0.6
"942","responses",242,1,0.6
"943","across",243,1,0.6
"944","response",244,1,0.6
"945","types,",245,1,0.6
"946","compare",246,1,0.6
"947","a",247,1,0.6
"948","variety",248,1,0.6
"949","of",249,1,0.6
"950","response",250,1,0.6
"951","types,",251,1,0.6
"952","and",252,1,0.6
"953","determine",253,1,0.6
"954","which",254,1,0.6
"955","response",255,1,0.6
"956","type",256,1,0.6
"957","may",257,1,0.6
"958","be",258,1,0.6
"959","appropriately",259,1,0.6
"960","calibrated",260,1,0.6
"961","for",261,1,0.6
"962","addressing",262,1,0.6
"963","the",263,1,0.6
"964","initial",264,1,0.6
"965","research",265,1,0.6
"966","question",266,1,0.6
"967","of",267,1,0.6
"968","jury",268,1,0.6
"969","perception",269,1,0.6
"970","of",270,1.25833333333333,0.6
"971","algorithms",271,1.48956256921373,0.6
"972","and",272,1.28956256921373,0.6
"973","demonstrative",273,1.08956256921373,0.6
"974","evidence.",274,0.889562569213732,0.6
"975","The",275,0.779377384028547,0.6
"976","response",276,0.548148148148148,0.6
"977","types",277,0.748148148148148,0.6
"978","used",278,0.948148148148148,0.6
"979","in",279,1.14814814814815,0.6
"980","this",280,1,0.6
"981","investigation",281,1,0.6
"982","include",282,1,0.6
"983","the",283,1,0.6
"984","participant's",284,1,0.6
"985","interpretation",285,1,0.6
"986","of",286,1.74074074074074,0.6
"987","the",287,1.74074074074074,0.6
"988","strength",288,1.74074074074074,0.6
"989","of",289,1.74074074074074,0.6
"990","evidence",290,1.74074074074074,0.6
"991","(Likert",291,1,0.6
"992","scale),",292,1,0.6
"993","conviction",293,1,0.6
"994","decision",294,1,0.6
"995","(binary),",295,1,0.6
"996","opinion",296,1,0.6
"997","of",297,1,0.6
"998","guilt",298,1,0.6
"999","(binary),",299,1,0.6
"1000","willingness",300,1,0.6
"1001","to",301,1,0.6
"1002","bet",302,1,0.6
"1003","on",303,1,0.6
"1004","their",304,1,0.6
"1005","opinion",305,1,0.6
"1006","of",306,1,0.6
"1007","guilt",307,1,0.6
"1008","(numeric),",308,1,0.6
"1009","probability",309,1,0.6
"1010","of",310,1,0.6
"1011","guilt",311,1,0.6
"1012","(numeric),",312,1,0.6
"1013","and",313,1,0.6
"1014","chance",314,1,0.6
"1015","of",315,1,0.6
"1016","guilt",316,1,0.6
"1017","/innocence",317,1,0.6
"1018","(numeric",318,0.8,0.6
"1019","or",319,0.6,0.6
"1020","multiple",320,0.4,0.6
"1021","choice).",321,0.2,0.6
"1022","The",322,0,0.6
"1023","note",323,0,0.6
"1024","cleaning,",324,0,0.6
"1025","text",325,0,0.6
"1026","analysis,",326,0,0.6
"1027","and",327,0,0.6
"1028","testimony",328,0,0.6
"1029","tools",329,0,0.6
"1030","we",330,0,0.6
"1031","developed",331,0,0.6
"1032","throughout",332,0,0.6
"1033","this",333,0,0.6
"1034","series",334,0,0.6
"1035","of",335,0,0.6
"1036","experiments",336,0,0.6
"1037","will",337,0,0.6
"1038","benefit",338,0,0.6
"1039","our",339,0,0.6
"1040","future",340,0,0.6
"1041","research",341,0,0.6
"1042","in",342,0,0.6
"1043","jury",343,0,0.6
"1044","perception,",344,0,0.6
"1045","as",345,0,0.6
"1046","well",346,0,0.6
"1047","as",347,0,0.6
"1048","future",348,0,0.6
"1049","transcript",349,0,0.6
"1050","studies.",350,0,0.6
"1051","Subjective",1,2,0.65
"1052","pattern",2,2,0.65
"1053","comparison",3,2,0.65
"1054","has",4,2,0.65
"1055","been",5,2,0.65
"1056","subject",6,2,0.65
"1057","to",7,2,0.65
"1058","increased",8,2,0.65
"1059","scrutiny",9,2,0.65
"1060","by",10,2,0.65
"1061","the",11,2,0.65
"1062","courts",12,2,0.65
"1063","and",13,2,0.65
"1064","by",14,2,0.65
"1065","the",15,2,0.65
"1066","general",16,2,0.65
"1067","public,",17,2,0.65
"1068","resulting",18,2,0.65
"1069","in",19,2.63960113960114,0.65
"1070","an",20,2.63960113960114,0.65
"1071","increased",21,2.63960113960114,0.65
"1072","interest",22,2.63960113960114,0.65
"1073","in",23,2.63960113960114,0.65
"1074","pattern",24,2,0.65
"1075","comparison",25,2,0.65
"1076","algorithms",26,2,0.65
"1077","that",27,2,0.65
"1078","provide",28,2,0.65
"1079","quantitative",29,2,0.65
"1080","assessments",30,2,0.65
"1081","of",31,2,0.65
"1082","similarity",32,2,0.65
"1083","for",33,2,0.65
"1084","use",34,1.95483870967742,0.65
"1085","by",35,1.75483870967742,0.65
"1086","forensic",36,1.55483870967742,0.65
"1087","scientists.",37,1.35483870967742,0.65
"1088","While",38,1.15483870967742,0.65
"1089","these",39,1,0.65
"1090","algorithms",40,1,0.65
"1091","would",41,1,0.65
"1092","mark",42,1,0.65
"1093","an",43,1,0.65
"1094","improvement",44,1,0.65
"1095","over",45,1,0.65
"1096","current",46,1,0.65
"1097","subjective",47,1,0.65
"1098","comparison",48,1,0.65
"1099","methods,",49,1,0.65
"1100","individuals",50,1,0.65
"1101","without",51,1,0.65
"1102","a",52,1,0.65
"1103","statistical",53,1,0.65
"1104","background",54,1,0.65
"1105","may",55,1,0.65
"1106","struggle",56,1,0.65
"1107","with",57,1,0.65
"1108","the",58,1,0.65
"1109","statistical",59,1,0.65
"1110","concepts",60,1,0.65
"1111","and",61,1,0.65
"1112","language",62,1,0.65
"1113","necessary",63,1,0.65
"1114","for",64,1,0.65
"1115","describing",65,1,0.65
"1116","algorithmic",66,1,0.65
"1117","methods.",67,1,0.65
"1118","If",68,1.34166666666667,0.65
"1119","algorithms",69,1.54166666666667,0.65
"1120","are",70,1.74166666666667,0.65
"1121","to",71,1.94166666666667,0.65
"1122","be",72,2.14166666666667,0.65
"1123","used,",73,2,0.65
"1124","examiners",74,2,0.65
"1125","must",75,2,0.65
"1126","be",76,2,0.65
"1127","able",77,2,0.65
"1128","to",78,2,0.65
"1129","testify",79,2,0.65
"1130","about",80,2,0.65
"1131","their",81,2,0.65
"1132","use",82,2,0.65
"1133","in",83,2,0.65
"1134","a",84,2,0.65
"1135","way",85,2,0.65
"1136","that",86,2,0.65
"1137","is",87,2,0.65
"1138","accessible",88,1.97391304347826,0.65
"1139","to",89,1.77391304347826,0.65
"1140","the",90,1.57391304347826,0.65
"1141","jury.",91,1.37391304347826,0.65
"1142","In",92,1.37391304347826,0.65
"1143","a",93,1.4,0.65
"1144","series",94,1.6,0.65
"1145","of",95,1.78095238095238,0.65
"1146","studies,",96,1.58095238095238,0.65
"1147","we",97,1.18095238095238,0.65
"1148","conduct",98,0.780952380952381,0.65
"1149","an",99,0.671861471861472,0.65
"1150","assessment",100,0.690909090909091,0.65
"1151","of",101,1.09090909090909,0.65
"1152","language",102,1.49090909090909,0.65
"1153","and",103,1.89090909090909,0.65
"1154","supporting",104,2,0.65
"1155","visual",105,2,0.65
"1156","aids",106,2,0.65
"1157","which",107,2,0.65
"1158","might",108,2,0.65
"1159","be",109,2,0.65
"1160","used",110,2,0.65
"1161","to",111,2,0.65
"1162","explain",112,2,0.65
"1163","bullet",113,1.975,0.65
"1164","matching",114,1.575,0.65
"1165","algorithms.",115,1.175,0.65
"1166","In",116,0.775,0.65
"1167","the",117,0.375,0.65
"1168","initial",118,0,0.65
"1169","study,",119,0,0.65
"1170","we",120,0,0.65
"1171","encountered",121,0,0.65
"1172","a",122,0.151515151515152,0.65
"1173","response",123,0.151515151515152,0.65
"1174","type",124,0.151515151515152,0.65
"1175","calibration",125,0.151515151515152,0.65
"1176","issue",126,0.293620414673046,0.65
"1177","-",127,NA,0.65
"1178","individuals",128,0.342105263157895,0.65
"1179","thought",129,0.542105263157895,0.65
"1180","highly",130,0.742105263157895,0.65
"1181","of",131,0.942105263157895,0.65
"1182","the",132,1,0.65
"1183","forensic",133,1,0.65
"1184","witness",134,1,0.65
"1185","and",135,1,0.65
"1186","evidence",136,1,0.65
"1187","regardless",137,1,0.65
"1188","of",138,1,0.65
"1189","experimental",139,1,0.65
"1190","conditions,",140,1,0.65
"1191","'maxing",141,1,0.65
"1192","out'",142,1,0.65
"1193","Likert",143,1,0.65
"1194","response",144,1,0.65
"1195","scales",145,1,0.65
"1196","and",146,1,0.65
"1197","leaving",147,1,0.65
"1198","us",148,1,0.65
"1199","unable",149,1,0.65
"1200","to",150,1,0.65
"1201","tell",151,1,0.65
"1202","if",152,1,0.65
"1203","the",153,1,0.65
"1204","conditions",154,1,0.65
"1205","had",155,1,0.65
"1206","any",156,1,0.65
"1207","effect.",157,1,0.65
"1208","While",158,1,0.65
"1209","this",159,1,0.65
"1210","study",160,1,0.65
"1211","indicated",161,1,0.65
"1212","that",162,1,0.65
"1213","individuals",163,1,0.65
"1214","overall",164,1,0.65
"1215","found",165,1,0.65
"1216","the",166,1,0.65
"1217","testimony",167,1,0.65
"1218","to",168,1,0.65
"1219","be",169,1,0.65
"1220","reliable,",170,1,0.65
"1221","credible,",171,1,0.65
"1222","and",172,1,0.65
"1223","scientific,",173,1,0.65
"1224","it",174,1,0.65
"1225","did",175,1,0.65
"1226","not",176,1,0.65
"1227","readily",177,1,0.65
"1228","provide",178,1,0.65
"1229","information",179,1,0.65
"1230","about",180,1.14,0.65
"1231","our",181,0.94,0.65
"1232","question",182,0.74,0.65
"1233","of",183,0.54,0.65
"1234","interest.",184,0.34,0.65
"1235","Additional",185,0,0.65
"1236","data",186,0,0.65
"1237","from",187,0,0.65
"1238","this",188,0,0.65
"1239","study",189,0,0.65
"1240","was",190,0,0.65
"1241","found",191,0,0.65
"1242","in",192,0,0.65
"1243","the",193,0,0.65
"1244","participants'",194,0,0.65
"1245","note",195,0,0.65
"1246","pads.",196,0,0.65
"1247","Through",197,0,0.65
"1248","cleaning",198,0,0.65
"1249","sequential",199,0,0.65
"1250","notes",200,0,0.65
"1251","and",201,0,0.65
"1252","designing",202,0,0.65
"1253","a",203,0,0.65
"1254","method",204,0,0.65
"1255","for",205,0,0.65
"1256","highlighting",206,0,0.65
"1257","study",207,0,0.65
"1258","transcripts",208,0,0.65
"1259","according",209,0,0.65
"1260","to",210,0,0.65
"1261","the",211,0,0.65
"1262","frequency",212,0,0.65
"1263","of",213,0,0.65
"1264","collocations",214,0,0.65
"1265","in",215,0,0.65
"1266","participant",216,0,0.65
"1267","notes,",217,0,0.65
"1268","we",218,0,0.65
"1269","can",219,0,0.65
"1270","determine",220,0,0.65
"1271","which",221,0,0.65
"1272","portions",222,0,0.65
"1273","of",223,0,0.65
"1274","testimony",224,0,0.65
"1275","participants",225,0,0.65
"1276","found",226,0,0.65
"1277","'noteworthy'.",227,0,0.65
"1278","We",228,0,0.65
"1279","also",229,0,0.65
"1280","conducted",230,0.144827586206897,0.65
"1281","a",231,0.344827586206897,0.65
"1282","study",232,0.489655172413793,0.65
"1283","on",233,0.489655172413793,0.65
"1284","response",234,0.489655172413793,0.65
"1285","types",235,0.344827586206897,0.65
"1286","to",236,0.501077586206897,0.65
"1287","determine",237,0.55625,0.65
"1288","the",238,0.75625,0.65
"1289","consistency",239,0.95625,0.65
"1290","of",240,1.15625,0.65
"1291","participant",241,1,0.65
"1292","responses",242,1,0.65
"1293","across",243,1,0.65
"1294","response",244,1,0.65
"1295","types,",245,1,0.65
"1296","compare",246,1,0.65
"1297","a",247,1,0.65
"1298","variety",248,1,0.65
"1299","of",249,1,0.65
"1300","response",250,1,0.65
"1301","types,",251,1,0.65
"1302","and",252,1,0.65
"1303","determine",253,1,0.65
"1304","which",254,1,0.65
"1305","response",255,1,0.65
"1306","type",256,1,0.65
"1307","may",257,1,0.65
"1308","be",258,1,0.65
"1309","appropriately",259,1,0.65
"1310","calibrated",260,1,0.65
"1311","for",261,1,0.65
"1312","addressing",262,1,0.65
"1313","the",263,1,0.65
"1314","initial",264,1,0.65
"1315","research",265,1,0.65
"1316","question",266,1,0.65
"1317","of",267,1,0.65
"1318","jury",268,1,0.65
"1319","perception",269,1,0.65
"1320","of",270,1,0.65
"1321","algorithms",271,1.2312292358804,0.65
"1322","and",272,1.0312292358804,0.65
"1323","demonstrative",273,0.831229235880399,0.65
"1324","evidence.",274,0.631229235880399,0.65
"1325","The",275,0.779377384028547,0.65
"1326","response",276,0.548148148148148,0.65
"1327","types",277,0.748148148148148,0.65
"1328","used",278,0.948148148148148,0.65
"1329","in",279,1.14814814814815,0.65
"1330","this",280,1,0.65
"1331","investigation",281,1,0.65
"1332","include",282,1,0.65
"1333","the",283,1,0.65
"1334","participant's",284,1,0.65
"1335","interpretation",285,1,0.65
"1336","of",286,1.62074074074074,0.65
"1337","the",287,1.62074074074074,0.65
"1338","strength",288,1.62074074074074,0.65
"1339","of",289,1.62074074074074,0.65
"1340","evidence",290,1.62074074074074,0.65
"1341","(Likert",291,1,0.65
"1342","scale),",292,1,0.65
"1343","conviction",293,1,0.65
"1344","decision",294,1,0.65
"1345","(binary),",295,1,0.65
"1346","opinion",296,1,0.65
"1347","of",297,1,0.65
"1348","guilt",298,1,0.65
"1349","(binary),",299,1,0.65
"1350","willingness",300,1,0.65
"1351","to",301,1,0.65
"1352","bet",302,1,0.65
"1353","on",303,1,0.65
"1354","their",304,1,0.65
"1355","opinion",305,1,0.65
"1356","of",306,1,0.65
"1357","guilt",307,1,0.65
"1358","(numeric),",308,1,0.65
"1359","probability",309,1,0.65
"1360","of",310,1,0.65
"1361","guilt",311,1,0.65
"1362","(numeric),",312,1,0.65
"1363","and",313,1,0.65
"1364","chance",314,1,0.65
"1365","of",315,1,0.65
"1366","guilt",316,1,0.65
"1367","/innocence",317,1,0.65
"1368","(numeric",318,0.8,0.65
"1369","or",319,0.6,0.65
"1370","multiple",320,0.4,0.65
"1371","choice).",321,0.2,0.65
"1372","The",322,0,0.65
"1373","note",323,0,0.65
"1374","cleaning,",324,0,0.65
"1375","text",325,0,0.65
"1376","analysis,",326,0,0.65
"1377","and",327,0,0.65
"1378","testimony",328,0,0.65
"1379","tools",329,0,0.65
"1380","we",330,0,0.65
"1381","developed",331,0,0.65
"1382","throughout",332,0,0.65
"1383","this",333,0,0.65
"1384","series",334,0,0.65
"1385","of",335,0,0.65
"1386","experiments",336,0,0.65
"1387","will",337,0,0.65
"1388","benefit",338,0,0.65
"1389","our",339,0,0.65
"1390","future",340,0,0.65
"1391","research",341,0,0.65
"1392","in",342,0,0.65
"1393","jury",343,0,0.65
"1394","perception,",344,0,0.65
"1395","as",345,0,0.65
"1396","well",346,0,0.65
"1397","as",347,0,0.65
"1398","future",348,0,0.65
"1399","transcript",349,0,0.65
"1400","studies.",350,0,0.65
"1401","Subjective",1,2,0.7
"1402","pattern",2,2,0.7
"1403","comparison",3,2,0.7
"1404","has",4,2,0.7
"1405","been",5,2,0.7
"1406","subject",6,2,0.7
"1407","to",7,2,0.7
"1408","increased",8,2,0.7
"1409","scrutiny",9,2,0.7
"1410","by",10,2,0.7
"1411","the",11,2,0.7
"1412","courts",12,2,0.7
"1413","and",13,2,0.7
"1414","by",14,2,0.7
"1415","the",15,2,0.7
"1416","general",16,2,0.7
"1417","public,",17,2,0.7
"1418","resulting",18,2,0.7
"1419","in",19,2.63960113960114,0.7
"1420","an",20,2.63960113960114,0.7
"1421","increased",21,2.63960113960114,0.7
"1422","interest",22,2.63960113960114,0.7
"1423","in",23,2.63960113960114,0.7
"1424","pattern",24,2,0.7
"1425","comparison",25,2,0.7
"1426","algorithms",26,2,0.7
"1427","that",27,2,0.7
"1428","provide",28,2,0.7
"1429","quantitative",29,2,0.7
"1430","assessments",30,2,0.7
"1431","of",31,2,0.7
"1432","similarity",32,2,0.7
"1433","for",33,2,0.7
"1434","use",34,1.95483870967742,0.7
"1435","by",35,1.75483870967742,0.7
"1436","forensic",36,1.55483870967742,0.7
"1437","scientists.",37,1.35483870967742,0.7
"1438","While",38,1.15483870967742,0.7
"1439","these",39,1,0.7
"1440","algorithms",40,1,0.7
"1441","would",41,1,0.7
"1442","mark",42,1,0.7
"1443","an",43,1,0.7
"1444","improvement",44,1,0.7
"1445","over",45,1,0.7
"1446","current",46,1,0.7
"1447","subjective",47,1,0.7
"1448","comparison",48,1,0.7
"1449","methods,",49,1,0.7
"1450","individuals",50,1,0.7
"1451","without",51,1,0.7
"1452","a",52,1,0.7
"1453","statistical",53,1,0.7
"1454","background",54,1,0.7
"1455","may",55,1,0.7
"1456","struggle",56,1,0.7
"1457","with",57,1,0.7
"1458","the",58,1,0.7
"1459","statistical",59,1,0.7
"1460","concepts",60,1,0.7
"1461","and",61,1,0.7
"1462","language",62,1,0.7
"1463","necessary",63,1,0.7
"1464","for",64,1,0.7
"1465","describing",65,1,0.7
"1466","algorithmic",66,1,0.7
"1467","methods.",67,1,0.7
"1468","If",68,1.34166666666667,0.7
"1469","algorithms",69,1.54166666666667,0.7
"1470","are",70,1.74166666666667,0.7
"1471","to",71,1.94166666666667,0.7
"1472","be",72,2.14166666666667,0.7
"1473","used,",73,2,0.7
"1474","examiners",74,2,0.7
"1475","must",75,2,0.7
"1476","be",76,2,0.7
"1477","able",77,2,0.7
"1478","to",78,2,0.7
"1479","testify",79,2,0.7
"1480","about",80,2,0.7
"1481","their",81,2,0.7
"1482","use",82,2,0.7
"1483","in",83,2,0.7
"1484","a",84,2,0.7
"1485","way",85,2,0.7
"1486","that",86,2,0.7
"1487","is",87,2,0.7
"1488","accessible",88,1.97391304347826,0.7
"1489","to",89,1.77391304347826,0.7
"1490","the",90,1.57391304347826,0.7
"1491","jury.",91,1.37391304347826,0.7
"1492","In",92,1.37391304347826,0.7
"1493","a",93,1.4,0.7
"1494","series",94,1.6,0.7
"1495","of",95,1.78095238095238,0.7
"1496","studies,",96,1.58095238095238,0.7
"1497","we",97,1.18095238095238,0.7
"1498","conduct",98,0.780952380952381,0.7
"1499","an",99,0.671861471861472,0.7
"1500","assessment",100,0.690909090909091,0.7
"1501","of",101,1.09090909090909,0.7
"1502","language",102,1.49090909090909,0.7
"1503","and",103,1.89090909090909,0.7
"1504","supporting",104,2,0.7
"1505","visual",105,2,0.7
"1506","aids",106,2,0.7
"1507","which",107,2,0.7
"1508","might",108,2,0.7
"1509","be",109,2,0.7
"1510","used",110,2,0.7
"1511","to",111,2,0.7
"1512","explain",112,2,0.7
"1513","bullet",113,1.975,0.7
"1514","matching",114,1.575,0.7
"1515","algorithms.",115,1.175,0.7
"1516","In",116,0.775,0.7
"1517","the",117,0.375,0.7
"1518","initial",118,0,0.7
"1519","study,",119,0,0.7
"1520","we",120,0,0.7
"1521","encountered",121,0,0.7
"1522","a",122,0.151515151515152,0.7
"1523","response",123,0.151515151515152,0.7
"1524","type",124,0.151515151515152,0.7
"1525","calibration",125,0.151515151515152,0.7
"1526","issue",126,0.293620414673046,0.7
"1527","-",127,NA,0.7
"1528","individuals",128,0.342105263157895,0.7
"1529","thought",129,0.542105263157895,0.7
"1530","highly",130,0.742105263157895,0.7
"1531","of",131,0.942105263157895,0.7
"1532","the",132,1,0.7
"1533","forensic",133,1,0.7
"1534","witness",134,1,0.7
"1535","and",135,1,0.7
"1536","evidence",136,1,0.7
"1537","regardless",137,1,0.7
"1538","of",138,1,0.7
"1539","experimental",139,1,0.7
"1540","conditions,",140,1,0.7
"1541","'maxing",141,1,0.7
"1542","out'",142,1,0.7
"1543","Likert",143,1,0.7
"1544","response",144,1,0.7
"1545","scales",145,1,0.7
"1546","and",146,1,0.7
"1547","leaving",147,1,0.7
"1548","us",148,1,0.7
"1549","unable",149,1,0.7
"1550","to",150,1,0.7
"1551","tell",151,1,0.7
"1552","if",152,1,0.7
"1553","the",153,1,0.7
"1554","conditions",154,1,0.7
"1555","had",155,1,0.7
"1556","any",156,1,0.7
"1557","effect.",157,1,0.7
"1558","While",158,1,0.7
"1559","this",159,1,0.7
"1560","study",160,1,0.7
"1561","indicated",161,1,0.7
"1562","that",162,1,0.7
"1563","individuals",163,1,0.7
"1564","overall",164,1,0.7
"1565","found",165,1,0.7
"1566","the",166,1,0.7
"1567","testimony",167,1,0.7
"1568","to",168,1,0.7
"1569","be",169,1,0.7
"1570","reliable,",170,1,0.7
"1571","credible,",171,1,0.7
"1572","and",172,1,0.7
"1573","scientific,",173,1,0.7
"1574","it",174,1,0.7
"1575","did",175,1,0.7
"1576","not",176,1,0.7
"1577","readily",177,1,0.7
"1578","provide",178,1,0.7
"1579","information",179,1,0.7
"1580","about",180,1.14,0.7
"1581","our",181,0.94,0.7
"1582","question",182,0.74,0.7
"1583","of",183,0.54,0.7
"1584","interest.",184,0.34,0.7
"1585","Additional",185,0,0.7
"1586","data",186,0,0.7
"1587","from",187,0,0.7
"1588","this",188,0,0.7
"1589","study",189,0,0.7
"1590","was",190,0,0.7
"1591","found",191,0,0.7
"1592","in",192,0,0.7
"1593","the",193,0,0.7
"1594","participants'",194,0,0.7
"1595","note",195,0,0.7
"1596","pads.",196,0,0.7
"1597","Through",197,0,0.7
"1598","cleaning",198,0,0.7
"1599","sequential",199,0,0.7
"1600","notes",200,0,0.7
"1601","and",201,0,0.7
"1602","designing",202,0,0.7
"1603","a",203,0,0.7
"1604","method",204,0,0.7
"1605","for",205,0,0.7
"1606","highlighting",206,0,0.7
"1607","study",207,0,0.7
"1608","transcripts",208,0,0.7
"1609","according",209,0,0.7
"1610","to",210,0,0.7
"1611","the",211,0,0.7
"1612","frequency",212,0,0.7
"1613","of",213,0,0.7
"1614","collocations",214,0,0.7
"1615","in",215,0,0.7
"1616","participant",216,0,0.7
"1617","notes,",217,0,0.7
"1618","we",218,0,0.7
"1619","can",219,0,0.7
"1620","determine",220,0,0.7
"1621","which",221,0,0.7
"1622","portions",222,0,0.7
"1623","of",223,0,0.7
"1624","testimony",224,0,0.7
"1625","participants",225,0,0.7
"1626","found",226,0,0.7
"1627","'noteworthy'.",227,0,0.7
"1628","We",228,0,0.7
"1629","also",229,0,0.7
"1630","conducted",230,0.144827586206897,0.7
"1631","a",231,0.344827586206897,0.7
"1632","study",232,0.489655172413793,0.7
"1633","on",233,0.489655172413793,0.7
"1634","response",234,0.489655172413793,0.7
"1635","types",235,0.344827586206897,0.7
"1636","to",236,0.501077586206897,0.7
"1637","determine",237,0.55625,0.7
"1638","the",238,0.75625,0.7
"1639","consistency",239,0.95625,0.7
"1640","of",240,1.15625,0.7
"1641","participant",241,1,0.7
"1642","responses",242,1,0.7
"1643","across",243,1,0.7
"1644","response",244,1,0.7
"1645","types,",245,1,0.7
"1646","compare",246,1,0.7
"1647","a",247,1,0.7
"1648","variety",248,1,0.7
"1649","of",249,1,0.7
"1650","response",250,1,0.7
"1651","types,",251,1,0.7
"1652","and",252,1,0.7
"1653","determine",253,1,0.7
"1654","which",254,1,0.7
"1655","response",255,1,0.7
"1656","type",256,1,0.7
"1657","may",257,1,0.7
"1658","be",258,1,0.7
"1659","appropriately",259,1,0.7
"1660","calibrated",260,1,0.7
"1661","for",261,1,0.7
"1662","addressing",262,1,0.7
"1663","the",263,1,0.7
"1664","initial",264,1,0.7
"1665","research",265,1,0.7
"1666","question",266,1,0.7
"1667","of",267,1,0.7
"1668","jury",268,1,0.7
"1669","perception",269,1,0.7
"1670","of",270,1,0.7
"1671","algorithms",271,1.2312292358804,0.7
"1672","and",272,1.0312292358804,0.7
"1673","demonstrative",273,0.831229235880399,0.7
"1674","evidence.",274,0.631229235880399,0.7
"1675","The",275,0.779377384028547,0.7
"1676","response",276,0.548148148148148,0.7
"1677","types",277,0.748148148148148,0.7
"1678","used",278,0.948148148148148,0.7
"1679","in",279,1.14814814814815,0.7
"1680","this",280,1,0.7
"1681","investigation",281,1,0.7
"1682","include",282,1,0.7
"1683","the",283,1,0.7
"1684","participant's",284,1,0.7
"1685","interpretation",285,1,0.7
"1686","of",286,1.62074074074074,0.7
"1687","the",287,1.62074074074074,0.7
"1688","strength",288,1.62074074074074,0.7
"1689","of",289,1.62074074074074,0.7
"1690","evidence",290,1.62074074074074,0.7
"1691","(Likert",291,1,0.7
"1692","scale),",292,1,0.7
"1693","conviction",293,1,0.7
"1694","decision",294,1,0.7
"1695","(binary),",295,1,0.7
"1696","opinion",296,1,0.7
"1697","of",297,1,0.7
"1698","guilt",298,1,0.7
"1699","(binary),",299,1,0.7
"1700","willingness",300,1,0.7
"1701","to",301,1,0.7
"1702","bet",302,1,0.7
"1703","on",303,1,0.7
"1704","their",304,1,0.7
"1705","opinion",305,1,0.7
"1706","of",306,1,0.7
"1707","guilt",307,1,0.7
"1708","(numeric),",308,1,0.7
"1709","probability",309,1,0.7
"1710","of",310,1,0.7
"1711","guilt",311,1,0.7
"1712","(numeric),",312,1,0.7
"1713","and",313,1,0.7
"1714","chance",314,1,0.7
"1715","of",315,1,0.7
"1716","guilt",316,1,0.7
"1717","/innocence",317,1,0.7
"1718","(numeric",318,0.8,0.7
"1719","or",319,0.6,0.7
"1720","multiple",320,0.4,0.7
"1721","choice).",321,0.2,0.7
"1722","The",322,0,0.7
"1723","note",323,0,0.7
"1724","cleaning,",324,0,0.7
"1725","text",325,0,0.7
"1726","analysis,",326,0,0.7
"1727","and",327,0,0.7
"1728","testimony",328,0,0.7
"1729","tools",329,0,0.7
"1730","we",330,0,0.7
"1731","developed",331,0,0.7
"1732","throughout",332,0,0.7
"1733","this",333,0,0.7
"1734","series",334,0,0.7
"1735","of",335,0,0.7
"1736","experiments",336,0,0.7
"1737","will",337,0,0.7
"1738","benefit",338,0,0.7
"1739","our",339,0,0.7
"1740","future",340,0,0.7
"1741","research",341,0,0.7
"1742","in",342,0,0.7
"1743","jury",343,0,0.7
"1744","perception,",344,0,0.7
"1745","as",345,0,0.7
"1746","well",346,0,0.7
"1747","as",347,0,0.7
"1748","future",348,0,0.7
"1749","transcript",349,0,0.7
"1750","studies.",350,0,0.7
"1751","Subjective",1,2,0.75
"1752","pattern",2,2,0.75
"1753","comparison",3,2,0.75
"1754","has",4,2,0.75
"1755","been",5,2,0.75
"1756","subject",6,2,0.75
"1757","to",7,2,0.75
"1758","increased",8,2,0.75
"1759","scrutiny",9,2,0.75
"1760","by",10,2,0.75
"1761","the",11,2,0.75
"1762","courts",12,2,0.75
"1763","and",13,2,0.75
"1764","by",14,2,0.75
"1765","the",15,2,0.75
"1766","general",16,2,0.75
"1767","public,",17,2,0.75
"1768","resulting",18,2,0.75
"1769","in",19,2.63960113960114,0.75
"1770","an",20,2.63960113960114,0.75
"1771","increased",21,2.63960113960114,0.75
"1772","interest",22,2.63960113960114,0.75
"1773","in",23,2.63960113960114,0.75
"1774","pattern",24,2,0.75
"1775","comparison",25,2,0.75
"1776","algorithms",26,2,0.75
"1777","that",27,2,0.75
"1778","provide",28,2,0.75
"1779","quantitative",29,2,0.75
"1780","assessments",30,2,0.75
"1781","of",31,2,0.75
"1782","similarity",32,2,0.75
"1783","for",33,2,0.75
"1784","use",34,1.95483870967742,0.75
"1785","by",35,1.75483870967742,0.75
"1786","forensic",36,1.55483870967742,0.75
"1787","scientists.",37,1.35483870967742,0.75
"1788","While",38,1.15483870967742,0.75
"1789","these",39,1,0.75
"1790","algorithms",40,1,0.75
"1791","would",41,1,0.75
"1792","mark",42,1,0.75
"1793","an",43,1,0.75
"1794","improvement",44,1,0.75
"1795","over",45,1,0.75
"1796","current",46,1,0.75
"1797","subjective",47,1,0.75
"1798","comparison",48,1,0.75
"1799","methods,",49,1,0.75
"1800","individuals",50,1,0.75
"1801","without",51,1,0.75
"1802","a",52,1,0.75
"1803","statistical",53,1,0.75
"1804","background",54,1,0.75
"1805","may",55,1,0.75
"1806","struggle",56,1,0.75
"1807","with",57,1,0.75
"1808","the",58,1,0.75
"1809","statistical",59,1,0.75
"1810","concepts",60,1,0.75
"1811","and",61,1,0.75
"1812","language",62,1,0.75
"1813","necessary",63,1,0.75
"1814","for",64,1,0.75
"1815","describing",65,1,0.75
"1816","algorithmic",66,1,0.75
"1817","methods.",67,1,0.75
"1818","If",68,1.2,0.75
"1819","algorithms",69,1.4,0.75
"1820","are",70,1.6,0.75
"1821","to",71,1.8,0.75
"1822","be",72,2,0.75
"1823","used,",73,2,0.75
"1824","examiners",74,2,0.75
"1825","must",75,2,0.75
"1826","be",76,2,0.75
"1827","able",77,2,0.75
"1828","to",78,2,0.75
"1829","testify",79,2,0.75
"1830","about",80,2,0.75
"1831","their",81,2,0.75
"1832","use",82,2,0.75
"1833","in",83,2,0.75
"1834","a",84,2,0.75
"1835","way",85,2,0.75
"1836","that",86,2,0.75
"1837","is",87,2,0.75
"1838","accessible",88,1.97391304347826,0.75
"1839","to",89,1.77391304347826,0.75
"1840","the",90,1.57391304347826,0.75
"1841","jury.",91,1.37391304347826,0.75
"1842","In",92,1.37391304347826,0.75
"1843","a",93,1.4,0.75
"1844","series",94,1.6,0.75
"1845","of",95,1.78095238095238,0.75
"1846","studies,",96,1.58095238095238,0.75
"1847","we",97,1.18095238095238,0.75
"1848","conduct",98,0.780952380952381,0.75
"1849","an",99,0.380952380952381,0.75
"1850","assessment",100,0.4,0.75
"1851","of",101,0.8,0.75
"1852","language",102,1.2,0.75
"1853","and",103,1.6,0.75
"1854","supporting",104,2,0.75
"1855","visual",105,2,0.75
"1856","aids",106,2,0.75
"1857","which",107,2,0.75
"1858","might",108,2,0.75
"1859","be",109,2,0.75
"1860","used",110,2,0.75
"1861","to",111,2,0.75
"1862","explain",112,2,0.75
"1863","bullet",113,1.975,0.75
"1864","matching",114,1.575,0.75
"1865","algorithms.",115,1.175,0.75
"1866","In",116,0.775,0.75
"1867","the",117,0.375,0.75
"1868","initial",118,0,0.75
"1869","study,",119,0,0.75
"1870","we",120,0,0.75
"1871","encountered",121,0,0.75
"1872","a",122,0.151515151515152,0.75
"1873","response",123,0.151515151515152,0.75
"1874","type",124,0.151515151515152,0.75
"1875","calibration",125,0.151515151515152,0.75
"1876","issue",126,0.151515151515152,0.75
"1877","-",127,NA,0.75
"1878","individuals",128,0.2,0.75
"1879","thought",129,0.4,0.75
"1880","highly",130,0.6,0.75
"1881","of",131,0.8,0.75
"1882","the",132,1,0.75
"1883","forensic",133,1,0.75
"1884","witness",134,1,0.75
"1885","and",135,1,0.75
"1886","evidence",136,1,0.75
"1887","regardless",137,1,0.75
"1888","of",138,1,0.75
"1889","experimental",139,1,0.75
"1890","conditions,",140,1,0.75
"1891","'maxing",141,1,0.75
"1892","out'",142,1,0.75
"1893","Likert",143,1,0.75
"1894","response",144,1,0.75
"1895","scales",145,1,0.75
"1896","and",146,1,0.75
"1897","leaving",147,1,0.75
"1898","us",148,1,0.75
"1899","unable",149,1,0.75
"1900","to",150,1,0.75
"1901","tell",151,1,0.75
"1902","if",152,1,0.75
"1903","the",153,1,0.75
"1904","conditions",154,1,0.75
"1905","had",155,1,0.75
"1906","any",156,1,0.75
"1907","effect.",157,1,0.75
"1908","While",158,1,0.75
"1909","this",159,1,0.75
"1910","study",160,1,0.75
"1911","indicated",161,1,0.75
"1912","that",162,1,0.75
"1913","individuals",163,1,0.75
"1914","overall",164,1,0.75
"1915","found",165,1,0.75
"1916","the",166,1,0.75
"1917","testimony",167,1,0.75
"1918","to",168,1,0.75
"1919","be",169,1,0.75
"1920","reliable,",170,1,0.75
"1921","credible,",171,1,0.75
"1922","and",172,1,0.75
"1923","scientific,",173,1,0.75
"1924","it",174,1,0.75
"1925","did",175,1,0.75
"1926","not",176,1,0.75
"1927","readily",177,1,0.75
"1928","provide",178,1,0.75
"1929","information",179,1,0.75
"1930","about",180,1,0.75
"1931","our",181,0.8,0.75
"1932","question",182,0.6,0.75
"1933","of",183,0.4,0.75
"1934","interest.",184,0.2,0.75
"1935","Additional",185,0,0.75
"1936","data",186,0,0.75
"1937","from",187,0,0.75
"1938","this",188,0,0.75
"1939","study",189,0,0.75
"1940","was",190,0,0.75
"1941","found",191,0,0.75
"1942","in",192,0,0.75
"1943","the",193,0,0.75
"1944","participants'",194,0,0.75
"1945","note",195,0,0.75
"1946","pads.",196,0,0.75
"1947","Through",197,0,0.75
"1948","cleaning",198,0,0.75
"1949","sequential",199,0,0.75
"1950","notes",200,0,0.75
"1951","and",201,0,0.75
"1952","designing",202,0,0.75
"1953","a",203,0,0.75
"1954","method",204,0,0.75
"1955","for",205,0,0.75
"1956","highlighting",206,0,0.75
"1957","study",207,0,0.75
"1958","transcripts",208,0,0.75
"1959","according",209,0,0.75
"1960","to",210,0,0.75
"1961","the",211,0,0.75
"1962","frequency",212,0,0.75
"1963","of",213,0,0.75
"1964","collocations",214,0,0.75
"1965","in",215,0,0.75
"1966","participant",216,0,0.75
"1967","notes,",217,0,0.75
"1968","we",218,0,0.75
"1969","can",219,0,0.75
"1970","determine",220,0,0.75
"1971","which",221,0,0.75
"1972","portions",222,0,0.75
"1973","of",223,0,0.75
"1974","testimony",224,0,0.75
"1975","participants",225,0,0.75
"1976","found",226,0,0.75
"1977","'noteworthy'.",227,0,0.75
"1978","We",228,0,0.75
"1979","also",229,0,0.75
"1980","conducted",230,0,0.75
"1981","a",231,0.2,0.75
"1982","study",232,0.2,0.75
"1983","on",233,0.2,0.75
"1984","response",234,0.2,0.75
"1985","types",235,0.2,0.75
"1986","to",236,0.35625,0.75
"1987","determine",237,0.55625,0.75
"1988","the",238,0.75625,0.75
"1989","consistency",239,0.95625,0.75
"1990","of",240,1.15625,0.75
"1991","participant",241,1,0.75
"1992","responses",242,1,0.75
"1993","across",243,1,0.75
"1994","response",244,1,0.75
"1995","types,",245,1,0.75
"1996","compare",246,1,0.75
"1997","a",247,1,0.75
"1998","variety",248,1,0.75
"1999","of",249,1,0.75
"2000","response",250,1,0.75
"2001","types,",251,1,0.75
"2002","and",252,1,0.75
"2003","determine",253,1,0.75
"2004","which",254,1,0.75
"2005","response",255,1,0.75
"2006","type",256,1,0.75
"2007","may",257,1,0.75
"2008","be",258,1,0.75
"2009","appropriately",259,1,0.75
"2010","calibrated",260,1,0.75
"2011","for",261,1,0.75
"2012","addressing",262,1,0.75
"2013","the",263,1,0.75
"2014","initial",264,1,0.75
"2015","research",265,1,0.75
"2016","question",266,1,0.75
"2017","of",267,1,0.75
"2018","jury",268,1,0.75
"2019","perception",269,1,0.75
"2020","of",270,1,0.75
"2021","algorithms",271,0.8,0.75
"2022","and",272,0.6,0.75
"2023","demonstrative",273,0.4,0.75
"2024","evidence.",274,0.2,0.75
"2025","The",275,0.2,0.75
"2026","response",276,0.4,0.75
"2027","types",277,0.6,0.75
"2028","used",278,0.8,0.75
"2029","in",279,1,0.75
"2030","this",280,1,0.75
"2031","investigation",281,1,0.75
"2032","include",282,1,0.75
"2033","the",283,1,0.75
"2034","participant's",284,1,0.75
"2035","interpretation",285,1,0.75
"2036","of",286,1.47407407407407,0.75
"2037","the",287,1.47407407407407,0.75
"2038","strength",288,1.47407407407407,0.75
"2039","of",289,1.47407407407407,0.75
"2040","evidence",290,1.47407407407407,0.75
"2041","(Likert",291,1,0.75
"2042","scale),",292,1,0.75
"2043","conviction",293,1,0.75
"2044","decision",294,1,0.75
"2045","(binary),",295,1,0.75
"2046","opinion",296,1,0.75
"2047","of",297,1,0.75
"2048","guilt",298,1,0.75
"2049","(binary),",299,1,0.75
"2050","willingness",300,1,0.75
"2051","to",301,1,0.75
"2052","bet",302,1,0.75
"2053","on",303,1,0.75
"2054","their",304,1,0.75
"2055","opinion",305,1,0.75
"2056","of",306,1,0.75
"2057","guilt",307,1,0.75
"2058","(numeric),",308,1,0.75
"2059","probability",309,1,0.75
"2060","of",310,1,0.75
"2061","guilt",311,1,0.75
"2062","(numeric),",312,1,0.75
"2063","and",313,1,0.75
"2064","chance",314,1,0.75
"2065","of",315,1,0.75
"2066","guilt",316,1,0.75
"2067","/innocence",317,1,0.75
"2068","(numeric",318,0.8,0.75
"2069","or",319,0.6,0.75
"2070","multiple",320,0.4,0.75
"2071","choice).",321,0.2,0.75
"2072","The",322,0,0.75
"2073","note",323,0,0.75
"2074","cleaning,",324,0,0.75
"2075","text",325,0,0.75
"2076","analysis,",326,0,0.75
"2077","and",327,0,0.75
"2078","testimony",328,0,0.75
"2079","tools",329,0,0.75
"2080","we",330,0,0.75
"2081","developed",331,0,0.75
"2082","throughout",332,0,0.75
"2083","this",333,0,0.75
"2084","series",334,0,0.75
"2085","of",335,0,0.75
"2086","experiments",336,0,0.75
"2087","will",337,0,0.75
"2088","benefit",338,0,0.75
"2089","our",339,0,0.75
"2090","future",340,0,0.75
"2091","research",341,0,0.75
"2092","in",342,0,0.75
"2093","jury",343,0,0.75
"2094","perception,",344,0,0.75
"2095","as",345,0,0.75
"2096","well",346,0,0.75
"2097","as",347,0,0.75
"2098","future",348,0,0.75
"2099","transcript",349,0,0.75
"2100","studies.",350,0,0.75
"2101","Subjective",1,2,0.8
"2102","pattern",2,2,0.8
"2103","comparison",3,2,0.8
"2104","has",4,2,0.8
"2105","been",5,2,0.8
"2106","subject",6,2,0.8
"2107","to",7,2,0.8
"2108","increased",8,2,0.8
"2109","scrutiny",9,2,0.8
"2110","by",10,2,0.8
"2111","the",11,2,0.8
"2112","courts",12,2,0.8
"2113","and",13,2,0.8
"2114","by",14,2,0.8
"2115","the",15,2,0.8
"2116","general",16,2,0.8
"2117","public,",17,2,0.8
"2118","resulting",18,2,0.8
"2119","in",19,2.33960113960114,0.8
"2120","an",20,2.33960113960114,0.8
"2121","increased",21,2.33960113960114,0.8
"2122","interest",22,2.33960113960114,0.8
"2123","in",23,2.33960113960114,0.8
"2124","pattern",24,2,0.8
"2125","comparison",25,2,0.8
"2126","algorithms",26,2,0.8
"2127","that",27,2,0.8
"2128","provide",28,2,0.8
"2129","quantitative",29,2,0.8
"2130","assessments",30,2,0.8
"2131","of",31,2,0.8
"2132","similarity",32,2,0.8
"2133","for",33,2,0.8
"2134","use",34,1.8,0.8
"2135","by",35,1.6,0.8
"2136","forensic",36,1.4,0.8
"2137","scientists.",37,1.2,0.8
"2138","While",38,1,0.8
"2139","these",39,1,0.8
"2140","algorithms",40,1,0.8
"2141","would",41,1,0.8
"2142","mark",42,1,0.8
"2143","an",43,1,0.8
"2144","improvement",44,1,0.8
"2145","over",45,1,0.8
"2146","current",46,1,0.8
"2147","subjective",47,1,0.8
"2148","comparison",48,1,0.8
"2149","methods,",49,1,0.8
"2150","individuals",50,1,0.8
"2151","without",51,1,0.8
"2152","a",52,1,0.8
"2153","statistical",53,1,0.8
"2154","background",54,1,0.8
"2155","may",55,1,0.8
"2156","struggle",56,1,0.8
"2157","with",57,1,0.8
"2158","the",58,1,0.8
"2159","statistical",59,1,0.8
"2160","concepts",60,1,0.8
"2161","and",61,1,0.8
"2162","language",62,1,0.8
"2163","necessary",63,1,0.8
"2164","for",64,1,0.8
"2165","describing",65,1,0.8
"2166","algorithmic",66,1,0.8
"2167","methods.",67,1,0.8
"2168","If",68,1.2,0.8
"2169","algorithms",69,1.4,0.8
"2170","are",70,1.6,0.8
"2171","to",71,1.8,0.8
"2172","be",72,2,0.8
"2173","used,",73,2,0.8
"2174","examiners",74,2,0.8
"2175","must",75,2,0.8
"2176","be",76,2,0.8
"2177","able",77,2,0.8
"2178","to",78,2,0.8
"2179","testify",79,2,0.8
"2180","about",80,2,0.8
"2181","their",81,2,0.8
"2182","use",82,2,0.8
"2183","in",83,2,0.8
"2184","a",84,2,0.8
"2185","way",85,2,0.8
"2186","that",86,2,0.8
"2187","is",87,2,0.8
"2188","accessible",88,1.97391304347826,0.8
"2189","to",89,1.77391304347826,0.8
"2190","the",90,1.57391304347826,0.8
"2191","jury.",91,1.37391304347826,0.8
"2192","In",92,1.37391304347826,0.8
"2193","a",93,1.4,0.8
"2194","series",94,1.6,0.8
"2195","of",95,1.78095238095238,0.8
"2196","studies,",96,1.58095238095238,0.8
"2197","we",97,1.18095238095238,0.8
"2198","conduct",98,0.780952380952381,0.8
"2199","an",99,0.380952380952381,0.8
"2200","assessment",100,0.4,0.8
"2201","of",101,0.8,0.8
"2202","language",102,1.2,0.8
"2203","and",103,1.6,0.8
"2204","supporting",104,2,0.8
"2205","visual",105,2,0.8
"2206","aids",106,2,0.8
"2207","which",107,2,0.8
"2208","might",108,2,0.8
"2209","be",109,2,0.8
"2210","used",110,2,0.8
"2211","to",111,2,0.8
"2212","explain",112,2,0.8
"2213","bullet",113,1.975,0.8
"2214","matching",114,1.575,0.8
"2215","algorithms.",115,1.175,0.8
"2216","In",116,0.775,0.8
"2217","the",117,0.375,0.8
"2218","initial",118,0,0.8
"2219","study,",119,0,0.8
"2220","we",120,0,0.8
"2221","encountered",121,0,0.8
"2222","a",122,0,0.8
"2223","response",123,0,0.8
"2224","type",124,0,0.8
"2225","calibration",125,0,0.8
"2226","issue",126,0,0.8
"2227","-",127,NA,0.8
"2228","individuals",128,0.2,0.8
"2229","thought",129,0.4,0.8
"2230","highly",130,0.6,0.8
"2231","of",131,0.8,0.8
"2232","the",132,1,0.8
"2233","forensic",133,1,0.8
"2234","witness",134,1,0.8
"2235","and",135,1,0.8
"2236","evidence",136,1,0.8
"2237","regardless",137,1,0.8
"2238","of",138,1,0.8
"2239","experimental",139,1,0.8
"2240","conditions,",140,1,0.8
"2241","'maxing",141,1,0.8
"2242","out'",142,1,0.8
"2243","Likert",143,1,0.8
"2244","response",144,1,0.8
"2245","scales",145,1,0.8
"2246","and",146,1,0.8
"2247","leaving",147,1,0.8
"2248","us",148,1,0.8
"2249","unable",149,1,0.8
"2250","to",150,1,0.8
"2251","tell",151,1,0.8
"2252","if",152,1,0.8
"2253","the",153,1,0.8
"2254","conditions",154,1,0.8
"2255","had",155,1,0.8
"2256","any",156,1,0.8
"2257","effect.",157,1,0.8
"2258","While",158,1,0.8
"2259","this",159,1,0.8
"2260","study",160,1,0.8
"2261","indicated",161,1,0.8
"2262","that",162,1,0.8
"2263","individuals",163,1,0.8
"2264","overall",164,1,0.8
"2265","found",165,1,0.8
"2266","the",166,1,0.8
"2267","testimony",167,1,0.8
"2268","to",168,1,0.8
"2269","be",169,1,0.8
"2270","reliable,",170,1,0.8
"2271","credible,",171,1,0.8
"2272","and",172,1,0.8
"2273","scientific,",173,1,0.8
"2274","it",174,1,0.8
"2275","did",175,1,0.8
"2276","not",176,1,0.8
"2277","readily",177,1,0.8
"2278","provide",178,1,0.8
"2279","information",179,1,0.8
"2280","about",180,1,0.8
"2281","our",181,0.8,0.8
"2282","question",182,0.6,0.8
"2283","of",183,0.4,0.8
"2284","interest.",184,0.2,0.8
"2285","Additional",185,0,0.8
"2286","data",186,0,0.8
"2287","from",187,0,0.8
"2288","this",188,0,0.8
"2289","study",189,0,0.8
"2290","was",190,0,0.8
"2291","found",191,0,0.8
"2292","in",192,0,0.8
"2293","the",193,0,0.8
"2294","participants'",194,0,0.8
"2295","note",195,0,0.8
"2296","pads.",196,0,0.8
"2297","Through",197,0,0.8
"2298","cleaning",198,0,0.8
"2299","sequential",199,0,0.8
"2300","notes",200,0,0.8
"2301","and",201,0,0.8
"2302","designing",202,0,0.8
"2303","a",203,0,0.8
"2304","method",204,0,0.8
"2305","for",205,0,0.8
"2306","highlighting",206,0,0.8
"2307","study",207,0,0.8
"2308","transcripts",208,0,0.8
"2309","according",209,0,0.8
"2310","to",210,0,0.8
"2311","the",211,0,0.8
"2312","frequency",212,0,0.8
"2313","of",213,0,0.8
"2314","collocations",214,0,0.8
"2315","in",215,0,0.8
"2316","participant",216,0,0.8
"2317","notes,",217,0,0.8
"2318","we",218,0,0.8
"2319","can",219,0,0.8
"2320","determine",220,0,0.8
"2321","which",221,0,0.8
"2322","portions",222,0,0.8
"2323","of",223,0,0.8
"2324","testimony",224,0,0.8
"2325","participants",225,0,0.8
"2326","found",226,0,0.8
"2327","'noteworthy'.",227,0,0.8
"2328","We",228,0,0.8
"2329","also",229,0,0.8
"2330","conducted",230,0,0.8
"2331","a",231,0.2,0.8
"2332","study",232,0.2,0.8
"2333","on",233,0.2,0.8
"2334","response",234,0.2,0.8
"2335","types",235,0.2,0.8
"2336","to",236,0.2,0.8
"2337","determine",237,0.4,0.8
"2338","the",238,0.6,0.8
"2339","consistency",239,0.8,0.8
"2340","of",240,1,0.8
"2341","participant",241,1,0.8
"2342","responses",242,1,0.8
"2343","across",243,1,0.8
"2344","response",244,1,0.8
"2345","types,",245,1,0.8
"2346","compare",246,1,0.8
"2347","a",247,1,0.8
"2348","variety",248,1,0.8
"2349","of",249,1,0.8
"2350","response",250,1,0.8
"2351","types,",251,1,0.8
"2352","and",252,1,0.8
"2353","determine",253,1,0.8
"2354","which",254,1,0.8
"2355","response",255,1,0.8
"2356","type",256,1,0.8
"2357","may",257,1,0.8
"2358","be",258,1,0.8
"2359","appropriately",259,1,0.8
"2360","calibrated",260,1,0.8
"2361","for",261,1,0.8
"2362","addressing",262,1,0.8
"2363","the",263,1,0.8
"2364","initial",264,1,0.8
"2365","research",265,1,0.8
"2366","question",266,1,0.8
"2367","of",267,1,0.8
"2368","jury",268,1,0.8
"2369","perception",269,1,0.8
"2370","of",270,1,0.8
"2371","algorithms",271,0.8,0.8
"2372","and",272,0.6,0.8
"2373","demonstrative",273,0.4,0.8
"2374","evidence.",274,0.2,0.8
"2375","The",275,0.2,0.8
"2376","response",276,0.4,0.8
"2377","types",277,0.6,0.8
"2378","used",278,0.8,0.8
"2379","in",279,1,0.8
"2380","this",280,1,0.8
"2381","investigation",281,1,0.8
"2382","include",282,1,0.8
"2383","the",283,1,0.8
"2384","participant's",284,1,0.8
"2385","interpretation",285,1,0.8
"2386","of",286,1.16296296296296,0.8
"2387","the",287,1.16296296296296,0.8
"2388","strength",288,1.16296296296296,0.8
"2389","of",289,1.16296296296296,0.8
"2390","evidence",290,1.16296296296296,0.8
"2391","(Likert",291,1,0.8
"2392","scale),",292,1,0.8
"2393","conviction",293,1,0.8
"2394","decision",294,1,0.8
"2395","(binary),",295,1,0.8
"2396","opinion",296,1,0.8
"2397","of",297,1,0.8
"2398","guilt",298,1,0.8
"2399","(binary),",299,1,0.8
"2400","willingness",300,1,0.8
"2401","to",301,1,0.8
"2402","bet",302,1,0.8
"2403","on",303,1,0.8
"2404","their",304,1,0.8
"2405","opinion",305,1,0.8
"2406","of",306,1,0.8
"2407","guilt",307,1,0.8
"2408","(numeric),",308,1,0.8
"2409","probability",309,1,0.8
"2410","of",310,1,0.8
"2411","guilt",311,1,0.8
"2412","(numeric),",312,1,0.8
"2413","and",313,1,0.8
"2414","chance",314,1,0.8
"2415","of",315,1,0.8
"2416","guilt",316,1,0.8
"2417","/innocence",317,1,0.8
"2418","(numeric",318,0.8,0.8
"2419","or",319,0.6,0.8
"2420","multiple",320,0.4,0.8
"2421","choice).",321,0.2,0.8
"2422","The",322,0,0.8
"2423","note",323,0,0.8
"2424","cleaning,",324,0,0.8
"2425","text",325,0,0.8
"2426","analysis,",326,0,0.8
"2427","and",327,0,0.8
"2428","testimony",328,0,0.8
"2429","tools",329,0,0.8
"2430","we",330,0,0.8
"2431","developed",331,0,0.8
"2432","throughout",332,0,0.8
"2433","this",333,0,0.8
"2434","series",334,0,0.8
"2435","of",335,0,0.8
"2436","experiments",336,0,0.8
"2437","will",337,0,0.8
"2438","benefit",338,0,0.8
"2439","our",339,0,0.8
"2440","future",340,0,0.8
"2441","research",341,0,0.8
"2442","in",342,0,0.8
"2443","jury",343,0,0.8
"2444","perception,",344,0,0.8
"2445","as",345,0,0.8
"2446","well",346,0,0.8
"2447","as",347,0,0.8
"2448","future",348,0,0.8
"2449","transcript",349,0,0.8
"2450","studies.",350,0,0.8
"2451","Subjective",1,2,0.85
"2452","pattern",2,2,0.85
"2453","comparison",3,2,0.85
"2454","has",4,2,0.85
"2455","been",5,2,0.85
"2456","subject",6,2,0.85
"2457","to",7,2,0.85
"2458","increased",8,2,0.85
"2459","scrutiny",9,2,0.85
"2460","by",10,2,0.85
"2461","the",11,2,0.85
"2462","courts",12,2,0.85
"2463","and",13,2,0.85
"2464","by",14,2,0.85
"2465","the",15,2,0.85
"2466","general",16,2,0.85
"2467","public,",17,2,0.85
"2468","resulting",18,2,0.85
"2469","in",19,2.17037037037037,0.85
"2470","an",20,2.17037037037037,0.85
"2471","increased",21,2.17037037037037,0.85
"2472","interest",22,2.17037037037037,0.85
"2473","in",23,2.17037037037037,0.85
"2474","pattern",24,2,0.85
"2475","comparison",25,2,0.85
"2476","algorithms",26,2,0.85
"2477","that",27,2,0.85
"2478","provide",28,2,0.85
"2479","quantitative",29,2,0.85
"2480","assessments",30,2,0.85
"2481","of",31,2,0.85
"2482","similarity",32,2,0.85
"2483","for",33,2,0.85
"2484","use",34,1.8,0.85
"2485","by",35,1.6,0.85
"2486","forensic",36,1.4,0.85
"2487","scientists.",37,1.2,0.85
"2488","While",38,1,0.85
"2489","these",39,1,0.85
"2490","algorithms",40,1,0.85
"2491","would",41,1,0.85
"2492","mark",42,1,0.85
"2493","an",43,1,0.85
"2494","improvement",44,1,0.85
"2495","over",45,1,0.85
"2496","current",46,1,0.85
"2497","subjective",47,1,0.85
"2498","comparison",48,1,0.85
"2499","methods,",49,1,0.85
"2500","individuals",50,1,0.85
"2501","without",51,1,0.85
"2502","a",52,1,0.85
"2503","statistical",53,1,0.85
"2504","background",54,1,0.85
"2505","may",55,1,0.85
"2506","struggle",56,1,0.85
"2507","with",57,1,0.85
"2508","the",58,1,0.85
"2509","statistical",59,1,0.85
"2510","concepts",60,1,0.85
"2511","and",61,1,0.85
"2512","language",62,1,0.85
"2513","necessary",63,1,0.85
"2514","for",64,1,0.85
"2515","describing",65,1,0.85
"2516","algorithmic",66,1,0.85
"2517","methods.",67,1,0.85
"2518","If",68,1.2,0.85
"2519","algorithms",69,1.4,0.85
"2520","are",70,1.6,0.85
"2521","to",71,1.8,0.85
"2522","be",72,2,0.85
"2523","used,",73,2,0.85
"2524","examiners",74,2,0.85
"2525","must",75,2,0.85
"2526","be",76,2,0.85
"2527","able",77,2,0.85
"2528","to",78,2,0.85
"2529","testify",79,2,0.85
"2530","about",80,2,0.85
"2531","their",81,2,0.85
"2532","use",82,2,0.85
"2533","in",83,2,0.85
"2534","a",84,2,0.85
"2535","way",85,2,0.85
"2536","that",86,2,0.85
"2537","is",87,2,0.85
"2538","accessible",88,1.97391304347826,0.85
"2539","to",89,1.77391304347826,0.85
"2540","the",90,1.57391304347826,0.85
"2541","jury.",91,1.37391304347826,0.85
"2542","In",92,1.37391304347826,0.85
"2543","a",93,1.4,0.85
"2544","series",94,1.6,0.85
"2545","of",95,1.78095238095238,0.85
"2546","studies,",96,1.58095238095238,0.85
"2547","we",97,1.18095238095238,0.85
"2548","conduct",98,0.780952380952381,0.85
"2549","an",99,0.380952380952381,0.85
"2550","assessment",100,0.4,0.85
"2551","of",101,0.8,0.85
"2552","language",102,1.2,0.85
"2553","and",103,1.6,0.85
"2554","supporting",104,2,0.85
"2555","visual",105,2,0.85
"2556","aids",106,2,0.85
"2557","which",107,2,0.85
"2558","might",108,2,0.85
"2559","be",109,2,0.85
"2560","used",110,2,0.85
"2561","to",111,2,0.85
"2562","explain",112,2,0.85
"2563","bullet",113,1.975,0.85
"2564","matching",114,1.575,0.85
"2565","algorithms.",115,1.175,0.85
"2566","In",116,0.775,0.85
"2567","the",117,0.375,0.85
"2568","initial",118,0,0.85
"2569","study,",119,0,0.85
"2570","we",120,0,0.85
"2571","encountered",121,0,0.85
"2572","a",122,0,0.85
"2573","response",123,0,0.85
"2574","type",124,0,0.85
"2575","calibration",125,0,0.85
"2576","issue",126,0,0.85
"2577","-",127,NA,0.85
"2578","individuals",128,0.2,0.85
"2579","thought",129,0.4,0.85
"2580","highly",130,0.6,0.85
"2581","of",131,0.8,0.85
"2582","the",132,1,0.85
"2583","forensic",133,1,0.85
"2584","witness",134,1,0.85
"2585","and",135,1,0.85
"2586","evidence",136,1,0.85
"2587","regardless",137,1,0.85
"2588","of",138,1,0.85
"2589","experimental",139,1,0.85
"2590","conditions,",140,1,0.85
"2591","'maxing",141,1,0.85
"2592","out'",142,1,0.85
"2593","Likert",143,1,0.85
"2594","response",144,1,0.85
"2595","scales",145,1,0.85
"2596","and",146,1,0.85
"2597","leaving",147,1,0.85
"2598","us",148,1,0.85
"2599","unable",149,1,0.85
"2600","to",150,1,0.85
"2601","tell",151,1,0.85
"2602","if",152,1,0.85
"2603","the",153,1,0.85
"2604","conditions",154,1,0.85
"2605","had",155,1,0.85
"2606","any",156,1,0.85
"2607","effect.",157,1,0.85
"2608","While",158,1,0.85
"2609","this",159,1,0.85
"2610","study",160,1,0.85
"2611","indicated",161,1,0.85
"2612","that",162,1,0.85
"2613","individuals",163,1,0.85
"2614","overall",164,1,0.85
"2615","found",165,1,0.85
"2616","the",166,1,0.85
"2617","testimony",167,1,0.85
"2618","to",168,1,0.85
"2619","be",169,1,0.85
"2620","reliable,",170,1,0.85
"2621","credible,",171,1,0.85
"2622","and",172,1,0.85
"2623","scientific,",173,1,0.85
"2624","it",174,1,0.85
"2625","did",175,1,0.85
"2626","not",176,1,0.85
"2627","readily",177,1,0.85
"2628","provide",178,1,0.85
"2629","information",179,1,0.85
"2630","about",180,1,0.85
"2631","our",181,0.8,0.85
"2632","question",182,0.6,0.85
"2633","of",183,0.4,0.85
"2634","interest.",184,0.2,0.85
"2635","Additional",185,0,0.85
"2636","data",186,0,0.85
"2637","from",187,0,0.85
"2638","this",188,0,0.85
"2639","study",189,0,0.85
"2640","was",190,0,0.85
"2641","found",191,0,0.85
"2642","in",192,0,0.85
"2643","the",193,0,0.85
"2644","participants'",194,0,0.85
"2645","note",195,0,0.85
"2646","pads.",196,0,0.85
"2647","Through",197,0,0.85
"2648","cleaning",198,0,0.85
"2649","sequential",199,0,0.85
"2650","notes",200,0,0.85
"2651","and",201,0,0.85
"2652","designing",202,0,0.85
"2653","a",203,0,0.85
"2654","method",204,0,0.85
"2655","for",205,0,0.85
"2656","highlighting",206,0,0.85
"2657","study",207,0,0.85
"2658","transcripts",208,0,0.85
"2659","according",209,0,0.85
"2660","to",210,0,0.85
"2661","the",211,0,0.85
"2662","frequency",212,0,0.85
"2663","of",213,0,0.85
"2664","collocations",214,0,0.85
"2665","in",215,0,0.85
"2666","participant",216,0,0.85
"2667","notes,",217,0,0.85
"2668","we",218,0,0.85
"2669","can",219,0,0.85
"2670","determine",220,0,0.85
"2671","which",221,0,0.85
"2672","portions",222,0,0.85
"2673","of",223,0,0.85
"2674","testimony",224,0,0.85
"2675","participants",225,0,0.85
"2676","found",226,0,0.85
"2677","'noteworthy'.",227,0,0.85
"2678","We",228,0,0.85
"2679","also",229,0,0.85
"2680","conducted",230,0,0.85
"2681","a",231,0.2,0.85
"2682","study",232,0.2,0.85
"2683","on",233,0.2,0.85
"2684","response",234,0.2,0.85
"2685","types",235,0.2,0.85
"2686","to",236,0.2,0.85
"2687","determine",237,0.4,0.85
"2688","the",238,0.6,0.85
"2689","consistency",239,0.8,0.85
"2690","of",240,1,0.85
"2691","participant",241,1,0.85
"2692","responses",242,1,0.85
"2693","across",243,1,0.85
"2694","response",244,1,0.85
"2695","types,",245,1,0.85
"2696","compare",246,1,0.85
"2697","a",247,1,0.85
"2698","variety",248,1,0.85
"2699","of",249,1,0.85
"2700","response",250,1,0.85
"2701","types,",251,1,0.85
"2702","and",252,1,0.85
"2703","determine",253,1,0.85
"2704","which",254,1,0.85
"2705","response",255,1,0.85
"2706","type",256,1,0.85
"2707","may",257,1,0.85
"2708","be",258,1,0.85
"2709","appropriately",259,1,0.85
"2710","calibrated",260,1,0.85
"2711","for",261,1,0.85
"2712","addressing",262,1,0.85
"2713","the",263,1,0.85
"2714","initial",264,1,0.85
"2715","research",265,1,0.85
"2716","question",266,1,0.85
"2717","of",267,1,0.85
"2718","jury",268,1,0.85
"2719","perception",269,1,0.85
"2720","of",270,1,0.85
"2721","algorithms",271,0.8,0.85
"2722","and",272,0.6,0.85
"2723","demonstrative",273,0.4,0.85
"2724","evidence.",274,0.2,0.85
"2725","The",275,0.2,0.85
"2726","response",276,0.4,0.85
"2727","types",277,0.6,0.85
"2728","used",278,0.8,0.85
"2729","in",279,1,0.85
"2730","this",280,1,0.85
"2731","investigation",281,1,0.85
"2732","include",282,1,0.85
"2733","the",283,1,0.85
"2734","participant's",284,1,0.85
"2735","interpretation",285,1,0.85
"2736","of",286,1,0.85
"2737","the",287,1,0.85
"2738","strength",288,1,0.85
"2739","of",289,1,0.85
"2740","evidence",290,1,0.85
"2741","(Likert",291,1,0.85
"2742","scale),",292,1,0.85
"2743","conviction",293,1,0.85
"2744","decision",294,1,0.85
"2745","(binary),",295,1,0.85
"2746","opinion",296,1,0.85
"2747","of",297,1,0.85
"2748","guilt",298,1,0.85
"2749","(binary),",299,1,0.85
"2750","willingness",300,1,0.85
"2751","to",301,1,0.85
"2752","bet",302,1,0.85
"2753","on",303,1,0.85
"2754","their",304,1,0.85
"2755","opinion",305,1,0.85
"2756","of",306,1,0.85
"2757","guilt",307,1,0.85
"2758","(numeric),",308,1,0.85
"2759","probability",309,1,0.85
"2760","of",310,1,0.85
"2761","guilt",311,1,0.85
"2762","(numeric),",312,1,0.85
"2763","and",313,1,0.85
"2764","chance",314,1,0.85
"2765","of",315,1,0.85
"2766","guilt",316,1,0.85
"2767","/innocence",317,1,0.85
"2768","(numeric",318,0.8,0.85
"2769","or",319,0.6,0.85
"2770","multiple",320,0.4,0.85
"2771","choice).",321,0.2,0.85
"2772","The",322,0,0.85
"2773","note",323,0,0.85
"2774","cleaning,",324,0,0.85
"2775","text",325,0,0.85
"2776","analysis,",326,0,0.85
"2777","and",327,0,0.85
"2778","testimony",328,0,0.85
"2779","tools",329,0,0.85
"2780","we",330,0,0.85
"2781","developed",331,0,0.85
"2782","throughout",332,0,0.85
"2783","this",333,0,0.85
"2784","series",334,0,0.85
"2785","of",335,0,0.85
"2786","experiments",336,0,0.85
"2787","will",337,0,0.85
"2788","benefit",338,0,0.85
"2789","our",339,0,0.85
"2790","future",340,0,0.85
"2791","research",341,0,0.85
"2792","in",342,0,0.85
"2793","jury",343,0,0.85
"2794","perception,",344,0,0.85
"2795","as",345,0,0.85
"2796","well",346,0,0.85
"2797","as",347,0,0.85
"2798","future",348,0,0.85
"2799","transcript",349,0,0.85
"2800","studies.",350,0,0.85
"2801","Subjective",1,2,0.9
"2802","pattern",2,2,0.9
"2803","comparison",3,2,0.9
"2804","has",4,2,0.9
"2805","been",5,2,0.9
"2806","subject",6,2,0.9
"2807","to",7,2,0.9
"2808","increased",8,2,0.9
"2809","scrutiny",9,2,0.9
"2810","by",10,2,0.9
"2811","the",11,2,0.9
"2812","courts",12,2,0.9
"2813","and",13,2,0.9
"2814","by",14,2,0.9
"2815","the",15,2,0.9
"2816","general",16,2,0.9
"2817","public,",17,2,0.9
"2818","resulting",18,2,0.9
"2819","in",19,2,0.9
"2820","an",20,2,0.9
"2821","increased",21,2,0.9
"2822","interest",22,2,0.9
"2823","in",23,2,0.9
"2824","pattern",24,2,0.9
"2825","comparison",25,2,0.9
"2826","algorithms",26,2,0.9
"2827","that",27,2,0.9
"2828","provide",28,2,0.9
"2829","quantitative",29,2,0.9
"2830","assessments",30,2,0.9
"2831","of",31,2,0.9
"2832","similarity",32,2,0.9
"2833","for",33,2,0.9
"2834","use",34,1.8,0.9
"2835","by",35,1.6,0.9
"2836","forensic",36,1.4,0.9
"2837","scientists.",37,1.2,0.9
"2838","While",38,1,0.9
"2839","these",39,1,0.9
"2840","algorithms",40,1,0.9
"2841","would",41,1,0.9
"2842","mark",42,1,0.9
"2843","an",43,1,0.9
"2844","improvement",44,1,0.9
"2845","over",45,1,0.9
"2846","current",46,1,0.9
"2847","subjective",47,1,0.9
"2848","comparison",48,1,0.9
"2849","methods,",49,1,0.9
"2850","individuals",50,1,0.9
"2851","without",51,1,0.9
"2852","a",52,1,0.9
"2853","statistical",53,1,0.9
"2854","background",54,1,0.9
"2855","may",55,1,0.9
"2856","struggle",56,1,0.9
"2857","with",57,1,0.9
"2858","the",58,1,0.9
"2859","statistical",59,1,0.9
"2860","concepts",60,1,0.9
"2861","and",61,1,0.9
"2862","language",62,1,0.9
"2863","necessary",63,1,0.9
"2864","for",64,1,0.9
"2865","describing",65,1,0.9
"2866","algorithmic",66,1,0.9
"2867","methods.",67,1,0.9
"2868","If",68,1.2,0.9
"2869","algorithms",69,1.4,0.9
"2870","are",70,1.6,0.9
"2871","to",71,1.8,0.9
"2872","be",72,2,0.9
"2873","used,",73,2,0.9
"2874","examiners",74,2,0.9
"2875","must",75,2,0.9
"2876","be",76,2,0.9
"2877","able",77,2,0.9
"2878","to",78,2,0.9
"2879","testify",79,2,0.9
"2880","about",80,2,0.9
"2881","their",81,2,0.9
"2882","use",82,2,0.9
"2883","in",83,2,0.9
"2884","a",84,2,0.9
"2885","way",85,2,0.9
"2886","that",86,2,0.9
"2887","is",87,2,0.9
"2888","accessible",88,1.8,0.9
"2889","to",89,1.6,0.9
"2890","the",90,1.4,0.9
"2891","jury.",91,1.2,0.9
"2892","In",92,1.2,0.9
"2893","a",93,1.4,0.9
"2894","series",94,1.6,0.9
"2895","of",95,1.78095238095238,0.9
"2896","studies,",96,1.58095238095238,0.9
"2897","we",97,1.18095238095238,0.9
"2898","conduct",98,0.780952380952381,0.9
"2899","an",99,0.380952380952381,0.9
"2900","assessment",100,0.4,0.9
"2901","of",101,0.8,0.9
"2902","language",102,1.2,0.9
"2903","and",103,1.6,0.9
"2904","supporting",104,2,0.9
"2905","visual",105,2,0.9
"2906","aids",106,2,0.9
"2907","which",107,2,0.9
"2908","might",108,2,0.9
"2909","be",109,2,0.9
"2910","used",110,2,0.9
"2911","to",111,2,0.9
"2912","explain",112,2,0.9
"2913","bullet",113,1.975,0.9
"2914","matching",114,1.575,0.9
"2915","algorithms.",115,1.175,0.9
"2916","In",116,0.775,0.9
"2917","the",117,0.375,0.9
"2918","initial",118,0,0.9
"2919","study,",119,0,0.9
"2920","we",120,0,0.9
"2921","encountered",121,0,0.9
"2922","a",122,0,0.9
"2923","response",123,0,0.9
"2924","type",124,0,0.9
"2925","calibration",125,0,0.9
"2926","issue",126,0,0.9
"2927","-",127,NA,0.9
"2928","individuals",128,0.2,0.9
"2929","thought",129,0.4,0.9
"2930","highly",130,0.6,0.9
"2931","of",131,0.8,0.9
"2932","the",132,1,0.9
"2933","forensic",133,1,0.9
"2934","witness",134,1,0.9
"2935","and",135,1,0.9
"2936","evidence",136,1,0.9
"2937","regardless",137,1,0.9
"2938","of",138,1,0.9
"2939","experimental",139,1,0.9
"2940","conditions,",140,1,0.9
"2941","'maxing",141,1,0.9
"2942","out'",142,1,0.9
"2943","Likert",143,1,0.9
"2944","response",144,1,0.9
"2945","scales",145,1,0.9
"2946","and",146,1,0.9
"2947","leaving",147,1,0.9
"2948","us",148,1,0.9
"2949","unable",149,1,0.9
"2950","to",150,1,0.9
"2951","tell",151,1,0.9
"2952","if",152,1,0.9
"2953","the",153,1,0.9
"2954","conditions",154,1,0.9
"2955","had",155,1,0.9
"2956","any",156,1,0.9
"2957","effect.",157,1,0.9
"2958","While",158,1,0.9
"2959","this",159,1,0.9
"2960","study",160,1,0.9
"2961","indicated",161,1,0.9
"2962","that",162,1,0.9
"2963","individuals",163,1,0.9
"2964","overall",164,1,0.9
"2965","found",165,1,0.9
"2966","the",166,1,0.9
"2967","testimony",167,1,0.9
"2968","to",168,1,0.9
"2969","be",169,1,0.9
"2970","reliable,",170,1,0.9
"2971","credible,",171,1,0.9
"2972","and",172,1,0.9
"2973","scientific,",173,1,0.9
"2974","it",174,1,0.9
"2975","did",175,1,0.9
"2976","not",176,1,0.9
"2977","readily",177,1,0.9
"2978","provide",178,1,0.9
"2979","information",179,1,0.9
"2980","about",180,1,0.9
"2981","our",181,0.8,0.9
"2982","question",182,0.6,0.9
"2983","of",183,0.4,0.9
"2984","interest.",184,0.2,0.9
"2985","Additional",185,0,0.9
"2986","data",186,0,0.9
"2987","from",187,0,0.9
"2988","this",188,0,0.9
"2989","study",189,0,0.9
"2990","was",190,0,0.9
"2991","found",191,0,0.9
"2992","in",192,0,0.9
"2993","the",193,0,0.9
"2994","participants'",194,0,0.9
"2995","note",195,0,0.9
"2996","pads.",196,0,0.9
"2997","Through",197,0,0.9
"2998","cleaning",198,0,0.9
"2999","sequential",199,0,0.9
"3000","notes",200,0,0.9
"3001","and",201,0,0.9
"3002","designing",202,0,0.9
"3003","a",203,0,0.9
"3004","method",204,0,0.9
"3005","for",205,0,0.9
"3006","highlighting",206,0,0.9
"3007","study",207,0,0.9
"3008","transcripts",208,0,0.9
"3009","according",209,0,0.9
"3010","to",210,0,0.9
"3011","the",211,0,0.9
"3012","frequency",212,0,0.9
"3013","of",213,0,0.9
"3014","collocations",214,0,0.9
"3015","in",215,0,0.9
"3016","participant",216,0,0.9
"3017","notes,",217,0,0.9
"3018","we",218,0,0.9
"3019","can",219,0,0.9
"3020","determine",220,0,0.9
"3021","which",221,0,0.9
"3022","portions",222,0,0.9
"3023","of",223,0,0.9
"3024","testimony",224,0,0.9
"3025","participants",225,0,0.9
"3026","found",226,0,0.9
"3027","'noteworthy'.",227,0,0.9
"3028","We",228,0,0.9
"3029","also",229,0,0.9
"3030","conducted",230,0,0.9
"3031","a",231,0.2,0.9
"3032","study",232,0.2,0.9
"3033","on",233,0.2,0.9
"3034","response",234,0.2,0.9
"3035","types",235,0.2,0.9
"3036","to",236,0.2,0.9
"3037","determine",237,0.4,0.9
"3038","the",238,0.6,0.9
"3039","consistency",239,0.8,0.9
"3040","of",240,1,0.9
"3041","participant",241,1,0.9
"3042","responses",242,1,0.9
"3043","across",243,1,0.9
"3044","response",244,1,0.9
"3045","types,",245,1,0.9
"3046","compare",246,1,0.9
"3047","a",247,1,0.9
"3048","variety",248,1,0.9
"3049","of",249,1,0.9
"3050","response",250,1,0.9
"3051","types,",251,1,0.9
"3052","and",252,1,0.9
"3053","determine",253,1,0.9
"3054","which",254,1,0.9
"3055","response",255,1,0.9
"3056","type",256,1,0.9
"3057","may",257,1,0.9
"3058","be",258,1,0.9
"3059","appropriately",259,1,0.9
"3060","calibrated",260,1,0.9
"3061","for",261,1,0.9
"3062","addressing",262,1,0.9
"3063","the",263,1,0.9
"3064","initial",264,1,0.9
"3065","research",265,1,0.9
"3066","question",266,1,0.9
"3067","of",267,1,0.9
"3068","jury",268,1,0.9
"3069","perception",269,1,0.9
"3070","of",270,1,0.9
"3071","algorithms",271,0.8,0.9
"3072","and",272,0.6,0.9
"3073","demonstrative",273,0.4,0.9
"3074","evidence.",274,0.2,0.9
"3075","The",275,0.2,0.9
"3076","response",276,0.4,0.9
"3077","types",277,0.6,0.9
"3078","used",278,0.8,0.9
"3079","in",279,1,0.9
"3080","this",280,1,0.9
"3081","investigation",281,1,0.9
"3082","include",282,1,0.9
"3083","the",283,1,0.9
"3084","participant's",284,1,0.9
"3085","interpretation",285,1,0.9
"3086","of",286,1,0.9
"3087","the",287,1,0.9
"3088","strength",288,1,0.9
"3089","of",289,1,0.9
"3090","evidence",290,1,0.9
"3091","(Likert",291,1,0.9
"3092","scale),",292,1,0.9
"3093","conviction",293,1,0.9
"3094","decision",294,1,0.9
"3095","(binary),",295,1,0.9
"3096","opinion",296,1,0.9
"3097","of",297,1,0.9
"3098","guilt",298,1,0.9
"3099","(binary),",299,1,0.9
"3100","willingness",300,1,0.9
"3101","to",301,1,0.9
"3102","bet",302,1,0.9
"3103","on",303,1,0.9
"3104","their",304,1,0.9
"3105","opinion",305,1,0.9
"3106","of",306,1,0.9
"3107","guilt",307,1,0.9
"3108","(numeric),",308,1,0.9
"3109","probability",309,1,0.9
"3110","of",310,1,0.9
"3111","guilt",311,1,0.9
"3112","(numeric),",312,1,0.9
"3113","and",313,1,0.9
"3114","chance",314,1,0.9
"3115","of",315,1,0.9
"3116","guilt",316,1,0.9
"3117","/innocence",317,1,0.9
"3118","(numeric",318,0.8,0.9
"3119","or",319,0.6,0.9
"3120","multiple",320,0.4,0.9
"3121","choice).",321,0.2,0.9
"3122","The",322,0,0.9
"3123","note",323,0,0.9
"3124","cleaning,",324,0,0.9
"3125","text",325,0,0.9
"3126","analysis,",326,0,0.9
"3127","and",327,0,0.9
"3128","testimony",328,0,0.9
"3129","tools",329,0,0.9
"3130","we",330,0,0.9
"3131","developed",331,0,0.9
"3132","throughout",332,0,0.9
"3133","this",333,0,0.9
"3134","series",334,0,0.9
"3135","of",335,0,0.9
"3136","experiments",336,0,0.9
"3137","will",337,0,0.9
"3138","benefit",338,0,0.9
"3139","our",339,0,0.9
"3140","future",340,0,0.9
"3141","research",341,0,0.9
"3142","in",342,0,0.9
"3143","jury",343,0,0.9
"3144","perception,",344,0,0.9
"3145","as",345,0,0.9
"3146","well",346,0,0.9
"3147","as",347,0,0.9
"3148","future",348,0,0.9
"3149","transcript",349,0,0.9
"3150","studies.",350,0,0.9
"3151","Subjective",1,2,0.95
"3152","pattern",2,2,0.95
"3153","comparison",3,2,0.95
"3154","has",4,2,0.95
"3155","been",5,2,0.95
"3156","subject",6,2,0.95
"3157","to",7,2,0.95
"3158","increased",8,2,0.95
"3159","scrutiny",9,2,0.95
"3160","by",10,2,0.95
"3161","the",11,2,0.95
"3162","courts",12,2,0.95
"3163","and",13,2,0.95
"3164","by",14,2,0.95
"3165","the",15,2,0.95
"3166","general",16,2,0.95
"3167","public,",17,2,0.95
"3168","resulting",18,2,0.95
"3169","in",19,2,0.95
"3170","an",20,2,0.95
"3171","increased",21,2,0.95
"3172","interest",22,2,0.95
"3173","in",23,2,0.95
"3174","pattern",24,2,0.95
"3175","comparison",25,2,0.95
"3176","algorithms",26,2,0.95
"3177","that",27,2,0.95
"3178","provide",28,2,0.95
"3179","quantitative",29,2,0.95
"3180","assessments",30,2,0.95
"3181","of",31,2,0.95
"3182","similarity",32,2,0.95
"3183","for",33,2,0.95
"3184","use",34,1.8,0.95
"3185","by",35,1.6,0.95
"3186","forensic",36,1.4,0.95
"3187","scientists.",37,1.2,0.95
"3188","While",38,1,0.95
"3189","these",39,1,0.95
"3190","algorithms",40,1,0.95
"3191","would",41,1,0.95
"3192","mark",42,1,0.95
"3193","an",43,1,0.95
"3194","improvement",44,1,0.95
"3195","over",45,1,0.95
"3196","current",46,1,0.95
"3197","subjective",47,1,0.95
"3198","comparison",48,1,0.95
"3199","methods,",49,1,0.95
"3200","individuals",50,1,0.95
"3201","without",51,1,0.95
"3202","a",52,1,0.95
"3203","statistical",53,1,0.95
"3204","background",54,1,0.95
"3205","may",55,1,0.95
"3206","struggle",56,1,0.95
"3207","with",57,1,0.95
"3208","the",58,1,0.95
"3209","statistical",59,1,0.95
"3210","concepts",60,1,0.95
"3211","and",61,1,0.95
"3212","language",62,1,0.95
"3213","necessary",63,1,0.95
"3214","for",64,1,0.95
"3215","describing",65,1,0.95
"3216","algorithmic",66,1,0.95
"3217","methods.",67,1,0.95
"3218","If",68,1.2,0.95
"3219","algorithms",69,1.4,0.95
"3220","are",70,1.6,0.95
"3221","to",71,1.8,0.95
"3222","be",72,2,0.95
"3223","used,",73,2,0.95
"3224","examiners",74,2,0.95
"3225","must",75,2,0.95
"3226","be",76,2,0.95
"3227","able",77,2,0.95
"3228","to",78,2,0.95
"3229","testify",79,2,0.95
"3230","about",80,2,0.95
"3231","their",81,2,0.95
"3232","use",82,2,0.95
"3233","in",83,2,0.95
"3234","a",84,2,0.95
"3235","way",85,2,0.95
"3236","that",86,2,0.95
"3237","is",87,2,0.95
"3238","accessible",88,1.8,0.95
"3239","to",89,1.6,0.95
"3240","the",90,1.4,0.95
"3241","jury.",91,1.2,0.95
"3242","In",92,1.2,0.95
"3243","a",93,1.4,0.95
"3244","series",94,1.6,0.95
"3245","of",95,1.78095238095238,0.95
"3246","studies,",96,1.58095238095238,0.95
"3247","we",97,1.18095238095238,0.95
"3248","conduct",98,0.780952380952381,0.95
"3249","an",99,0.380952380952381,0.95
"3250","assessment",100,0.4,0.95
"3251","of",101,0.8,0.95
"3252","language",102,1.2,0.95
"3253","and",103,1.6,0.95
"3254","supporting",104,2,0.95
"3255","visual",105,2,0.95
"3256","aids",106,2,0.95
"3257","which",107,2,0.95
"3258","might",108,2,0.95
"3259","be",109,2,0.95
"3260","used",110,2,0.95
"3261","to",111,2,0.95
"3262","explain",112,2,0.95
"3263","bullet",113,1.6,0.95
"3264","matching",114,1.2,0.95
"3265","algorithms.",115,0.8,0.95
"3266","In",116,0.4,0.95
"3267","the",117,0,0.95
"3268","initial",118,0,0.95
"3269","study,",119,0,0.95
"3270","we",120,0,0.95
"3271","encountered",121,0,0.95
"3272","a",122,0,0.95
"3273","response",123,0,0.95
"3274","type",124,0,0.95
"3275","calibration",125,0,0.95
"3276","issue",126,0,0.95
"3277","-",127,NA,0.95
"3278","individuals",128,0.2,0.95
"3279","thought",129,0.4,0.95
"3280","highly",130,0.6,0.95
"3281","of",131,0.8,0.95
"3282","the",132,1,0.95
"3283","forensic",133,1,0.95
"3284","witness",134,1,0.95
"3285","and",135,1,0.95
"3286","evidence",136,1,0.95
"3287","regardless",137,1,0.95
"3288","of",138,1,0.95
"3289","experimental",139,1,0.95
"3290","conditions,",140,1,0.95
"3291","'maxing",141,1,0.95
"3292","out'",142,1,0.95
"3293","Likert",143,1,0.95
"3294","response",144,1,0.95
"3295","scales",145,1,0.95
"3296","and",146,1,0.95
"3297","leaving",147,1,0.95
"3298","us",148,1,0.95
"3299","unable",149,1,0.95
"3300","to",150,1,0.95
"3301","tell",151,1,0.95
"3302","if",152,1,0.95
"3303","the",153,1,0.95
"3304","conditions",154,1,0.95
"3305","had",155,1,0.95
"3306","any",156,1,0.95
"3307","effect.",157,1,0.95
"3308","While",158,1,0.95
"3309","this",159,1,0.95
"3310","study",160,1,0.95
"3311","indicated",161,1,0.95
"3312","that",162,1,0.95
"3313","individuals",163,1,0.95
"3314","overall",164,1,0.95
"3315","found",165,1,0.95
"3316","the",166,1,0.95
"3317","testimony",167,1,0.95
"3318","to",168,1,0.95
"3319","be",169,1,0.95
"3320","reliable,",170,1,0.95
"3321","credible,",171,1,0.95
"3322","and",172,1,0.95
"3323","scientific,",173,1,0.95
"3324","it",174,1,0.95
"3325","did",175,1,0.95
"3326","not",176,1,0.95
"3327","readily",177,1,0.95
"3328","provide",178,1,0.95
"3329","information",179,1,0.95
"3330","about",180,1,0.95
"3331","our",181,0.8,0.95
"3332","question",182,0.6,0.95
"3333","of",183,0.4,0.95
"3334","interest.",184,0.2,0.95
"3335","Additional",185,0,0.95
"3336","data",186,0,0.95
"3337","from",187,0,0.95
"3338","this",188,0,0.95
"3339","study",189,0,0.95
"3340","was",190,0,0.95
"3341","found",191,0,0.95
"3342","in",192,0,0.95
"3343","the",193,0,0.95
"3344","participants'",194,0,0.95
"3345","note",195,0,0.95
"3346","pads.",196,0,0.95
"3347","Through",197,0,0.95
"3348","cleaning",198,0,0.95
"3349","sequential",199,0,0.95
"3350","notes",200,0,0.95
"3351","and",201,0,0.95
"3352","designing",202,0,0.95
"3353","a",203,0,0.95
"3354","method",204,0,0.95
"3355","for",205,0,0.95
"3356","highlighting",206,0,0.95
"3357","study",207,0,0.95
"3358","transcripts",208,0,0.95
"3359","according",209,0,0.95
"3360","to",210,0,0.95
"3361","the",211,0,0.95
"3362","frequency",212,0,0.95
"3363","of",213,0,0.95
"3364","collocations",214,0,0.95
"3365","in",215,0,0.95
"3366","participant",216,0,0.95
"3367","notes,",217,0,0.95
"3368","we",218,0,0.95
"3369","can",219,0,0.95
"3370","determine",220,0,0.95
"3371","which",221,0,0.95
"3372","portions",222,0,0.95
"3373","of",223,0,0.95
"3374","testimony",224,0,0.95
"3375","participants",225,0,0.95
"3376","found",226,0,0.95
"3377","'noteworthy'.",227,0,0.95
"3378","We",228,0,0.95
"3379","also",229,0,0.95
"3380","conducted",230,0,0.95
"3381","a",231,0.2,0.95
"3382","study",232,0.2,0.95
"3383","on",233,0.2,0.95
"3384","response",234,0.2,0.95
"3385","types",235,0.2,0.95
"3386","to",236,0.2,0.95
"3387","determine",237,0.4,0.95
"3388","the",238,0.6,0.95
"3389","consistency",239,0.8,0.95
"3390","of",240,1,0.95
"3391","participant",241,1,0.95
"3392","responses",242,1,0.95
"3393","across",243,1,0.95
"3394","response",244,1,0.95
"3395","types,",245,1,0.95
"3396","compare",246,1,0.95
"3397","a",247,1,0.95
"3398","variety",248,1,0.95
"3399","of",249,1,0.95
"3400","response",250,1,0.95
"3401","types,",251,1,0.95
"3402","and",252,1,0.95
"3403","determine",253,1,0.95
"3404","which",254,1,0.95
"3405","response",255,1,0.95
"3406","type",256,1,0.95
"3407","may",257,1,0.95
"3408","be",258,1,0.95
"3409","appropriately",259,1,0.95
"3410","calibrated",260,1,0.95
"3411","for",261,1,0.95
"3412","addressing",262,1,0.95
"3413","the",263,1,0.95
"3414","initial",264,1,0.95
"3415","research",265,1,0.95
"3416","question",266,1,0.95
"3417","of",267,1,0.95
"3418","jury",268,1,0.95
"3419","perception",269,1,0.95
"3420","of",270,1,0.95
"3421","algorithms",271,0.8,0.95
"3422","and",272,0.6,0.95
"3423","demonstrative",273,0.4,0.95
"3424","evidence.",274,0.2,0.95
"3425","The",275,0.2,0.95
"3426","response",276,0.4,0.95
"3427","types",277,0.6,0.95
"3428","used",278,0.8,0.95
"3429","in",279,1,0.95
"3430","this",280,1,0.95
"3431","investigation",281,1,0.95
"3432","include",282,1,0.95
"3433","the",283,1,0.95
"3434","participant's",284,1,0.95
"3435","interpretation",285,1,0.95
"3436","of",286,1,0.95
"3437","the",287,1,0.95
"3438","strength",288,1,0.95
"3439","of",289,1,0.95
"3440","evidence",290,1,0.95
"3441","(Likert",291,1,0.95
"3442","scale),",292,1,0.95
"3443","conviction",293,1,0.95
"3444","decision",294,1,0.95
"3445","(binary),",295,1,0.95
"3446","opinion",296,1,0.95
"3447","of",297,1,0.95
"3448","guilt",298,1,0.95
"3449","(binary),",299,1,0.95
"3450","willingness",300,1,0.95
"3451","to",301,1,0.95
"3452","bet",302,1,0.95
"3453","on",303,1,0.95
"3454","their",304,1,0.95
"3455","opinion",305,1,0.95
"3456","of",306,1,0.95
"3457","guilt",307,1,0.95
"3458","(numeric),",308,1,0.95
"3459","probability",309,1,0.95
"3460","of",310,1,0.95
"3461","guilt",311,1,0.95
"3462","(numeric),",312,1,0.95
"3463","and",313,1,0.95
"3464","chance",314,1,0.95
"3465","of",315,1,0.95
"3466","guilt",316,1,0.95
"3467","/innocence",317,1,0.95
"3468","(numeric",318,0.8,0.95
"3469","or",319,0.6,0.95
"3470","multiple",320,0.4,0.95
"3471","choice).",321,0.2,0.95
"3472","The",322,0,0.95
"3473","note",323,0,0.95
"3474","cleaning,",324,0,0.95
"3475","text",325,0,0.95
"3476","analysis,",326,0,0.95
"3477","and",327,0,0.95
"3478","testimony",328,0,0.95
"3479","tools",329,0,0.95
"3480","we",330,0,0.95
"3481","developed",331,0,0.95
"3482","throughout",332,0,0.95
"3483","this",333,0,0.95
"3484","series",334,0,0.95
"3485","of",335,0,0.95
"3486","experiments",336,0,0.95
"3487","will",337,0,0.95
"3488","benefit",338,0,0.95
"3489","our",339,0,0.95
"3490","future",340,0,0.95
"3491","research",341,0,0.95
"3492","in",342,0,0.95
"3493","jury",343,0,0.95
"3494","perception,",344,0,0.95
"3495","as",345,0,0.95
"3496","well",346,0,0.95
"3497","as",347,0,0.95
"3498","future",348,0,0.95
"3499","transcript",349,0,0.95
"3500","studies.",350,0,0.95
