"","words","word_num","Freq","ngram"
"1","Subjective",1,2,2
"2","pattern",2,2,2
"3","comparison",3,2,2
"4","has",4,2,2
"5","been",5,2,2
"6","subject",6,2,2
"7","to",7,2,2
"8","increased",8,2,2
"9","scrutiny",9,2,2
"10","by",10,2,2
"11","the",11,2,2
"12","courts",12,2,2
"13","and",13,2,2
"14","by",14,2,2
"15","the",15,2,2
"16","general",16,2,2
"17","public,",17,2,2
"18","resulting",18,2,2
"19","in",19,2.98147412008282,2
"20","an",20,2.98147412008282,2
"21","increased",21,2.98147412008282,2
"22","interest",22,2.98147412008282,2
"23","in",23,2.98147412008282,2
"24","pattern",24,2,2
"25","comparison",25,2,2
"26","algorithms",26,2,2
"27","that",27,2,2
"28","provide",28,2,2
"29","quantitative",29,2,2
"30","assessments",30,2,2
"31","of",31,2,2
"32","similarity",32,2,2
"33","for",33,2.16551724137931,2
"34","use",34,1.96551724137931,2
"35","by",35,1.76551724137931,2
"36","forensic",36,1.56551724137931,2
"37","scientists.",37,1.36551724137931,2
"38","While",38,1,2
"39","these",39,1,2
"40","algorithms",40,1,2
"41","would",41,1,2
"42","mark",42,1,2
"43","an",43,1,2
"44","improvement",44,1,2
"45","over",45,1,2
"46","current",46,1,2
"47","subjective",47,1,2
"48","comparison",48,1,2
"49","methods,",49,1,2
"50","individuals",50,1,2
"51","without",51,1,2
"52","a",52,1,2
"53","statistical",53,1,2
"54","background",54,1,2
"55","may",55,1,2
"56","struggle",56,1,2
"57","with",57,1,2
"58","the",58,1,2
"59","statistical",59,1,2
"60","concepts",60,1,2
"61","and",61,1,2
"62","language",62,1,2
"63","necessary",63,1,2
"64","for",64,1,2
"65","describing",65,1,2
"66","algorithmic",66,1,2
"67","methods.",67,1,2
"68","If",68,1.35652173913043,2
"69","algorithms",69,1.55652173913043,2
"70","are",70,1.75652173913043,2
"71","to",71,1.95652173913043,2
"72","be",72,2.15652173913043,2
"73","used,",73,2,2
"74","examiners",74,2,2
"75","must",75,2,2
"76","be",76,2,2
"77","able",77,2,2
"78","to",78,2,2
"79","testify",79,2,2
"80","about",80,2,2
"81","their",81,2,2
"82","use",82,2,2
"83","in",83,2,2
"84","a",84,2,2
"85","way",85,2,2
"86","that",86,2,2
"87","is",87,2.08695652173913,2
"88","accessible",88,1.97391304347826,2
"89","to",89,1.77391304347826,2
"90","the",90,1.57391304347826,2
"91","jury.",91,1.37391304347826,2
"92","In",92,1.28695652173913,2
"93","a",93,1.4,2
"94","series",94,1.6,2
"95","of",95,1.78260869565217,2
"96","studies,",96,1.58260869565217,2
"97","we",97,1.18260869565217,2
"98","conduct",98,0.782608695652174,2
"99","an",99,0.689275362318841,2
"100","assessment",100,0.706666666666667,2
"101","of",101,1.10666666666667,2
"102","language",102,1.50666666666667,2
"103","and",103,1.90666666666667,2
"104","supporting",104,2,2
"105","visual",105,2,2
"106","aids",106,2,2
"107","which",107,2,2
"108","might",108,2,2
"109","be",109,2,2
"110","used",110,2,2
"111","to",111,2.14634146341463,2
"112","explain",112,2.14634146341463,2
"113","bullet",113,3.55663558106169,2
"114","matching",114,3.15663558106169,2
"115","algorithms.",115,2.75663558106169,2
"116","In",116,2.21029411764706,2
"117","the",117,1.81029411764706,2
"118","initial",118,0,2
"119","study,",119,0,2
"120","we",120,0,2
"121","encountered",121,0,2
"122","a",122,0.151515151515152,2
"123","response",123,0.151515151515152,2
"124","type",124,0.151515151515152,2
"125","calibration",125,0.151515151515152,2
"126","issue",126,0.151515151515152,2
"127","-",127,NA,2
"128","individuals",128,0.354285714285714,2
"129","thought",129,0.554285714285714,2
"130","highly",130,0.754285714285714,2
"131","of",131,0.954285714285714,2
"132","the",132,1.15428571428571,2
"133","forensic",133,1,2
"134","witness",134,1,2
"135","and",135,1,2
"136","evidence",136,1,2
"137","regardless",137,1,2
"138","of",138,1,2
"139","experimental",139,1,2
"140","conditions,",140,1,2
"141","'maxing",141,1,2
"142","out'",142,1,2
"143","Likert",143,1,2
"144","response",144,1,2
"145","scales",145,1,2
"146","and",146,1,2
"147","leaving",147,1,2
"148","us",148,1,2
"149","unable",149,1,2
"150","to",150,1,2
"151","tell",151,1,2
"152","if",152,1,2
"153","the",153,1,2
"154","conditions",154,1,2
"155","had",155,1,2
"156","any",156,1,2
"157","effect.",157,1,2
"158","While",158,1,2
"159","this",159,1,2
"160","study",160,1,2
"161","indicated",161,1,2
"162","that",162,1,2
"163","individuals",163,1,2
"164","overall",164,1,2
"165","found",165,1,2
"166","the",166,1,2
"167","testimony",167,1,2
"168","to",168,1,2
"169","be",169,1,2
"170","reliable,",170,1,2
"171","credible,",171,1,2
"172","and",172,1,2
"173","scientific,",173,1,2
"174","it",174,1,2
"175","did",175,1,2
"176","not",176,1,2
"177","readily",177,1,2
"178","provide",178,1,2
"179","information",179,1,2
"180","about",180,1.16923076923077,2
"181","our",181,0.969230769230769,2
"182","question",182,0.769230769230769,2
"183","of",183,0.569230769230769,2
"184","interest.",184,0.369230769230769,2
"185","Additional",185,0,2
"186","data",186,0,2
"187","from",187,0,2
"188","this",188,0,2
"189","study",189,0,2
"190","was",190,0,2
"191","found",191,0,2
"192","in",192,0,2
"193","the",193,0,2
"194","participants'",194,0,2
"195","note",195,0,2
"196","pads.",196,0,2
"197","Through",197,0,2
"198","cleaning",198,0,2
"199","sequential",199,0,2
"200","notes",200,0,2
"201","and",201,0,2
"202","designing",202,0,2
"203","a",203,0,2
"204","method",204,0,2
"205","for",205,0,2
"206","highlighting",206,0,2
"207","study",207,0,2
"208","transcripts",208,0,2
"209","according",209,0,2
"210","to",210,0,2
"211","the",211,0,2
"212","frequency",212,0,2
"213","of",213,0,2
"214","collocations",214,0,2
"215","in",215,0,2
"216","participant",216,0,2
"217","notes,",217,0,2
"218","we",218,0,2
"219","can",219,0,2
"220","determine",220,0,2
"221","which",221,0,2
"222","portions",222,0,2
"223","of",223,0,2
"224","testimony",224,0,2
"225","participants",225,0,2
"226","found",226,0,2
"227","'noteworthy'.",227,0,2
"228","We",228,0,2
"229","also",229,0,2
"230","conducted",230,0.17037037037037,2
"231","a",231,0.37037037037037,2
"232","study",232,0.52037037037037,2
"233","on",233,0.52037037037037,2
"234","response",234,0.52037037037037,2
"235","types",235,0.35,2
"236","to",236,0.511290322580645,2
"237","determine",237,0.561290322580645,2
"238","the",238,0.761290322580645,2
"239","consistency",239,0.961290322580645,2
"240","of",240,1.16129032258065,2
"241","participant",241,1,2
"242","responses",242,1,2
"243","across",243,1,2
"244","response",244,1,2
"245","types,",245,1,2
"246","compare",246,1,2
"247","a",247,1,2
"248","variety",248,1,2
"249","of",249,1,2
"250","response",250,1,2
"251","types,",251,1,2
"252","and",252,1,2
"253","determine",253,1,2
"254","which",254,1,2
"255","response",255,1,2
"256","type",256,1,2
"257","may",257,1,2
"258","be",258,1,2
"259","appropriately",259,1,2
"260","calibrated",260,1,2
"261","for",261,1,2
"262","addressing",262,1,2
"263","the",263,1,2
"264","initial",264,1,2
"265","research",265,1,2
"266","question",266,1,2
"267","of",267,1,2
"268","jury",268,1,2
"269","perception",269,1,2
"270","of",270,1.39306201550388,2
"271","algorithms",271,1.58612403100775,2
"272","and",272,1.98612403100775,2
"273","demonstrative",273,1.78612403100775,2
"274","evidence.",274,1.58612403100775,2
"275","The",275,1.35139534883721,2
"276","response",276,1.15833333333333,2
"277","types",277,0.758333333333333,2
"278","used",278,0.958333333333333,2
"279","in",279,1.15833333333333,2
"280","this",280,1,2
"281","investigation",281,1,2
"282","include",282,1,2
"283","the",283,1,2
"284","participant's",284,1,2
"285","interpretation",285,1,2
"286","of",286,2.00311680911681,2
"287","the",287,2.00311680911681,2
"288","strength",288,2.00311680911681,2
"289","of",289,2.00311680911681,2
"290","evidence",290,2.00311680911681,2
"291","(Likert",291,1,2
"292","scale),",292,1,2
"293","conviction",293,1,2
"294","decision",294,1,2
"295","(binary),",295,1,2
"296","opinion",296,1,2
"297","of",297,1,2
"298","guilt",298,1,2
"299","(binary),",299,1,2
"300","willingness",300,1,2
"301","to",301,1,2
"302","bet",302,1,2
"303","on",303,1,2
"304","their",304,1,2
"305","opinion",305,1,2
"306","of",306,1,2
"307","guilt",307,1,2
"308","(numeric),",308,1,2
"309","probability",309,1,2
"310","of",310,1,2
"311","guilt",311,1,2
"312","(numeric),",312,1,2
"313","and",313,1,2
"314","chance",314,1,2
"315","of",315,1,2
"316","guilt",316,1,2
"317","/innocence",317,1,2
"318","(numeric",318,0.8,2
"319","or",319,0.6,2
"320","multiple",320,0.4,2
"321","choice).",321,0.2,2
"322","The",322,0,2
"323","note",323,0,2
"324","cleaning,",324,0,2
"325","text",325,0,2
"326","analysis,",326,0,2
"327","and",327,0,2
"328","testimony",328,0,2
"329","tools",329,0,2
"330","we",330,0,2
"331","developed",331,0,2
"332","throughout",332,0,2
"333","this",333,0,2
"334","series",334,0,2
"335","of",335,0,2
"336","experiments",336,0,2
"337","will",337,0,2
"338","benefit",338,0,2
"339","our",339,0,2
"340","future",340,0,2
"341","research",341,0,2
"342","in",342,0,2
"343","jury",343,0,2
"344","perception,",344,0,2
"345","as",345,0,2
"346","well",346,0,2
"347","as",347,0,2
"348","future",348,0,2
"349","transcript",349,0,2
"350","studies.",350,0,2
"351","Subjective",1,2,3
"352","pattern",2,2,3
"353","comparison",3,2,3
"354","has",4,2,3
"355","been",5,2,3
"356","subject",6,2,3
"357","to",7,2,3
"358","increased",8,2,3
"359","scrutiny",9,2,3
"360","by",10,2,3
"361","the",11,2,3
"362","courts",12,2,3
"363","and",13,2,3
"364","by",14,2,3
"365","the",15,2,3
"366","general",16,2,3
"367","public,",17,2,3
"368","resulting",18,2,3
"369","in",19,2.66030769230769,3
"370","an",20,2.66030769230769,3
"371","increased",21,2.66030769230769,3
"372","interest",22,2.66030769230769,3
"373","in",23,2.66030769230769,3
"374","pattern",24,2,3
"375","comparison",25,2,3
"376","algorithms",26,2,3
"377","that",27,2,3
"378","provide",28,2,3
"379","quantitative",29,2,3
"380","assessments",30,2,3
"381","of",31,2,3
"382","similarity",32,2,3
"383","for",33,2.16,3
"384","use",34,1.96,3
"385","by",35,1.76,3
"386","forensic",36,1.56,3
"387","scientists.",37,1.36,3
"388","While",38,1,3
"389","these",39,1,3
"390","algorithms",40,1,3
"391","would",41,1,3
"392","mark",42,1,3
"393","an",43,1,3
"394","improvement",44,1,3
"395","over",45,1,3
"396","current",46,1,3
"397","subjective",47,1,3
"398","comparison",48,1,3
"399","methods,",49,1,3
"400","individuals",50,1,3
"401","without",51,1,3
"402","a",52,1,3
"403","statistical",53,1,3
"404","background",54,1,3
"405","may",55,1,3
"406","struggle",56,1,3
"407","with",57,1,3
"408","the",58,1,3
"409","statistical",59,1,3
"410","concepts",60,1,3
"411","and",61,1,3
"412","language",62,1,3
"413","necessary",63,1,3
"414","for",64,1,3
"415","describing",65,1,3
"416","algorithmic",66,1,3
"417","methods.",67,1,3
"418","If",68,1.35,3
"419","algorithms",69,1.55,3
"420","are",70,1.75,3
"421","to",71,1.95,3
"422","be",72,2.15,3
"423","used,",73,2,3
"424","examiners",74,2,3
"425","must",75,2,3
"426","be",76,2,3
"427","able",77,2,3
"428","to",78,2,3
"429","testify",79,2,3
"430","about",80,2,3
"431","their",81,2,3
"432","use",82,2,3
"433","in",83,2,3
"434","a",84,2,3
"435","way",85,2,3
"436","that",86,2,3
"437","is",87,2,3
"438","accessible",88,1.975,3
"439","to",89,1.775,3
"440","the",90,1.575,3
"441","jury.",91,1.375,3
"442","In",92,1.375,3
"443","a",93,1.4,3
"444","series",94,1.6,3
"445","of",95,1.78181818181818,3
"446","studies,",96,1.58181818181818,3
"447","we",97,1.18181818181818,3
"448","conduct",98,0.781818181818182,3
"449","an",99,0.675935828877005,3
"450","assessment",100,0.694117647058824,3
"451","of",101,1.09411764705882,3
"452","language",102,1.49411764705882,3
"453","and",103,1.89411764705882,3
"454","supporting",104,2,3
"455","visual",105,2,3
"456","aids",106,2,3
"457","which",107,2,3
"458","might",108,2,3
"459","be",109,2,3
"460","used",110,2,3
"461","to",111,2,3
"462","explain",112,2,3
"463","bullet",113,1.97575757575758,3
"464","matching",114,1.57575757575758,3
"465","algorithms.",115,1.17575757575758,3
"466","In",116,0.775757575757576,3
"467","the",117,0.375757575757576,3
"468","initial",118,0,3
"469","study,",119,0,3
"470","we",120,0,3
"471","encountered",121,0,3
"472","a",122,0.152941176470588,3
"473","response",123,0.152941176470588,3
"474","type",124,0.152941176470588,3
"475","calibration",125,0.152941176470588,3
"476","issue",126,0.152941176470588,3
"477","-",127,NA,3
"478","individuals",128,0.345945945945946,3
"479","thought",129,0.545945945945946,3
"480","highly",130,0.745945945945946,3
"481","of",131,0.945945945945946,3
"482","the",132,1.14594594594595,3
"483","forensic",133,1,3
"484","witness",134,1,3
"485","and",135,1,3
"486","evidence",136,1,3
"487","regardless",137,1,3
"488","of",138,1,3
"489","experimental",139,1,3
"490","conditions,",140,1,3
"491","'maxing",141,1,3
"492","out'",142,1,3
"493","Likert",143,1,3
"494","response",144,1,3
"495","scales",145,1,3
"496","and",146,1,3
"497","leaving",147,1,3
"498","us",148,1,3
"499","unable",149,1,3
"500","to",150,1,3
"501","tell",151,1,3
"502","if",152,1,3
"503","the",153,1,3
"504","conditions",154,1,3
"505","had",155,1,3
"506","any",156,1,3
"507","effect.",157,1,3
"508","While",158,1,3
"509","this",159,1,3
"510","study",160,1,3
"511","indicated",161,1,3
"512","that",162,1,3
"513","individuals",163,1,3
"514","overall",164,1,3
"515","found",165,1,3
"516","the",166,1,3
"517","testimony",167,1,3
"518","to",168,1,3
"519","be",169,1,3
"520","reliable,",170,1,3
"521","credible,",171,1,3
"522","and",172,1,3
"523","scientific,",173,1,3
"524","it",174,1,3
"525","did",175,1,3
"526","not",176,1,3
"527","readily",177,1,3
"528","provide",178,1,3
"529","information",179,1,3
"530","about",180,1.14,3
"531","our",181,0.94,3
"532","question",182,0.74,3
"533","of",183,0.54,3
"534","interest.",184,0.34,3
"535","Additional",185,0,3
"536","data",186,0,3
"537","from",187,0,3
"538","this",188,0,3
"539","study",189,0,3
"540","was",190,0,3
"541","found",191,0,3
"542","in",192,0,3
"543","the",193,0,3
"544","participants'",194,0,3
"545","note",195,0,3
"546","pads.",196,0,3
"547","Through",197,0,3
"548","cleaning",198,0,3
"549","sequential",199,0,3
"550","notes",200,0,3
"551","and",201,0,3
"552","designing",202,0,3
"553","a",203,0,3
"554","method",204,0,3
"555","for",205,0,3
"556","highlighting",206,0,3
"557","study",207,0,3
"558","transcripts",208,0,3
"559","according",209,0,3
"560","to",210,0,3
"561","the",211,0,3
"562","frequency",212,0,3
"563","of",213,0,3
"564","collocations",214,0,3
"565","in",215,0,3
"566","participant",216,0,3
"567","notes,",217,0,3
"568","we",218,0,3
"569","can",219,0,3
"570","determine",220,0,3
"571","which",221,0,3
"572","portions",222,0,3
"573","of",223,0,3
"574","testimony",224,0,3
"575","participants",225,0,3
"576","found",226,0,3
"577","'noteworthy'.",227,0,3
"578","We",228,0,3
"579","also",229,0,3
"580","conducted",230,0.158620689655172,3
"581","a",231,0.358620689655172,3
"582","study",232,0.505287356321839,3
"583","on",233,0.505287356321839,3
"584","response",234,0.505287356321839,3
"585","types",235,0.346666666666667,3
"586","to",236,0.504242424242424,3
"587","determine",237,0.557575757575758,3
"588","the",238,0.757575757575758,3
"589","consistency",239,0.957575757575758,3
"590","of",240,1.15757575757576,3
"591","participant",241,1,3
"592","responses",242,1,3
"593","across",243,1,3
"594","response",244,1,3
"595","types,",245,1,3
"596","compare",246,1,3
"597","a",247,1,3
"598","variety",248,1,3
"599","of",249,1,3
"600","response",250,1,3
"601","types,",251,1,3
"602","and",252,1,3
"603","determine",253,1,3
"604","which",254,1,3
"605","response",255,1,3
"606","type",256,1,3
"607","may",257,1,3
"608","be",258,1,3
"609","appropriately",259,1,3
"610","calibrated",260,1,3
"611","for",261,1,3
"612","addressing",262,1,3
"613","the",263,1,3
"614","initial",264,1,3
"615","research",265,1,3
"616","question",266,1,3
"617","of",267,1,3
"618","jury",268,1,3
"619","perception",269,1,3
"620","of",270,1,3
"621","algorithms",271,1.25391551969625,3
"622","and",272,1.05391551969625,3
"623","demonstrative",273,0.853915519696251,3
"624","evidence.",274,0.653915519696251,3
"625","The",275,0.809471075251806,3
"626","response",276,0.555555555555556,3
"627","types",277,0.755555555555556,3
"628","used",278,0.955555555555555,3
"629","in",279,1.15555555555556,3
"630","this",280,1,3
"631","investigation",281,1,3
"632","include",282,1,3
"633","the",283,1,3
"634","participant's",284,1,3
"635","interpretation",285,1,3
"636","of",286,1.64962962962963,3
"637","the",287,1.64962962962963,3
"638","strength",288,1.64962962962963,3
"639","of",289,1.64962962962963,3
"640","evidence",290,1.64962962962963,3
"641","(Likert",291,1,3
"642","scale),",292,1,3
"643","conviction",293,1,3
"644","decision",294,1,3
"645","(binary),",295,1,3
"646","opinion",296,1,3
"647","of",297,1,3
"648","guilt",298,1,3
"649","(binary),",299,1,3
"650","willingness",300,1,3
"651","to",301,1,3
"652","bet",302,1,3
"653","on",303,1,3
"654","their",304,1,3
"655","opinion",305,1,3
"656","of",306,1,3
"657","guilt",307,1,3
"658","(numeric),",308,1,3
"659","probability",309,1,3
"660","of",310,1,3
"661","guilt",311,1,3
"662","(numeric),",312,1,3
"663","and",313,1,3
"664","chance",314,1,3
"665","of",315,1,3
"666","guilt",316,1,3
"667","/innocence",317,1,3
"668","(numeric",318,0.8,3
"669","or",319,0.6,3
"670","multiple",320,0.4,3
"671","choice).",321,0.2,3
"672","The",322,0,3
"673","note",323,0,3
"674","cleaning,",324,0,3
"675","text",325,0,3
"676","analysis,",326,0,3
"677","and",327,0,3
"678","testimony",328,0,3
"679","tools",329,0,3
"680","we",330,0,3
"681","developed",331,0,3
"682","throughout",332,0,3
"683","this",333,0,3
"684","series",334,0,3
"685","of",335,0,3
"686","experiments",336,0,3
"687","will",337,0,3
"688","benefit",338,0,3
"689","our",339,0,3
"690","future",340,0,3
"691","research",341,0,3
"692","in",342,0,3
"693","jury",343,0,3
"694","perception,",344,0,3
"695","as",345,0,3
"696","well",346,0,3
"697","as",347,0,3
"698","future",348,0,3
"699","transcript",349,0,3
"700","studies.",350,0,3
"701","Subjective",1,2,4
"702","pattern",2,2,4
"703","comparison",3,2,4
"704","has",4,2,4
"705","been",5,2,4
"706","subject",6,2,4
"707","to",7,2,4
"708","increased",8,2,4
"709","scrutiny",9,2,4
"710","by",10,2,4
"711","the",11,2,4
"712","courts",12,2,4
"713","and",13,2,4
"714","by",14,2,4
"715","the",15,2,4
"716","general",16,2,4
"717","public,",17,2,4
"718","resulting",18,2,4
"719","in",19,2.63960113960114,4
"720","an",20,2.63960113960114,4
"721","increased",21,2.63960113960114,4
"722","interest",22,2.63960113960114,4
"723","in",23,2.63960113960114,4
"724","pattern",24,2,4
"725","comparison",25,2,4
"726","algorithms",26,2,4
"727","that",27,2,4
"728","provide",28,2,4
"729","quantitative",29,2,4
"730","assessments",30,2,4
"731","of",31,2,4
"732","similarity",32,2,4
"733","for",33,2,4
"734","use",34,1.95483870967742,4
"735","by",35,1.75483870967742,4
"736","forensic",36,1.55483870967742,4
"737","scientists.",37,1.35483870967742,4
"738","While",38,1.15483870967742,4
"739","these",39,1,4
"740","algorithms",40,1,4
"741","would",41,1,4
"742","mark",42,1,4
"743","an",43,1,4
"744","improvement",44,1,4
"745","over",45,1,4
"746","current",46,1,4
"747","subjective",47,1,4
"748","comparison",48,1,4
"749","methods,",49,1,4
"750","individuals",50,1,4
"751","without",51,1,4
"752","a",52,1,4
"753","statistical",53,1,4
"754","background",54,1,4
"755","may",55,1,4
"756","struggle",56,1,4
"757","with",57,1,4
"758","the",58,1,4
"759","statistical",59,1,4
"760","concepts",60,1,4
"761","and",61,1,4
"762","language",62,1,4
"763","necessary",63,1,4
"764","for",64,1,4
"765","describing",65,1,4
"766","algorithmic",66,1,4
"767","methods.",67,1,4
"768","If",68,1.34166666666667,4
"769","algorithms",69,1.54166666666667,4
"770","are",70,1.74166666666667,4
"771","to",71,1.94166666666667,4
"772","be",72,2.14166666666667,4
"773","used,",73,2,4
"774","examiners",74,2,4
"775","must",75,2,4
"776","be",76,2,4
"777","able",77,2,4
"778","to",78,2,4
"779","testify",79,2,4
"780","about",80,2,4
"781","their",81,2,4
"782","use",82,2,4
"783","in",83,2,4
"784","a",84,2,4
"785","way",85,2,4
"786","that",86,2,4
"787","is",87,2,4
"788","accessible",88,1.97391304347826,4
"789","to",89,1.77391304347826,4
"790","the",90,1.57391304347826,4
"791","jury.",91,1.37391304347826,4
"792","In",92,1.37391304347826,4
"793","a",93,1.4,4
"794","series",94,1.6,4
"795","of",95,1.78095238095238,4
"796","studies,",96,1.58095238095238,4
"797","we",97,1.18095238095238,4
"798","conduct",98,0.780952380952381,4
"799","an",99,0.671861471861472,4
"800","assessment",100,0.690909090909091,4
"801","of",101,1.09090909090909,4
"802","language",102,1.49090909090909,4
"803","and",103,1.89090909090909,4
"804","supporting",104,2,4
"805","visual",105,2,4
"806","aids",106,2,4
"807","which",107,2,4
"808","might",108,2,4
"809","be",109,2,4
"810","used",110,2,4
"811","to",111,2,4
"812","explain",112,2,4
"813","bullet",113,1.975,4
"814","matching",114,1.575,4
"815","algorithms.",115,1.175,4
"816","In",116,0.775,4
"817","the",117,0.375,4
"818","initial",118,0,4
"819","study,",119,0,4
"820","we",120,0,4
"821","encountered",121,0,4
"822","a",122,0.151515151515152,4
"823","response",123,0.151515151515152,4
"824","type",124,0.151515151515152,4
"825","calibration",125,0.151515151515152,4
"826","issue",126,0.293620414673046,4
"827","-",127,NA,4
"828","individuals",128,0.342105263157895,4
"829","thought",129,0.542105263157895,4
"830","highly",130,0.742105263157895,4
"831","of",131,0.942105263157895,4
"832","the",132,1,4
"833","forensic",133,1,4
"834","witness",134,1,4
"835","and",135,1,4
"836","evidence",136,1,4
"837","regardless",137,1,4
"838","of",138,1,4
"839","experimental",139,1,4
"840","conditions,",140,1,4
"841","'maxing",141,1,4
"842","out'",142,1,4
"843","Likert",143,1,4
"844","response",144,1,4
"845","scales",145,1,4
"846","and",146,1,4
"847","leaving",147,1,4
"848","us",148,1,4
"849","unable",149,1,4
"850","to",150,1,4
"851","tell",151,1,4
"852","if",152,1,4
"853","the",153,1,4
"854","conditions",154,1,4
"855","had",155,1,4
"856","any",156,1,4
"857","effect.",157,1,4
"858","While",158,1,4
"859","this",159,1,4
"860","study",160,1,4
"861","indicated",161,1,4
"862","that",162,1,4
"863","individuals",163,1,4
"864","overall",164,1,4
"865","found",165,1,4
"866","the",166,1,4
"867","testimony",167,1,4
"868","to",168,1,4
"869","be",169,1,4
"870","reliable,",170,1,4
"871","credible,",171,1,4
"872","and",172,1,4
"873","scientific,",173,1,4
"874","it",174,1,4
"875","did",175,1,4
"876","not",176,1,4
"877","readily",177,1,4
"878","provide",178,1,4
"879","information",179,1,4
"880","about",180,1.14,4
"881","our",181,0.94,4
"882","question",182,0.74,4
"883","of",183,0.54,4
"884","interest.",184,0.34,4
"885","Additional",185,0,4
"886","data",186,0,4
"887","from",187,0,4
"888","this",188,0,4
"889","study",189,0,4
"890","was",190,0,4
"891","found",191,0,4
"892","in",192,0,4
"893","the",193,0,4
"894","participants'",194,0,4
"895","note",195,0,4
"896","pads.",196,0,4
"897","Through",197,0,4
"898","cleaning",198,0,4
"899","sequential",199,0,4
"900","notes",200,0,4
"901","and",201,0,4
"902","designing",202,0,4
"903","a",203,0,4
"904","method",204,0,4
"905","for",205,0,4
"906","highlighting",206,0,4
"907","study",207,0,4
"908","transcripts",208,0,4
"909","according",209,0,4
"910","to",210,0,4
"911","the",211,0,4
"912","frequency",212,0,4
"913","of",213,0,4
"914","collocations",214,0,4
"915","in",215,0,4
"916","participant",216,0,4
"917","notes,",217,0,4
"918","we",218,0,4
"919","can",219,0,4
"920","determine",220,0,4
"921","which",221,0,4
"922","portions",222,0,4
"923","of",223,0,4
"924","testimony",224,0,4
"925","participants",225,0,4
"926","found",226,0,4
"927","'noteworthy'.",227,0,4
"928","We",228,0,4
"929","also",229,0,4
"930","conducted",230,0.144827586206897,4
"931","a",231,0.344827586206897,4
"932","study",232,0.489655172413793,4
"933","on",233,0.489655172413793,4
"934","response",234,0.489655172413793,4
"935","types",235,0.344827586206897,4
"936","to",236,0.501077586206897,4
"937","determine",237,0.55625,4
"938","the",238,0.75625,4
"939","consistency",239,0.95625,4
"940","of",240,1.15625,4
"941","participant",241,1,4
"942","responses",242,1,4
"943","across",243,1,4
"944","response",244,1,4
"945","types,",245,1,4
"946","compare",246,1,4
"947","a",247,1,4
"948","variety",248,1,4
"949","of",249,1,4
"950","response",250,1,4
"951","types,",251,1,4
"952","and",252,1,4
"953","determine",253,1,4
"954","which",254,1,4
"955","response",255,1,4
"956","type",256,1,4
"957","may",257,1,4
"958","be",258,1,4
"959","appropriately",259,1,4
"960","calibrated",260,1,4
"961","for",261,1,4
"962","addressing",262,1,4
"963","the",263,1,4
"964","initial",264,1,4
"965","research",265,1,4
"966","question",266,1,4
"967","of",267,1,4
"968","jury",268,1,4
"969","perception",269,1,4
"970","of",270,1,4
"971","algorithms",271,1.2312292358804,4
"972","and",272,1.0312292358804,4
"973","demonstrative",273,0.831229235880399,4
"974","evidence.",274,0.631229235880399,4
"975","The",275,0.779377384028547,4
"976","response",276,0.548148148148148,4
"977","types",277,0.748148148148148,4
"978","used",278,0.948148148148148,4
"979","in",279,1.14814814814815,4
"980","this",280,1,4
"981","investigation",281,1,4
"982","include",282,1,4
"983","the",283,1,4
"984","participant's",284,1,4
"985","interpretation",285,1,4
"986","of",286,1.62074074074074,4
"987","the",287,1.62074074074074,4
"988","strength",288,1.62074074074074,4
"989","of",289,1.62074074074074,4
"990","evidence",290,1.62074074074074,4
"991","(Likert",291,1,4
"992","scale),",292,1,4
"993","conviction",293,1,4
"994","decision",294,1,4
"995","(binary),",295,1,4
"996","opinion",296,1,4
"997","of",297,1,4
"998","guilt",298,1,4
"999","(binary),",299,1,4
"1000","willingness",300,1,4
"1001","to",301,1,4
"1002","bet",302,1,4
"1003","on",303,1,4
"1004","their",304,1,4
"1005","opinion",305,1,4
"1006","of",306,1,4
"1007","guilt",307,1,4
"1008","(numeric),",308,1,4
"1009","probability",309,1,4
"1010","of",310,1,4
"1011","guilt",311,1,4
"1012","(numeric),",312,1,4
"1013","and",313,1,4
"1014","chance",314,1,4
"1015","of",315,1,4
"1016","guilt",316,1,4
"1017","/innocence",317,1,4
"1018","(numeric",318,0.8,4
"1019","or",319,0.6,4
"1020","multiple",320,0.4,4
"1021","choice).",321,0.2,4
"1022","The",322,0,4
"1023","note",323,0,4
"1024","cleaning,",324,0,4
"1025","text",325,0,4
"1026","analysis,",326,0,4
"1027","and",327,0,4
"1028","testimony",328,0,4
"1029","tools",329,0,4
"1030","we",330,0,4
"1031","developed",331,0,4
"1032","throughout",332,0,4
"1033","this",333,0,4
"1034","series",334,0,4
"1035","of",335,0,4
"1036","experiments",336,0,4
"1037","will",337,0,4
"1038","benefit",338,0,4
"1039","our",339,0,4
"1040","future",340,0,4
"1041","research",341,0,4
"1042","in",342,0,4
"1043","jury",343,0,4
"1044","perception,",344,0,4
"1045","as",345,0,4
"1046","well",346,0,4
"1047","as",347,0,4
"1048","future",348,0,4
"1049","transcript",349,0,4
"1050","studies.",350,0,4
"1051","Subjective",1,2,5
"1052","pattern",2,2,5
"1053","comparison",3,2,5
"1054","has",4,2,5
"1055","been",5,2,5
"1056","subject",6,2,5
"1057","to",7,2,5
"1058","increased",8,2,5
"1059","scrutiny",9,2,5
"1060","by",10,2,5
"1061","the",11,2,5
"1062","courts",12,2,5
"1063","and",13,2,5
"1064","by",14,2,5
"1065","the",15,2,5
"1066","general",16,2,5
"1067","public,",17,2,5
"1068","resulting",18,2,5
"1069","in",19,2.63352706552707,5
"1070","an",20,2.63352706552707,5
"1071","increased",21,2.63352706552707,5
"1072","interest",22,2.63352706552707,5
"1073","in",23,2.63352706552707,5
"1074","pattern",24,2,5
"1075","comparison",25,2,5
"1076","algorithms",26,2,5
"1077","that",27,2,5
"1078","provide",28,2,5
"1079","quantitative",29,2,5
"1080","assessments",30,2,5
"1081","of",31,2,5
"1082","similarity",32,2,5
"1083","for",33,2,5
"1084","use",34,1.95333333333333,5
"1085","by",35,1.75333333333333,5
"1086","forensic",36,1.55333333333333,5
"1087","scientists.",37,1.35333333333333,5
"1088","While",38,1.15333333333333,5
"1089","these",39,1,5
"1090","algorithms",40,1,5
"1091","would",41,1,5
"1092","mark",42,1,5
"1093","an",43,1,5
"1094","improvement",44,1,5
"1095","over",45,1,5
"1096","current",46,1,5
"1097","subjective",47,1,5
"1098","comparison",48,1,5
"1099","methods,",49,1,5
"1100","individuals",50,1,5
"1101","without",51,1,5
"1102","a",52,1,5
"1103","statistical",53,1,5
"1104","background",54,1,5
"1105","may",55,1,5
"1106","struggle",56,1,5
"1107","with",57,1,5
"1108","the",58,1,5
"1109","statistical",59,1,5
"1110","concepts",60,1,5
"1111","and",61,1,5
"1112","language",62,1,5
"1113","necessary",63,1,5
"1114","for",64,1,5
"1115","describing",65,1,5
"1116","algorithmic",66,1,5
"1117","methods.",67,1,5
"1118","If",68,1.2,5
"1119","algorithms",69,1.4,5
"1120","are",70,1.6,5
"1121","to",71,1.8,5
"1122","be",72,2,5
"1123","used,",73,2,5
"1124","examiners",74,2,5
"1125","must",75,2,5
"1126","be",76,2,5
"1127","able",77,2,5
"1128","to",78,2,5
"1129","testify",79,2,5
"1130","about",80,2,5
"1131","their",81,2,5
"1132","use",82,2,5
"1133","in",83,2,5
"1134","a",84,2,5
"1135","way",85,2,5
"1136","that",86,2,5
"1137","is",87,2,5
"1138","accessible",88,1.97272727272727,5
"1139","to",89,1.77272727272727,5
"1140","the",90,1.57272727272727,5
"1141","jury.",91,1.37272727272727,5
"1142","In",92,1.37272727272727,5
"1143","a",93,1.4,5
"1144","series",94,1.6,5
"1145","of",95,1.78,5
"1146","studies,",96,1.58,5
"1147","we",97,1.18,5
"1148","conduct",98,0.78,5
"1149","an",99,0.6675,5
"1150","assessment",100,0.6875,5
"1151","of",101,1.0875,5
"1152","language",102,1.4875,5
"1153","and",103,1.8875,5
"1154","supporting",104,2,5
"1155","visual",105,2,5
"1156","aids",106,2,5
"1157","which",107,2,5
"1158","might",108,2,5
"1159","be",109,2,5
"1160","used",110,2,5
"1161","to",111,2,5
"1162","explain",112,2,5
"1163","bullet",113,1.9741935483871,5
"1164","matching",114,1.5741935483871,5
"1165","algorithms.",115,1.1741935483871,5
"1166","In",116,0.774193548387097,5
"1167","the",117,0.374193548387097,5
"1168","initial",118,0,5
"1169","study,",119,0,5
"1170","we",120,0,5
"1171","encountered",121,0,5
"1172","a",122,0.15,5
"1173","response",123,0.15,5
"1174","type",124,0.15,5
"1175","calibration",125,0.15,5
"1176","issue",126,0.290540540540541,5
"1177","-",127,NA,5
"1178","individuals",128,0.340540540540541,5
"1179","thought",129,0.540540540540541,5
"1180","highly",130,0.740540540540541,5
"1181","of",131,0.94054054054054,5
"1182","the",132,1,5
"1183","forensic",133,1,5
"1184","witness",134,1,5
"1185","and",135,1,5
"1186","evidence",136,1,5
"1187","regardless",137,1,5
"1188","of",138,1,5
"1189","experimental",139,1,5
"1190","conditions,",140,1,5
"1191","'maxing",141,1,5
"1192","out'",142,1,5
"1193","Likert",143,1,5
"1194","response",144,1,5
"1195","scales",145,1,5
"1196","and",146,1,5
"1197","leaving",147,1,5
"1198","us",148,1,5
"1199","unable",149,1,5
"1200","to",150,1,5
"1201","tell",151,1,5
"1202","if",152,1,5
"1203","the",153,1,5
"1204","conditions",154,1,5
"1205","had",155,1,5
"1206","any",156,1,5
"1207","effect.",157,1,5
"1208","While",158,1,5
"1209","this",159,1,5
"1210","study",160,1,5
"1211","indicated",161,1,5
"1212","that",162,1,5
"1213","individuals",163,1,5
"1214","overall",164,1,5
"1215","found",165,1,5
"1216","the",166,1,5
"1217","testimony",167,1,5
"1218","to",168,1,5
"1219","be",169,1,5
"1220","reliable,",170,1,5
"1221","credible,",171,1,5
"1222","and",172,1,5
"1223","scientific,",173,1,5
"1224","it",174,1,5
"1225","did",175,1,5
"1226","not",176,1,5
"1227","readily",177,1,5
"1228","provide",178,1,5
"1229","information",179,1,5
"1230","about",180,1,5
"1231","our",181,0.8,5
"1232","question",182,0.6,5
"1233","of",183,0.4,5
"1234","interest.",184,0.2,5
"1235","Additional",185,0,5
"1236","data",186,0,5
"1237","from",187,0,5
"1238","this",188,0,5
"1239","study",189,0,5
"1240","was",190,0,5
"1241","found",191,0,5
"1242","in",192,0,5
"1243","the",193,0,5
"1244","participants'",194,0,5
"1245","note",195,0,5
"1246","pads.",196,0,5
"1247","Through",197,0,5
"1248","cleaning",198,0,5
"1249","sequential",199,0,5
"1250","notes",200,0,5
"1251","and",201,0,5
"1252","designing",202,0,5
"1253","a",203,0,5
"1254","method",204,0,5
"1255","for",205,0,5
"1256","highlighting",206,0,5
"1257","study",207,0,5
"1258","transcripts",208,0,5
"1259","according",209,0,5
"1260","to",210,0,5
"1261","the",211,0,5
"1262","frequency",212,0,5
"1263","of",213,0,5
"1264","collocations",214,0,5
"1265","in",215,0,5
"1266","participant",216,0,5
"1267","notes,",217,0,5
"1268","we",218,0,5
"1269","can",219,0,5
"1270","determine",220,0,5
"1271","which",221,0,5
"1272","portions",222,0,5
"1273","of",223,0,5
"1274","testimony",224,0,5
"1275","participants",225,0,5
"1276","found",226,0,5
"1277","'noteworthy'.",227,0,5
"1278","We",228,0,5
"1279","also",229,0,5
"1280","conducted",230,0,5
"1281","a",231,0.2,5
"1282","study",232,0.342857142857143,5
"1283","on",233,0.342857142857143,5
"1284","response",234,0.342857142857143,5
"1285","types",235,0.342857142857143,5
"1286","to",236,0.497695852534562,5
"1287","determine",237,0.554838709677419,5
"1288","the",238,0.754838709677419,5
"1289","consistency",239,0.954838709677419,5
"1290","of",240,1.15483870967742,5
"1291","participant",241,1,5
"1292","responses",242,1,5
"1293","across",243,1,5
"1294","response",244,1,5
"1295","types,",245,1,5
"1296","compare",246,1,5
"1297","a",247,1,5
"1298","variety",248,1,5
"1299","of",249,1,5
"1300","response",250,1,5
"1301","types,",251,1,5
"1302","and",252,1,5
"1303","determine",253,1,5
"1304","which",254,1,5
"1305","response",255,1,5
"1306","type",256,1,5
"1307","may",257,1,5
"1308","be",258,1,5
"1309","appropriately",259,1,5
"1310","calibrated",260,1,5
"1311","for",261,1,5
"1312","addressing",262,1,5
"1313","the",263,1,5
"1314","initial",264,1,5
"1315","research",265,1,5
"1316","question",266,1,5
"1317","of",267,1,5
"1318","jury",268,1,5
"1319","perception",269,1,5
"1320","of",270,1,5
"1321","algorithms",271,0.941666666666667,5
"1322","and",272,0.741666666666667,5
"1323","demonstrative",273,0.541666666666667,5
"1324","evidence.",274,0.341666666666667,5
"1325","The",275,0.482407407407407,5
"1326","response",276,0.540740740740741,5
"1327","types",277,0.740740740740741,5
"1328","used",278,0.940740740740741,5
"1329","in",279,1.14074074074074,5
"1330","this",280,1,5
"1331","investigation",281,1,5
"1332","include",282,1,5
"1333","the",283,1,5
"1334","participant's",284,1,5
"1335","interpretation",285,1,5
"1336","of",286,1.61405835543767,5
"1337","the",287,1.61405835543767,5
"1338","strength",288,1.61405835543767,5
"1339","of",289,1.61405835543767,5
"1340","evidence",290,1.61405835543767,5
"1341","(Likert",291,1,5
"1342","scale),",292,1,5
"1343","conviction",293,1,5
"1344","decision",294,1,5
"1345","(binary),",295,1,5
"1346","opinion",296,1,5
"1347","of",297,1,5
"1348","guilt",298,1,5
"1349","(binary),",299,1,5
"1350","willingness",300,1,5
"1351","to",301,1,5
"1352","bet",302,1,5
"1353","on",303,1,5
"1354","their",304,1,5
"1355","opinion",305,1,5
"1356","of",306,1,5
"1357","guilt",307,1,5
"1358","(numeric),",308,1,5
"1359","probability",309,1,5
"1360","of",310,1,5
"1361","guilt",311,1,5
"1362","(numeric),",312,1,5
"1363","and",313,1,5
"1364","chance",314,1,5
"1365","of",315,1,5
"1366","guilt",316,1,5
"1367","/innocence",317,1,5
"1368","(numeric",318,0.8,5
"1369","or",319,0.6,5
"1370","multiple",320,0.4,5
"1371","choice).",321,0.2,5
"1372","The",322,0,5
"1373","note",323,0,5
"1374","cleaning,",324,0,5
"1375","text",325,0,5
"1376","analysis,",326,0,5
"1377","and",327,0,5
"1378","testimony",328,0,5
"1379","tools",329,0,5
"1380","we",330,0,5
"1381","developed",331,0,5
"1382","throughout",332,0,5
"1383","this",333,0,5
"1384","series",334,0,5
"1385","of",335,0,5
"1386","experiments",336,0,5
"1387","will",337,0,5
"1388","benefit",338,0,5
"1389","our",339,0,5
"1390","future",340,0,5
"1391","research",341,0,5
"1392","in",342,0,5
"1393","jury",343,0,5
"1394","perception,",344,0,5
"1395","as",345,0,5
"1396","well",346,0,5
"1397","as",347,0,5
"1398","future",348,0,5
"1399","transcript",349,0,5
"1400","studies.",350,0,5
"1401","Subjective",1,2,6
"1402","pattern",2,2,6
"1403","comparison",3,2,6
"1404","has",4,2,6
"1405","been",5,2,6
"1406","subject",6,2,6
"1407","to",7,2,6
"1408","increased",8,2,6
"1409","scrutiny",9,2,6
"1410","by",10,2,6
"1411","the",11,2,6
"1412","courts",12,2,6
"1413","and",13,2,6
"1414","by",14,2,6
"1415","the",15,2,6
"1416","general",16,2,6
"1417","public,",17,2,6
"1418","resulting",18,2,6
"1419","in",19,2.62697435897436,6
"1420","an",20,2.62697435897436,6
"1421","increased",21,2.62697435897436,6
"1422","interest",22,2.62697435897436,6
"1423","in",23,2.62697435897436,6
"1424","pattern",24,2,6
"1425","comparison",25,2,6
"1426","algorithms",26,2,6
"1427","that",27,2,6
"1428","provide",28,2,6
"1429","quantitative",29,2,6
"1430","assessments",30,2,6
"1431","of",31,2,6
"1432","similarity",32,2,6
"1433","for",33,2,6
"1434","use",34,1.95172413793103,6
"1435","by",35,1.75172413793103,6
"1436","forensic",36,1.55172413793103,6
"1437","scientists.",37,1.35172413793103,6
"1438","While",38,1.15172413793103,6
"1439","these",39,1,6
"1440","algorithms",40,1,6
"1441","would",41,1,6
"1442","mark",42,1,6
"1443","an",43,1,6
"1444","improvement",44,1,6
"1445","over",45,1,6
"1446","current",46,1,6
"1447","subjective",47,1,6
"1448","comparison",48,1,6
"1449","methods,",49,1,6
"1450","individuals",50,1,6
"1451","without",51,1,6
"1452","a",52,1,6
"1453","statistical",53,1,6
"1454","background",54,1,6
"1455","may",55,1,6
"1456","struggle",56,1,6
"1457","with",57,1,6
"1458","the",58,1,6
"1459","statistical",59,1,6
"1460","concepts",60,1,6
"1461","and",61,1,6
"1462","language",62,1,6
"1463","necessary",63,1,6
"1464","for",64,1,6
"1465","describing",65,1,6
"1466","algorithmic",66,1,6
"1467","methods.",67,1,6
"1468","If",68,1.2,6
"1469","algorithms",69,1.4,6
"1470","are",70,1.6,6
"1471","to",71,1.8,6
"1472","be",72,2,6
"1473","used,",73,2,6
"1474","examiners",74,2,6
"1475","must",75,2,6
"1476","be",76,2,6
"1477","able",77,2,6
"1478","to",78,2,6
"1479","testify",79,2,6
"1480","about",80,2,6
"1481","their",81,2,6
"1482","use",82,2,6
"1483","in",83,2,6
"1484","a",84,2,6
"1485","way",85,2,6
"1486","that",86,2,6
"1487","is",87,2,6
"1488","accessible",88,1.97142857142857,6
"1489","to",89,1.77142857142857,6
"1490","the",90,1.57142857142857,6
"1491","jury.",91,1.37142857142857,6
"1492","In",92,1.37142857142857,6
"1493","a",93,1.4,6
"1494","series",94,1.6,6
"1495","of",95,1.77894736842105,6
"1496","studies,",96,1.57894736842105,6
"1497","we",97,1.17894736842105,6
"1498","conduct",98,0.778947368421053,6
"1499","an",99,0.662818336162988,6
"1500","assessment",100,0.683870967741935,6
"1501","of",101,1.08387096774194,6
"1502","language",102,1.48387096774194,6
"1503","and",103,1.88387096774194,6
"1504","supporting",104,2,6
"1505","visual",105,2,6
"1506","aids",106,2,6
"1507","which",107,2,6
"1508","might",108,2,6
"1509","be",109,2,6
"1510","used",110,2,6
"1511","to",111,2,6
"1512","explain",112,2,6
"1513","bullet",113,1.97333333333333,6
"1514","matching",114,1.57333333333333,6
"1515","algorithms.",115,1.17333333333333,6
"1516","In",116,0.773333333333333,6
"1517","the",117,0.373333333333333,6
"1518","initial",118,0,6
"1519","study,",119,0,6
"1520","we",120,0,6
"1521","encountered",121,0,6
"1522","a",122,0.148387096774194,6
"1523","response",123,0.148387096774194,6
"1524","type",124,0.148387096774194,6
"1525","calibration",125,0.148387096774194,6
"1526","issue",126,0.148387096774194,6
"1527","-",127,NA,6
"1528","individuals",128,0.2,6
"1529","thought",129,0.4,6
"1530","highly",130,0.6,6
"1531","of",131,0.8,6
"1532","the",132,1,6
"1533","forensic",133,1,6
"1534","witness",134,1,6
"1535","and",135,1,6
"1536","evidence",136,1,6
"1537","regardless",137,1,6
"1538","of",138,1,6
"1539","experimental",139,1,6
"1540","conditions,",140,1,6
"1541","'maxing",141,1,6
"1542","out'",142,1,6
"1543","Likert",143,1,6
"1544","response",144,1,6
"1545","scales",145,1,6
"1546","and",146,1,6
"1547","leaving",147,1,6
"1548","us",148,1,6
"1549","unable",149,1,6
"1550","to",150,1,6
"1551","tell",151,1,6
"1552","if",152,1,6
"1553","the",153,1,6
"1554","conditions",154,1,6
"1555","had",155,1,6
"1556","any",156,1,6
"1557","effect.",157,1,6
"1558","While",158,1,6
"1559","this",159,1,6
"1560","study",160,1,6
"1561","indicated",161,1,6
"1562","that",162,1,6
"1563","individuals",163,1,6
"1564","overall",164,1,6
"1565","found",165,1,6
"1566","the",166,1,6
"1567","testimony",167,1,6
"1568","to",168,1,6
"1569","be",169,1,6
"1570","reliable,",170,1,6
"1571","credible,",171,1,6
"1572","and",172,1,6
"1573","scientific,",173,1,6
"1574","it",174,1,6
"1575","did",175,1,6
"1576","not",176,1,6
"1577","readily",177,1,6
"1578","provide",178,1,6
"1579","information",179,1,6
"1580","about",180,1,6
"1581","our",181,0.8,6
"1582","question",182,0.6,6
"1583","of",183,0.4,6
"1584","interest.",184,0.2,6
"1585","Additional",185,0,6
"1586","data",186,0,6
"1587","from",187,0,6
"1588","this",188,0,6
"1589","study",189,0,6
"1590","was",190,0,6
"1591","found",191,0,6
"1592","in",192,0,6
"1593","the",193,0,6
"1594","participants'",194,0,6
"1595","note",195,0,6
"1596","pads.",196,0,6
"1597","Through",197,0,6
"1598","cleaning",198,0,6
"1599","sequential",199,0,6
"1600","notes",200,0,6
"1601","and",201,0,6
"1602","designing",202,0,6
"1603","a",203,0,6
"1604","method",204,0,6
"1605","for",205,0,6
"1606","highlighting",206,0,6
"1607","study",207,0,6
"1608","transcripts",208,0,6
"1609","according",209,0,6
"1610","to",210,0,6
"1611","the",211,0,6
"1612","frequency",212,0,6
"1613","of",213,0,6
"1614","collocations",214,0,6
"1615","in",215,0,6
"1616","participant",216,0,6
"1617","notes,",217,0,6
"1618","we",218,0,6
"1619","can",219,0,6
"1620","determine",220,0,6
"1621","which",221,0,6
"1622","portions",222,0,6
"1623","of",223,0,6
"1624","testimony",224,0,6
"1625","participants",225,0,6
"1626","found",226,0,6
"1627","'noteworthy'.",227,0,6
"1628","We",228,0,6
"1629","also",229,0,6
"1630","conducted",230,0,6
"1631","a",231,0.2,6
"1632","study",232,0.340740740740741,6
"1633","on",233,0.340740740740741,6
"1634","response",234,0.340740740740741,6
"1635","types",235,0.340740740740741,6
"1636","to",236,0.494074074074074,6
"1637","determine",237,0.553333333333333,6
"1638","the",238,0.753333333333333,6
"1639","consistency",239,0.953333333333333,6
"1640","of",240,1.15333333333333,6
"1641","participant",241,1,6
"1642","responses",242,1,6
"1643","across",243,1,6
"1644","response",244,1,6
"1645","types,",245,1,6
"1646","compare",246,1,6
"1647","a",247,1,6
"1648","variety",248,1,6
"1649","of",249,1,6
"1650","response",250,1,6
"1651","types,",251,1,6
"1652","and",252,1,6
"1653","determine",253,1,6
"1654","which",254,1,6
"1655","response",255,1,6
"1656","type",256,1,6
"1657","may",257,1,6
"1658","be",258,1,6
"1659","appropriately",259,1,6
"1660","calibrated",260,1,6
"1661","for",261,1,6
"1662","addressing",262,1,6
"1663","the",263,1,6
"1664","initial",264,1,6
"1665","research",265,1,6
"1666","question",266,1,6
"1667","of",267,1,6
"1668","jury",268,1,6
"1669","perception",269,1,6
"1670","of",270,1,6
"1671","algorithms",271,0.940425531914894,6
"1672","and",272,0.740425531914894,6
"1673","demonstrative",273,0.540425531914894,6
"1674","evidence.",274,0.340425531914894,6
"1675","The",275,0.340425531914894,6
"1676","response",276,0.4,6
"1677","types",277,0.6,6
"1678","used",278,0.8,6
"1679","in",279,1,6
"1680","this",280,1,6
"1681","investigation",281,1,6
"1682","include",282,1,6
"1683","the",283,1,6
"1684","participant's",284,1,6
"1685","interpretation",285,1,6
"1686","of",286,1.60685714285714,6
"1687","the",287,1.60685714285714,6
"1688","strength",288,1.60685714285714,6
"1689","of",289,1.60685714285714,6
"1690","evidence",290,1.60685714285714,6
"1691","(Likert",291,1,6
"1692","scale),",292,1,6
"1693","conviction",293,1,6
"1694","decision",294,1,6
"1695","(binary),",295,1,6
"1696","opinion",296,1,6
"1697","of",297,1,6
"1698","guilt",298,1,6
"1699","(binary),",299,1,6
"1700","willingness",300,1,6
"1701","to",301,1,6
"1702","bet",302,1,6
"1703","on",303,1,6
"1704","their",304,1,6
"1705","opinion",305,1,6
"1706","of",306,1,6
"1707","guilt",307,1,6
"1708","(numeric),",308,1,6
"1709","probability",309,1,6
"1710","of",310,1,6
"1711","guilt",311,1,6
"1712","(numeric),",312,1,6
"1713","and",313,1,6
"1714","chance",314,1,6
"1715","of",315,1,6
"1716","guilt",316,1,6
"1717","/innocence",317,1,6
"1718","(numeric",318,0.8,6
"1719","or",319,0.6,6
"1720","multiple",320,0.4,6
"1721","choice).",321,0.2,6
"1722","The",322,0,6
"1723","note",323,0,6
"1724","cleaning,",324,0,6
"1725","text",325,0,6
"1726","analysis,",326,0,6
"1727","and",327,0,6
"1728","testimony",328,0,6
"1729","tools",329,0,6
"1730","we",330,0,6
"1731","developed",331,0,6
"1732","throughout",332,0,6
"1733","this",333,0,6
"1734","series",334,0,6
"1735","of",335,0,6
"1736","experiments",336,0,6
"1737","will",337,0,6
"1738","benefit",338,0,6
"1739","our",339,0,6
"1740","future",340,0,6
"1741","research",341,0,6
"1742","in",342,0,6
"1743","jury",343,0,6
"1744","perception,",344,0,6
"1745","as",345,0,6
"1746","well",346,0,6
"1747","as",347,0,6
"1748","future",348,0,6
"1749","transcript",349,0,6
"1750","studies.",350,0,6
"1751","Subjective",1,2,7
"1752","pattern",2,2,7
"1753","comparison",3,2,7
"1754","has",4,2,7
"1755","been",5,2,7
"1756","subject",6,2,7
"1757","to",7,2,7
"1758","increased",8,2,7
"1759","scrutiny",9,2,7
"1760","by",10,2,7
"1761","the",11,2,7
"1762","courts",12,2,7
"1763","and",13,2,7
"1764","by",14,2,7
"1765","the",15,2,7
"1766","general",16,2,7
"1767","public,",17,2,7
"1768","resulting",18,2,7
"1769","in",19,2.61988405797101,7
"1770","an",20,2.61988405797101,7
"1771","increased",21,2.61988405797101,7
"1772","interest",22,2.61988405797101,7
"1773","in",23,2.61988405797101,7
"1774","pattern",24,2,7
"1775","comparison",25,2,7
"1776","algorithms",26,2,7
"1777","that",27,2,7
"1778","provide",28,2,7
"1779","quantitative",29,2,7
"1780","assessments",30,2,7
"1781","of",31,2,7
"1782","similarity",32,2,7
"1783","for",33,2,7
"1784","use",34,1.95,7
"1785","by",35,1.75,7
"1786","forensic",36,1.55,7
"1787","scientists.",37,1.35,7
"1788","While",38,1.15,7
"1789","these",39,1,7
"1790","algorithms",40,1,7
"1791","would",41,1,7
"1792","mark",42,1,7
"1793","an",43,1,7
"1794","improvement",44,1,7
"1795","over",45,1,7
"1796","current",46,1,7
"1797","subjective",47,1,7
"1798","comparison",48,1,7
"1799","methods,",49,1,7
"1800","individuals",50,1,7
"1801","without",51,1,7
"1802","a",52,1,7
"1803","statistical",53,1,7
"1804","background",54,1,7
"1805","may",55,1,7
"1806","struggle",56,1,7
"1807","with",57,1,7
"1808","the",58,1,7
"1809","statistical",59,1,7
"1810","concepts",60,1,7
"1811","and",61,1,7
"1812","language",62,1,7
"1813","necessary",63,1,7
"1814","for",64,1,7
"1815","describing",65,1,7
"1816","algorithmic",66,1,7
"1817","methods.",67,1,7
"1818","If",68,1.2,7
"1819","algorithms",69,1.4,7
"1820","are",70,1.6,7
"1821","to",71,1.8,7
"1822","be",72,2,7
"1823","used,",73,2,7
"1824","examiners",74,2,7
"1825","must",75,2,7
"1826","be",76,2,7
"1827","able",77,2,7
"1828","to",78,2,7
"1829","testify",79,2,7
"1830","about",80,2,7
"1831","their",81,2,7
"1832","use",82,2,7
"1833","in",83,2,7
"1834","a",84,2,7
"1835","way",85,2,7
"1836","that",86,2,7
"1837","is",87,2,7
"1838","accessible",88,1.97,7
"1839","to",89,1.77,7
"1840","the",90,1.57,7
"1841","jury.",91,1.37,7
"1842","In",92,1.37,7
"1843","a",93,1.4,7
"1844","series",94,1.6,7
"1845","of",95,1.77777777777778,7
"1846","studies,",96,1.57777777777778,7
"1847","we",97,1.17777777777778,7
"1848","conduct",98,0.777777777777778,7
"1849","an",99,0.657777777777778,7
"1850","assessment",100,0.68,7
"1851","of",101,1.08,7
"1852","language",102,1.48,7
"1853","and",103,1.88,7
"1854","supporting",104,2,7
"1855","visual",105,2,7
"1856","aids",106,2,7
"1857","which",107,2,7
"1858","might",108,2,7
"1859","be",109,2,7
"1860","used",110,2,7
"1861","to",111,2,7
"1862","explain",112,2,7
"1863","bullet",113,1.97241379310345,7
"1864","matching",114,1.57241379310345,7
"1865","algorithms.",115,1.17241379310345,7
"1866","In",116,0.772413793103448,7
"1867","the",117,0.372413793103448,7
"1868","initial",118,0,7
"1869","study,",119,0,7
"1870","we",120,0,7
"1871","encountered",121,0,7
"1872","a",122,0.146666666666667,7
"1873","response",123,0.146666666666667,7
"1874","type",124,0.146666666666667,7
"1875","calibration",125,0.146666666666667,7
"1876","issue",126,0.146666666666667,7
"1877","-",127,NA,7
"1878","individuals",128,0.2,7
"1879","thought",129,0.4,7
"1880","highly",130,0.6,7
"1881","of",131,0.8,7
"1882","the",132,1,7
"1883","forensic",133,1,7
"1884","witness",134,1,7
"1885","and",135,1,7
"1886","evidence",136,1,7
"1887","regardless",137,1,7
"1888","of",138,1,7
"1889","experimental",139,1,7
"1890","conditions,",140,1,7
"1891","'maxing",141,1,7
"1892","out'",142,1,7
"1893","Likert",143,1,7
"1894","response",144,1,7
"1895","scales",145,1,7
"1896","and",146,1,7
"1897","leaving",147,1,7
"1898","us",148,1,7
"1899","unable",149,1,7
"1900","to",150,1,7
"1901","tell",151,1,7
"1902","if",152,1,7
"1903","the",153,1,7
"1904","conditions",154,1,7
"1905","had",155,1,7
"1906","any",156,1,7
"1907","effect.",157,1,7
"1908","While",158,1,7
"1909","this",159,1,7
"1910","study",160,1,7
"1911","indicated",161,1,7
"1912","that",162,1,7
"1913","individuals",163,1,7
"1914","overall",164,1,7
"1915","found",165,1,7
"1916","the",166,1,7
"1917","testimony",167,1,7
"1918","to",168,1,7
"1919","be",169,1,7
"1920","reliable,",170,1,7
"1921","credible,",171,1,7
"1922","and",172,1,7
"1923","scientific,",173,1,7
"1924","it",174,1,7
"1925","did",175,1,7
"1926","not",176,1,7
"1927","readily",177,1,7
"1928","provide",178,1,7
"1929","information",179,1,7
"1930","about",180,1,7
"1931","our",181,0.8,7
"1932","question",182,0.6,7
"1933","of",183,0.4,7
"1934","interest.",184,0.2,7
"1935","Additional",185,0,7
"1936","data",186,0,7
"1937","from",187,0,7
"1938","this",188,0,7
"1939","study",189,0,7
"1940","was",190,0,7
"1941","found",191,0,7
"1942","in",192,0,7
"1943","the",193,0,7
"1944","participants'",194,0,7
"1945","note",195,0,7
"1946","pads.",196,0,7
"1947","Through",197,0,7
"1948","cleaning",198,0,7
"1949","sequential",199,0,7
"1950","notes",200,0,7
"1951","and",201,0,7
"1952","designing",202,0,7
"1953","a",203,0,7
"1954","method",204,0,7
"1955","for",205,0,7
"1956","highlighting",206,0,7
"1957","study",207,0,7
"1958","transcripts",208,0,7
"1959","according",209,0,7
"1960","to",210,0,7
"1961","the",211,0,7
"1962","frequency",212,0,7
"1963","of",213,0,7
"1964","collocations",214,0,7
"1965","in",215,0,7
"1966","participant",216,0,7
"1967","notes,",217,0,7
"1968","we",218,0,7
"1969","can",219,0,7
"1970","determine",220,0,7
"1971","which",221,0,7
"1972","portions",222,0,7
"1973","of",223,0,7
"1974","testimony",224,0,7
"1975","participants",225,0,7
"1976","found",226,0,7
"1977","'noteworthy'.",227,0,7
"1978","We",228,0,7
"1979","also",229,0,7
"1980","conducted",230,0,7
"1981","a",231,0.2,7
"1982","study",232,0.2,7
"1983","on",233,0.2,7
"1984","response",234,0.2,7
"1985","types",235,0.2,7
"1986","to",236,0.351724137931034,7
"1987","determine",237,0.551724137931034,7
"1988","the",238,0.751724137931035,7
"1989","consistency",239,0.951724137931034,7
"1990","of",240,1.15172413793103,7
"1991","participant",241,1,7
"1992","responses",242,1,7
"1993","across",243,1,7
"1994","response",244,1,7
"1995","types,",245,1,7
"1996","compare",246,1,7
"1997","a",247,1,7
"1998","variety",248,1,7
"1999","of",249,1,7
"2000","response",250,1,7
"2001","types,",251,1,7
"2002","and",252,1,7
"2003","determine",253,1,7
"2004","which",254,1,7
"2005","response",255,1,7
"2006","type",256,1,7
"2007","may",257,1,7
"2008","be",258,1,7
"2009","appropriately",259,1,7
"2010","calibrated",260,1,7
"2011","for",261,1,7
"2012","addressing",262,1,7
"2013","the",263,1,7
"2014","initial",264,1,7
"2015","research",265,1,7
"2016","question",266,1,7
"2017","of",267,1,7
"2018","jury",268,1,7
"2019","perception",269,1,7
"2020","of",270,1,7
"2021","algorithms",271,0.8,7
"2022","and",272,0.6,7
"2023","demonstrative",273,0.4,7
"2024","evidence.",274,0.2,7
"2025","The",275,0.2,7
"2026","response",276,0.4,7
"2027","types",277,0.6,7
"2028","used",278,0.8,7
"2029","in",279,1,7
"2030","this",280,1,7
"2031","investigation",281,1,7
"2032","include",282,1,7
"2033","the",283,1,7
"2034","participant's",284,1,7
"2035","interpretation",285,1,7
"2036","of",286,1.59907407407407,7
"2037","the",287,1.59907407407407,7
"2038","strength",288,1.59907407407407,7
"2039","of",289,1.59907407407407,7
"2040","evidence",290,1.59907407407407,7
"2041","(Likert",291,1,7
"2042","scale),",292,1,7
"2043","conviction",293,1,7
"2044","decision",294,1,7
"2045","(binary),",295,1,7
"2046","opinion",296,1,7
"2047","of",297,1,7
"2048","guilt",298,1,7
"2049","(binary),",299,1,7
"2050","willingness",300,1,7
"2051","to",301,1,7
"2052","bet",302,1,7
"2053","on",303,1,7
"2054","their",304,1,7
"2055","opinion",305,1,7
"2056","of",306,1,7
"2057","guilt",307,1,7
"2058","(numeric),",308,1,7
"2059","probability",309,1,7
"2060","of",310,1,7
"2061","guilt",311,1,7
"2062","(numeric),",312,1,7
"2063","and",313,1,7
"2064","chance",314,1,7
"2065","of",315,1,7
"2066","guilt",316,1,7
"2067","/innocence",317,1,7
"2068","(numeric",318,0.8,7
"2069","or",319,0.6,7
"2070","multiple",320,0.4,7
"2071","choice).",321,0.2,7
"2072","The",322,0,7
"2073","note",323,0,7
"2074","cleaning,",324,0,7
"2075","text",325,0,7
"2076","analysis,",326,0,7
"2077","and",327,0,7
"2078","testimony",328,0,7
"2079","tools",329,0,7
"2080","we",330,0,7
"2081","developed",331,0,7
"2082","throughout",332,0,7
"2083","this",333,0,7
"2084","series",334,0,7
"2085","of",335,0,7
"2086","experiments",336,0,7
"2087","will",337,0,7
"2088","benefit",338,0,7
"2089","our",339,0,7
"2090","future",340,0,7
"2091","research",341,0,7
"2092","in",342,0,7
"2093","jury",343,0,7
"2094","perception,",344,0,7
"2095","as",345,0,7
"2096","well",346,0,7
"2097","as",347,0,7
"2098","future",348,0,7
"2099","transcript",349,0,7
"2100","studies.",350,0,7
"2101","Subjective",1,2,8
"2102","pattern",2,2,8
"2103","comparison",3,2,8
"2104","has",4,2,8
"2105","been",5,2,8
"2106","subject",6,2,8
"2107","to",7,2,8
"2108","increased",8,2,8
"2109","scrutiny",9,2,8
"2110","by",10,2,8
"2111","the",11,2,8
"2112","courts",12,2,8
"2113","and",13,2,8
"2114","by",14,2,8
"2115","the",15,2,8
"2116","general",16,2,8
"2117","public,",17,2,8
"2118","resulting",18,2,8
"2119","in",19,2.61218708827404,8
"2120","an",20,2.61218708827404,8
"2121","increased",21,2.61218708827404,8
"2122","interest",22,2.61218708827404,8
"2123","in",23,2.61218708827404,8
"2124","pattern",24,2,8
"2125","comparison",25,2,8
"2126","algorithms",26,2,8
"2127","that",27,2,8
"2128","provide",28,2,8
"2129","quantitative",29,2,8
"2130","assessments",30,2,8
"2131","of",31,2,8
"2132","similarity",32,2,8
"2133","for",33,2,8
"2134","use",34,1.94814814814815,8
"2135","by",35,1.74814814814815,8
"2136","forensic",36,1.54814814814815,8
"2137","scientists.",37,1.34814814814815,8
"2138","While",38,1.14814814814815,8
"2139","these",39,1,8
"2140","algorithms",40,1,8
"2141","would",41,1,8
"2142","mark",42,1,8
"2143","an",43,1,8
"2144","improvement",44,1,8
"2145","over",45,1,8
"2146","current",46,1,8
"2147","subjective",47,1,8
"2148","comparison",48,1,8
"2149","methods,",49,1,8
"2150","individuals",50,1,8
"2151","without",51,1,8
"2152","a",52,1,8
"2153","statistical",53,1,8
"2154","background",54,1,8
"2155","may",55,1,8
"2156","struggle",56,1,8
"2157","with",57,1,8
"2158","the",58,1,8
"2159","statistical",59,1,8
"2160","concepts",60,1,8
"2161","and",61,1,8
"2162","language",62,1,8
"2163","necessary",63,1,8
"2164","for",64,1,8
"2165","describing",65,1,8
"2166","algorithmic",66,1,8
"2167","methods.",67,1,8
"2168","If",68,1.2,8
"2169","algorithms",69,1.4,8
"2170","are",70,1.6,8
"2171","to",71,1.8,8
"2172","be",72,2,8
"2173","used,",73,2,8
"2174","examiners",74,2,8
"2175","must",75,2,8
"2176","be",76,2,8
"2177","able",77,2,8
"2178","to",78,2,8
"2179","testify",79,2,8
"2180","about",80,2,8
"2181","their",81,2,8
"2182","use",82,2,8
"2183","in",83,2,8
"2184","a",84,2,8
"2185","way",85,2,8
"2186","that",86,2,8
"2187","is",87,2,8
"2188","accessible",88,1.96842105263158,8
"2189","to",89,1.76842105263158,8
"2190","the",90,1.56842105263158,8
"2191","jury.",91,1.36842105263158,8
"2192","In",92,1.36842105263158,8
"2193","a",93,1.4,8
"2194","series",94,1.6,8
"2195","of",95,1.77647058823529,8
"2196","studies,",96,1.57647058823529,8
"2197","we",97,1.17647058823529,8
"2198","conduct",98,0.776470588235294,8
"2199","an",99,0.376470588235294,8
"2200","assessment",100,0.4,8
"2201","of",101,0.8,8
"2202","language",102,1.2,8
"2203","and",103,1.6,8
"2204","supporting",104,2,8
"2205","visual",105,2,8
"2206","aids",106,2,8
"2207","which",107,2,8
"2208","might",108,2,8
"2209","be",109,2,8
"2210","used",110,2,8
"2211","to",111,2,8
"2212","explain",112,2,8
"2213","bullet",113,1.97142857142857,8
"2214","matching",114,1.57142857142857,8
"2215","algorithms.",115,1.17142857142857,8
"2216","In",116,0.771428571428571,8
"2217","the",117,0.371428571428571,8
"2218","initial",118,0,8
"2219","study,",119,0,8
"2220","we",120,0,8
"2221","encountered",121,0,8
"2222","a",122,0.144827586206897,8
"2223","response",123,0.144827586206897,8
"2224","type",124,0.144827586206897,8
"2225","calibration",125,0.144827586206897,8
"2226","issue",126,0.144827586206897,8
"2227","-",127,NA,8
"2228","individuals",128,0.2,8
"2229","thought",129,0.4,8
"2230","highly",130,0.6,8
"2231","of",131,0.8,8
"2232","the",132,1,8
"2233","forensic",133,1,8
"2234","witness",134,1,8
"2235","and",135,1,8
"2236","evidence",136,1,8
"2237","regardless",137,1,8
"2238","of",138,1,8
"2239","experimental",139,1,8
"2240","conditions,",140,1,8
"2241","'maxing",141,1,8
"2242","out'",142,1,8
"2243","Likert",143,1,8
"2244","response",144,1,8
"2245","scales",145,1,8
"2246","and",146,1,8
"2247","leaving",147,1,8
"2248","us",148,1,8
"2249","unable",149,1,8
"2250","to",150,1,8
"2251","tell",151,1,8
"2252","if",152,1,8
"2253","the",153,1,8
"2254","conditions",154,1,8
"2255","had",155,1,8
"2256","any",156,1,8
"2257","effect.",157,1,8
"2258","While",158,1,8
"2259","this",159,1,8
"2260","study",160,1,8
"2261","indicated",161,1,8
"2262","that",162,1,8
"2263","individuals",163,1,8
"2264","overall",164,1,8
"2265","found",165,1,8
"2266","the",166,1,8
"2267","testimony",167,1,8
"2268","to",168,1,8
"2269","be",169,1,8
"2270","reliable,",170,1,8
"2271","credible,",171,1,8
"2272","and",172,1,8
"2273","scientific,",173,1,8
"2274","it",174,1,8
"2275","did",175,1,8
"2276","not",176,1,8
"2277","readily",177,1,8
"2278","provide",178,1,8
"2279","information",179,1,8
"2280","about",180,1,8
"2281","our",181,0.8,8
"2282","question",182,0.6,8
"2283","of",183,0.4,8
"2284","interest.",184,0.2,8
"2285","Additional",185,0,8
"2286","data",186,0,8
"2287","from",187,0,8
"2288","this",188,0,8
"2289","study",189,0,8
"2290","was",190,0,8
"2291","found",191,0,8
"2292","in",192,0,8
"2293","the",193,0,8
"2294","participants'",194,0,8
"2295","note",195,0,8
"2296","pads.",196,0,8
"2297","Through",197,0,8
"2298","cleaning",198,0,8
"2299","sequential",199,0,8
"2300","notes",200,0,8
"2301","and",201,0,8
"2302","designing",202,0,8
"2303","a",203,0,8
"2304","method",204,0,8
"2305","for",205,0,8
"2306","highlighting",206,0,8
"2307","study",207,0,8
"2308","transcripts",208,0,8
"2309","according",209,0,8
"2310","to",210,0,8
"2311","the",211,0,8
"2312","frequency",212,0,8
"2313","of",213,0,8
"2314","collocations",214,0,8
"2315","in",215,0,8
"2316","participant",216,0,8
"2317","notes,",217,0,8
"2318","we",218,0,8
"2319","can",219,0,8
"2320","determine",220,0,8
"2321","which",221,0,8
"2322","portions",222,0,8
"2323","of",223,0,8
"2324","testimony",224,0,8
"2325","participants",225,0,8
"2326","found",226,0,8
"2327","'noteworthy'.",227,0,8
"2328","We",228,0,8
"2329","also",229,0,8
"2330","conducted",230,0,8
"2331","a",231,0.2,8
"2332","study",232,0.2,8
"2333","on",233,0.2,8
"2334","response",234,0.2,8
"2335","types",235,0.2,8
"2336","to",236,0.35,8
"2337","determine",237,0.55,8
"2338","the",238,0.75,8
"2339","consistency",239,0.95,8
"2340","of",240,1.15,8
"2341","participant",241,1,8
"2342","responses",242,1,8
"2343","across",243,1,8
"2344","response",244,1,8
"2345","types,",245,1,8
"2346","compare",246,1,8
"2347","a",247,1,8
"2348","variety",248,1,8
"2349","of",249,1,8
"2350","response",250,1,8
"2351","types,",251,1,8
"2352","and",252,1,8
"2353","determine",253,1,8
"2354","which",254,1,8
"2355","response",255,1,8
"2356","type",256,1,8
"2357","may",257,1,8
"2358","be",258,1,8
"2359","appropriately",259,1,8
"2360","calibrated",260,1,8
"2361","for",261,1,8
"2362","addressing",262,1,8
"2363","the",263,1,8
"2364","initial",264,1,8
"2365","research",265,1,8
"2366","question",266,1,8
"2367","of",267,1,8
"2368","jury",268,1,8
"2369","perception",269,1,8
"2370","of",270,1,8
"2371","algorithms",271,0.8,8
"2372","and",272,0.6,8
"2373","demonstrative",273,0.4,8
"2374","evidence.",274,0.2,8
"2375","The",275,0.2,8
"2376","response",276,0.4,8
"2377","types",277,0.6,8
"2378","used",278,0.8,8
"2379","in",279,1,8
"2380","this",280,1,8
"2381","investigation",281,1,8
"2382","include",282,1,8
"2383","the",283,1,8
"2384","participant's",284,1,8
"2385","interpretation",285,1,8
"2386","of",286,1.45217391304348,8
"2387","the",287,1.45217391304348,8
"2388","strength",288,1.45217391304348,8
"2389","of",289,1.45217391304348,8
"2390","evidence",290,1.45217391304348,8
"2391","(Likert",291,1,8
"2392","scale),",292,1,8
"2393","conviction",293,1,8
"2394","decision",294,1,8
"2395","(binary),",295,1,8
"2396","opinion",296,1,8
"2397","of",297,1,8
"2398","guilt",298,1,8
"2399","(binary),",299,1,8
"2400","willingness",300,1,8
"2401","to",301,1,8
"2402","bet",302,1,8
"2403","on",303,1,8
"2404","their",304,1,8
"2405","opinion",305,1,8
"2406","of",306,1,8
"2407","guilt",307,1,8
"2408","(numeric),",308,1,8
"2409","probability",309,1,8
"2410","of",310,1,8
"2411","guilt",311,1,8
"2412","(numeric),",312,1,8
"2413","and",313,1,8
"2414","chance",314,1,8
"2415","of",315,1,8
"2416","guilt",316,1,8
"2417","/innocence",317,1,8
"2418","(numeric",318,0.8,8
"2419","or",319,0.6,8
"2420","multiple",320,0.4,8
"2421","choice).",321,0.2,8
"2422","The",322,0,8
"2423","note",323,0,8
"2424","cleaning,",324,0,8
"2425","text",325,0,8
"2426","analysis,",326,0,8
"2427","and",327,0,8
"2428","testimony",328,0,8
"2429","tools",329,0,8
"2430","we",330,0,8
"2431","developed",331,0,8
"2432","throughout",332,0,8
"2433","this",333,0,8
"2434","series",334,0,8
"2435","of",335,0,8
"2436","experiments",336,0,8
"2437","will",337,0,8
"2438","benefit",338,0,8
"2439","our",339,0,8
"2440","future",340,0,8
"2441","research",341,0,8
"2442","in",342,0,8
"2443","jury",343,0,8
"2444","perception,",344,0,8
"2445","as",345,0,8
"2446","well",346,0,8
"2447","as",347,0,8
"2448","future",348,0,8
"2449","transcript",349,0,8
"2450","studies.",350,0,8
"2451","Subjective",1,2,9
"2452","pattern",2,2,9
"2453","comparison",3,2,9
"2454","has",4,2,9
"2455","been",5,2,9
"2456","subject",6,2,9
"2457","to",7,2,9
"2458","increased",8,2,9
"2459","scrutiny",9,2,9
"2460","by",10,2,9
"2461","the",11,2,9
"2462","courts",12,2,9
"2463","and",13,2,9
"2464","by",14,2,9
"2465","the",15,2,9
"2466","general",16,2,9
"2467","public,",17,2,9
"2468","resulting",18,2,9
"2469","in",19,2.32554112554113,9
"2470","an",20,2.32554112554113,9
"2471","increased",21,2.32554112554113,9
"2472","interest",22,2.32554112554113,9
"2473","in",23,2.32554112554113,9
"2474","pattern",24,2,9
"2475","comparison",25,2,9
"2476","algorithms",26,2,9
"2477","that",27,2,9
"2478","provide",28,2,9
"2479","quantitative",29,2,9
"2480","assessments",30,2,9
"2481","of",31,2,9
"2482","similarity",32,2,9
"2483","for",33,2,9
"2484","use",34,1.94615384615385,9
"2485","by",35,1.74615384615385,9
"2486","forensic",36,1.54615384615385,9
"2487","scientists.",37,1.34615384615385,9
"2488","While",38,1.14615384615385,9
"2489","these",39,1,9
"2490","algorithms",40,1,9
"2491","would",41,1,9
"2492","mark",42,1,9
"2493","an",43,1,9
"2494","improvement",44,1,9
"2495","over",45,1,9
"2496","current",46,1,9
"2497","subjective",47,1,9
"2498","comparison",48,1,9
"2499","methods,",49,1,9
"2500","individuals",50,1,9
"2501","without",51,1,9
"2502","a",52,1,9
"2503","statistical",53,1,9
"2504","background",54,1,9
"2505","may",55,1,9
"2506","struggle",56,1,9
"2507","with",57,1,9
"2508","the",58,1,9
"2509","statistical",59,1,9
"2510","concepts",60,1,9
"2511","and",61,1,9
"2512","language",62,1,9
"2513","necessary",63,1,9
"2514","for",64,1,9
"2515","describing",65,1,9
"2516","algorithmic",66,1,9
"2517","methods.",67,1,9
"2518","If",68,1.2,9
"2519","algorithms",69,1.4,9
"2520","are",70,1.6,9
"2521","to",71,1.8,9
"2522","be",72,2,9
"2523","used,",73,2,9
"2524","examiners",74,2,9
"2525","must",75,2,9
"2526","be",76,2,9
"2527","able",77,2,9
"2528","to",78,2,9
"2529","testify",79,2,9
"2530","about",80,2,9
"2531","their",81,2,9
"2532","use",82,2,9
"2533","in",83,2,9
"2534","a",84,2,9
"2535","way",85,2,9
"2536","that",86,2,9
"2537","is",87,2,9
"2538","accessible",88,1.96666666666667,9
"2539","to",89,1.76666666666667,9
"2540","the",90,1.56666666666667,9
"2541","jury.",91,1.36666666666667,9
"2542","In",92,1.36666666666667,9
"2543","a",93,1.4,9
"2544","series",94,1.6,9
"2545","of",95,1.775,9
"2546","studies,",96,1.575,9
"2547","we",97,1.175,9
"2548","conduct",98,0.775,9
"2549","an",99,0.375,9
"2550","assessment",100,0.4,9
"2551","of",101,0.8,9
"2552","language",102,1.2,9
"2553","and",103,1.6,9
"2554","supporting",104,2,9
"2555","visual",105,2,9
"2556","aids",106,2,9
"2557","which",107,2,9
"2558","might",108,2,9
"2559","be",109,2,9
"2560","used",110,2,9
"2561","to",111,2,9
"2562","explain",112,2,9
"2563","bullet",113,1.97037037037037,9
"2564","matching",114,1.57037037037037,9
"2565","algorithms.",115,1.17037037037037,9
"2566","In",116,0.77037037037037,9
"2567","the",117,0.37037037037037,9
"2568","initial",118,0,9
"2569","study,",119,0,9
"2570","we",120,0,9
"2571","encountered",121,0,9
"2572","a",122,0.142857142857143,9
"2573","response",123,0.142857142857143,9
"2574","type",124,0.142857142857143,9
"2575","calibration",125,0.142857142857143,9
"2576","issue",126,0.142857142857143,9
"2577","-",127,NA,9
"2578","individuals",128,0.2,9
"2579","thought",129,0.4,9
"2580","highly",130,0.6,9
"2581","of",131,0.8,9
"2582","the",132,1,9
"2583","forensic",133,1,9
"2584","witness",134,1,9
"2585","and",135,1,9
"2586","evidence",136,1,9
"2587","regardless",137,1,9
"2588","of",138,1,9
"2589","experimental",139,1,9
"2590","conditions,",140,1,9
"2591","'maxing",141,1,9
"2592","out'",142,1,9
"2593","Likert",143,1,9
"2594","response",144,1,9
"2595","scales",145,1,9
"2596","and",146,1,9
"2597","leaving",147,1,9
"2598","us",148,1,9
"2599","unable",149,1,9
"2600","to",150,1,9
"2601","tell",151,1,9
"2602","if",152,1,9
"2603","the",153,1,9
"2604","conditions",154,1,9
"2605","had",155,1,9
"2606","any",156,1,9
"2607","effect.",157,1,9
"2608","While",158,1,9
"2609","this",159,1,9
"2610","study",160,1,9
"2611","indicated",161,1,9
"2612","that",162,1,9
"2613","individuals",163,1,9
"2614","overall",164,1,9
"2615","found",165,1,9
"2616","the",166,1,9
"2617","testimony",167,1,9
"2618","to",168,1,9
"2619","be",169,1,9
"2620","reliable,",170,1,9
"2621","credible,",171,1,9
"2622","and",172,1,9
"2623","scientific,",173,1,9
"2624","it",174,1,9
"2625","did",175,1,9
"2626","not",176,1,9
"2627","readily",177,1,9
"2628","provide",178,1,9
"2629","information",179,1,9
"2630","about",180,1,9
"2631","our",181,0.8,9
"2632","question",182,0.6,9
"2633","of",183,0.4,9
"2634","interest.",184,0.2,9
"2635","Additional",185,0,9
"2636","data",186,0,9
"2637","from",187,0,9
"2638","this",188,0,9
"2639","study",189,0,9
"2640","was",190,0,9
"2641","found",191,0,9
"2642","in",192,0,9
"2643","the",193,0,9
"2644","participants'",194,0,9
"2645","note",195,0,9
"2646","pads.",196,0,9
"2647","Through",197,0,9
"2648","cleaning",198,0,9
"2649","sequential",199,0,9
"2650","notes",200,0,9
"2651","and",201,0,9
"2652","designing",202,0,9
"2653","a",203,0,9
"2654","method",204,0,9
"2655","for",205,0,9
"2656","highlighting",206,0,9
"2657","study",207,0,9
"2658","transcripts",208,0,9
"2659","according",209,0,9
"2660","to",210,0,9
"2661","the",211,0,9
"2662","frequency",212,0,9
"2663","of",213,0,9
"2664","collocations",214,0,9
"2665","in",215,0,9
"2666","participant",216,0,9
"2667","notes,",217,0,9
"2668","we",218,0,9
"2669","can",219,0,9
"2670","determine",220,0,9
"2671","which",221,0,9
"2672","portions",222,0,9
"2673","of",223,0,9
"2674","testimony",224,0,9
"2675","participants",225,0,9
"2676","found",226,0,9
"2677","'noteworthy'.",227,0,9
"2678","We",228,0,9
"2679","also",229,0,9
"2680","conducted",230,0,9
"2681","a",231,0.2,9
"2682","study",232,0.2,9
"2683","on",233,0.2,9
"2684","response",234,0.2,9
"2685","types",235,0.2,9
"2686","to",236,0.348148148148148,9
"2687","determine",237,0.548148148148148,9
"2688","the",238,0.748148148148148,9
"2689","consistency",239,0.948148148148148,9
"2690","of",240,1.14814814814815,9
"2691","participant",241,1,9
"2692","responses",242,1,9
"2693","across",243,1,9
"2694","response",244,1,9
"2695","types,",245,1,9
"2696","compare",246,1,9
"2697","a",247,1,9
"2698","variety",248,1,9
"2699","of",249,1,9
"2700","response",250,1,9
"2701","types,",251,1,9
"2702","and",252,1,9
"2703","determine",253,1,9
"2704","which",254,1,9
"2705","response",255,1,9
"2706","type",256,1,9
"2707","may",257,1,9
"2708","be",258,1,9
"2709","appropriately",259,1,9
"2710","calibrated",260,1,9
"2711","for",261,1,9
"2712","addressing",262,1,9
"2713","the",263,1,9
"2714","initial",264,1,9
"2715","research",265,1,9
"2716","question",266,1,9
"2717","of",267,1,9
"2718","jury",268,1,9
"2719","perception",269,1,9
"2720","of",270,1,9
"2721","algorithms",271,0.8,9
"2722","and",272,0.6,9
"2723","demonstrative",273,0.4,9
"2724","evidence.",274,0.2,9
"2725","The",275,0.2,9
"2726","response",276,0.4,9
"2727","types",277,0.6,9
"2728","used",278,0.8,9
"2729","in",279,1,9
"2730","this",280,1,9
"2731","investigation",281,1,9
"2732","include",282,1,9
"2733","the",283,1,9
"2734","participant's",284,1,9
"2735","interpretation",285,1,9
"2736","of",286,1.44545454545455,9
"2737","the",287,1.44545454545455,9
"2738","strength",288,1.44545454545455,9
"2739","of",289,1.44545454545455,9
"2740","evidence",290,1.44545454545455,9
"2741","(Likert",291,1,9
"2742","scale),",292,1,9
"2743","conviction",293,1,9
"2744","decision",294,1,9
"2745","(binary),",295,1,9
"2746","opinion",296,1,9
"2747","of",297,1,9
"2748","guilt",298,1,9
"2749","(binary),",299,1,9
"2750","willingness",300,1,9
"2751","to",301,1,9
"2752","bet",302,1,9
"2753","on",303,1,9
"2754","their",304,1,9
"2755","opinion",305,1,9
"2756","of",306,1,9
"2757","guilt",307,1,9
"2758","(numeric),",308,1,9
"2759","probability",309,1,9
"2760","of",310,1,9
"2761","guilt",311,1,9
"2762","(numeric),",312,1,9
"2763","and",313,1,9
"2764","chance",314,1,9
"2765","of",315,1,9
"2766","guilt",316,1,9
"2767","/innocence",317,1,9
"2768","(numeric",318,0.8,9
"2769","or",319,0.6,9
"2770","multiple",320,0.4,9
"2771","choice).",321,0.2,9
"2772","The",322,0,9
"2773","note",323,0,9
"2774","cleaning,",324,0,9
"2775","text",325,0,9
"2776","analysis,",326,0,9
"2777","and",327,0,9
"2778","testimony",328,0,9
"2779","tools",329,0,9
"2780","we",330,0,9
"2781","developed",331,0,9
"2782","throughout",332,0,9
"2783","this",333,0,9
"2784","series",334,0,9
"2785","of",335,0,9
"2786","experiments",336,0,9
"2787","will",337,0,9
"2788","benefit",338,0,9
"2789","our",339,0,9
"2790","future",340,0,9
"2791","research",341,0,9
"2792","in",342,0,9
"2793","jury",343,0,9
"2794","perception,",344,0,9
"2795","as",345,0,9
"2796","well",346,0,9
"2797","as",347,0,9
"2798","future",348,0,9
"2799","transcript",349,0,9
"2800","studies.",350,0,9
"2801","Subjective",1,2,10
"2802","pattern",2,2,10
"2803","comparison",3,2,10
"2804","has",4,2,10
"2805","been",5,2,10
"2806","subject",6,2,10
"2807","to",7,2,10
"2808","increased",8,2,10
"2809","scrutiny",9,2,10
"2810","by",10,2,10
"2811","the",11,2,10
"2812","courts",12,2,10
"2813","and",13,2,10
"2814","by",14,2,10
"2815","the",15,2,10
"2816","general",16,2,10
"2817","public,",17,2,10
"2818","resulting",18,2,10
"2819","in",19,2.32190476190476,10
"2820","an",20,2.32190476190476,10
"2821","increased",21,2.32190476190476,10
"2822","interest",22,2.32190476190476,10
"2823","in",23,2.32190476190476,10
"2824","pattern",24,2,10
"2825","comparison",25,2,10
"2826","algorithms",26,2,10
"2827","that",27,2,10
"2828","provide",28,2,10
"2829","quantitative",29,2,10
"2830","assessments",30,2,10
"2831","of",31,2,10
"2832","similarity",32,2,10
"2833","for",33,2,10
"2834","use",34,1.944,10
"2835","by",35,1.744,10
"2836","forensic",36,1.544,10
"2837","scientists.",37,1.344,10
"2838","While",38,1.144,10
"2839","these",39,1,10
"2840","algorithms",40,1,10
"2841","would",41,1,10
"2842","mark",42,1,10
"2843","an",43,1,10
"2844","improvement",44,1,10
"2845","over",45,1,10
"2846","current",46,1,10
"2847","subjective",47,1,10
"2848","comparison",48,1,10
"2849","methods,",49,1,10
"2850","individuals",50,1,10
"2851","without",51,1,10
"2852","a",52,1,10
"2853","statistical",53,1,10
"2854","background",54,1,10
"2855","may",55,1,10
"2856","struggle",56,1,10
"2857","with",57,1,10
"2858","the",58,1,10
"2859","statistical",59,1,10
"2860","concepts",60,1,10
"2861","and",61,1,10
"2862","language",62,1,10
"2863","necessary",63,1,10
"2864","for",64,1,10
"2865","describing",65,1,10
"2866","algorithmic",66,1,10
"2867","methods.",67,1,10
"2868","If",68,1.2,10
"2869","algorithms",69,1.4,10
"2870","are",70,1.6,10
"2871","to",71,1.8,10
"2872","be",72,2,10
"2873","used,",73,2,10
"2874","examiners",74,2,10
"2875","must",75,2,10
"2876","be",76,2,10
"2877","able",77,2,10
"2878","to",78,2,10
"2879","testify",79,2,10
"2880","about",80,2,10
"2881","their",81,2,10
"2882","use",82,2,10
"2883","in",83,2,10
"2884","a",84,2,10
"2885","way",85,2,10
"2886","that",86,2,10
"2887","is",87,2,10
"2888","accessible",88,1.96470588235294,10
"2889","to",89,1.76470588235294,10
"2890","the",90,1.56470588235294,10
"2891","jury.",91,1.36470588235294,10
"2892","In",92,1.36470588235294,10
"2893","a",93,1.4,10
"2894","series",94,1.6,10
"2895","of",95,1.77333333333333,10
"2896","studies,",96,1.57333333333333,10
"2897","we",97,1.17333333333333,10
"2898","conduct",98,0.773333333333333,10
"2899","an",99,0.373333333333333,10
"2900","assessment",100,0.4,10
"2901","of",101,0.8,10
"2902","language",102,1.2,10
"2903","and",103,1.6,10
"2904","supporting",104,2,10
"2905","visual",105,2,10
"2906","aids",106,2,10
"2907","which",107,2,10
"2908","might",108,2,10
"2909","be",109,2,10
"2910","used",110,2,10
"2911","to",111,2,10
"2912","explain",112,2,10
"2913","bullet",113,1.96923076923077,10
"2914","matching",114,1.56923076923077,10
"2915","algorithms.",115,1.16923076923077,10
"2916","In",116,0.769230769230769,10
"2917","the",117,0.369230769230769,10
"2918","initial",118,0,10
"2919","study,",119,0,10
"2920","we",120,0,10
"2921","encountered",121,0,10
"2922","a",122,0.140740740740741,10
"2923","response",123,0.140740740740741,10
"2924","type",124,0.140740740740741,10
"2925","calibration",125,0.140740740740741,10
"2926","issue",126,0.140740740740741,10
"2927","-",127,NA,10
"2928","individuals",128,0.2,10
"2929","thought",129,0.4,10
"2930","highly",130,0.6,10
"2931","of",131,0.8,10
"2932","the",132,1,10
"2933","forensic",133,1,10
"2934","witness",134,1,10
"2935","and",135,1,10
"2936","evidence",136,1,10
"2937","regardless",137,1,10
"2938","of",138,1,10
"2939","experimental",139,1,10
"2940","conditions,",140,1,10
"2941","'maxing",141,1,10
"2942","out'",142,1,10
"2943","Likert",143,1,10
"2944","response",144,1,10
"2945","scales",145,1,10
"2946","and",146,1,10
"2947","leaving",147,1,10
"2948","us",148,1,10
"2949","unable",149,1,10
"2950","to",150,1,10
"2951","tell",151,1,10
"2952","if",152,1,10
"2953","the",153,1,10
"2954","conditions",154,1,10
"2955","had",155,1,10
"2956","any",156,1,10
"2957","effect.",157,1,10
"2958","While",158,1,10
"2959","this",159,1,10
"2960","study",160,1,10
"2961","indicated",161,1,10
"2962","that",162,1,10
"2963","individuals",163,1,10
"2964","overall",164,1,10
"2965","found",165,1,10
"2966","the",166,1,10
"2967","testimony",167,1,10
"2968","to",168,1,10
"2969","be",169,1,10
"2970","reliable,",170,1,10
"2971","credible,",171,1,10
"2972","and",172,1,10
"2973","scientific,",173,1,10
"2974","it",174,1,10
"2975","did",175,1,10
"2976","not",176,1,10
"2977","readily",177,1,10
"2978","provide",178,1,10
"2979","information",179,1,10
"2980","about",180,1,10
"2981","our",181,0.8,10
"2982","question",182,0.6,10
"2983","of",183,0.4,10
"2984","interest.",184,0.2,10
"2985","Additional",185,0,10
"2986","data",186,0,10
"2987","from",187,0,10
"2988","this",188,0,10
"2989","study",189,0,10
"2990","was",190,0,10
"2991","found",191,0,10
"2992","in",192,0,10
"2993","the",193,0,10
"2994","participants'",194,0,10
"2995","note",195,0,10
"2996","pads.",196,0,10
"2997","Through",197,0,10
"2998","cleaning",198,0,10
"2999","sequential",199,0,10
"3000","notes",200,0,10
"3001","and",201,0,10
"3002","designing",202,0,10
"3003","a",203,0,10
"3004","method",204,0,10
"3005","for",205,0,10
"3006","highlighting",206,0,10
"3007","study",207,0,10
"3008","transcripts",208,0,10
"3009","according",209,0,10
"3010","to",210,0,10
"3011","the",211,0,10
"3012","frequency",212,0,10
"3013","of",213,0,10
"3014","collocations",214,0,10
"3015","in",215,0,10
"3016","participant",216,0,10
"3017","notes,",217,0,10
"3018","we",218,0,10
"3019","can",219,0,10
"3020","determine",220,0,10
"3021","which",221,0,10
"3022","portions",222,0,10
"3023","of",223,0,10
"3024","testimony",224,0,10
"3025","participants",225,0,10
"3026","found",226,0,10
"3027","'noteworthy'.",227,0,10
"3028","We",228,0,10
"3029","also",229,0,10
"3030","conducted",230,0,10
"3031","a",231,0.2,10
"3032","study",232,0.2,10
"3033","on",233,0.2,10
"3034","response",234,0.2,10
"3035","types",235,0.2,10
"3036","to",236,0.346153846153846,10
"3037","determine",237,0.546153846153846,10
"3038","the",238,0.746153846153846,10
"3039","consistency",239,0.946153846153846,10
"3040","of",240,1.14615384615385,10
"3041","participant",241,1,10
"3042","responses",242,1,10
"3043","across",243,1,10
"3044","response",244,1,10
"3045","types,",245,1,10
"3046","compare",246,1,10
"3047","a",247,1,10
"3048","variety",248,1,10
"3049","of",249,1,10
"3050","response",250,1,10
"3051","types,",251,1,10
"3052","and",252,1,10
"3053","determine",253,1,10
"3054","which",254,1,10
"3055","response",255,1,10
"3056","type",256,1,10
"3057","may",257,1,10
"3058","be",258,1,10
"3059","appropriately",259,1,10
"3060","calibrated",260,1,10
"3061","for",261,1,10
"3062","addressing",262,1,10
"3063","the",263,1,10
"3064","initial",264,1,10
"3065","research",265,1,10
"3066","question",266,1,10
"3067","of",267,1,10
"3068","jury",268,1,10
"3069","perception",269,1,10
"3070","of",270,1,10
"3071","algorithms",271,0.8,10
"3072","and",272,0.6,10
"3073","demonstrative",273,0.4,10
"3074","evidence.",274,0.2,10
"3075","The",275,0.2,10
"3076","response",276,0.4,10
"3077","types",277,0.6,10
"3078","used",278,0.8,10
"3079","in",279,1,10
"3080","this",280,1,10
"3081","investigation",281,1,10
"3082","include",282,1,10
"3083","the",283,1,10
"3084","participant's",284,1,10
"3085","interpretation",285,1,10
"3086","of",286,1.43809523809524,10
"3087","the",287,1.43809523809524,10
"3088","strength",288,1.43809523809524,10
"3089","of",289,1.43809523809524,10
"3090","evidence",290,1.43809523809524,10
"3091","(Likert",291,1,10
"3092","scale),",292,1,10
"3093","conviction",293,1,10
"3094","decision",294,1,10
"3095","(binary),",295,1,10
"3096","opinion",296,1,10
"3097","of",297,1,10
"3098","guilt",298,1,10
"3099","(binary),",299,1,10
"3100","willingness",300,1,10
"3101","to",301,1,10
"3102","bet",302,1,10
"3103","on",303,1,10
"3104","their",304,1,10
"3105","opinion",305,1,10
"3106","of",306,1,10
"3107","guilt",307,1,10
"3108","(numeric),",308,1,10
"3109","probability",309,1,10
"3110","of",310,1,10
"3111","guilt",311,1,10
"3112","(numeric),",312,1,10
"3113","and",313,1,10
"3114","chance",314,1,10
"3115","of",315,1,10
"3116","guilt",316,1,10
"3117","/innocence",317,1,10
"3118","(numeric",318,0.8,10
"3119","or",319,0.6,10
"3120","multiple",320,0.4,10
"3121","choice).",321,0.2,10
"3122","The",322,0,10
"3123","note",323,0,10
"3124","cleaning,",324,0,10
"3125","text",325,0,10
"3126","analysis,",326,0,10
"3127","and",327,0,10
"3128","testimony",328,0,10
"3129","tools",329,0,10
"3130","we",330,0,10
"3131","developed",331,0,10
"3132","throughout",332,0,10
"3133","this",333,0,10
"3134","series",334,0,10
"3135","of",335,0,10
"3136","experiments",336,0,10
"3137","will",337,0,10
"3138","benefit",338,0,10
"3139","our",339,0,10
"3140","future",340,0,10
"3141","research",341,0,10
"3142","in",342,0,10
"3143","jury",343,0,10
"3144","perception,",344,0,10
"3145","as",345,0,10
"3146","well",346,0,10
"3147","as",347,0,10
"3148","future",348,0,10
"3149","transcript",349,0,10
"3150","studies.",350,0,10
