<?xml version="1.0" encoding="UTF-8"?>
<metadata xml:lang="en"><Esri><CreaDate>20210825</CreaDate><CreaTime>14173700</CreaTime><ArcGISFormat>1.0</ArcGISFormat><SyncOnce>TRUE</SyncOnce><DataProperties><lineage><Process ToolSource="c:\program files\arcgis\pro\Resources\ArcToolbox\toolboxes\Conversion Tools.tbx\FeatureClassToFeatureClass" Date="20210825" Time="141737">FeatureClassToFeatureClass Xios_OT_5701010101 C:\Users\mbats\SynologyDrive\data\ELSTAST_spatial\Chios\chios_pop_OT chios_pop_OT.shp # "ESYECODE "ESYECODE" true true false 9 Long 0 9,First,#,Xios_OT_5701010101,Xios_OT_5701010101.ESYECODE,-1,-1;area "area" true true false 10 Double 2 9,First,#,Xios_OT_5701010101,Xios_OT_5701010101.area,-1,-1;code "code" true true false 255 Text 0 0,First,#,Xios_OT_5701010101,Φύλλο2$.code,0,255;pop "pop" true true false 255 Text 0 0,First,#,Xios_OT_5701010101,Φύλλο2$.pop,0,255;cd "cd" true true false 8 Double 0 0,First,#,Xios_OT_5701010101,Φύλλο2$.cd,-1,-1;ObjectID "ObjectID" false true false 4 Long 0 9,First,#,Xios_OT_5701010101,Φύλλο2$.ObjectID,-1,-1" #</Process></lineage></DataProperties></Esri></metadata>
