"ZEIT";"RAUMID";"BEZ";"PGR";"BZR";"PLR";"STADTRAUM";"MH_E";"HK_EU15";"HK_EU28";"HK_Polen";"HK_EheJug";"HK_EheSU";"HK_Turk";"HK_Arab";"HK_Sonst";"HK_NZOrd"
"201512";"03010104";"03";"01";"01";"04";"2";43,00;18,00;37,00;6,00;0,00;0,00;3,00;0,00;3,00;0,00
"201512";"03020203";"03";"02";"02";"03";"2";97,00;18,00;44,00;16,00;0,00;10,00;9,00;0,00;25,00;9,00
"201512";"03020209";"03";"02";"02";"09";"2";1849,00;371,00;818,00;215,00;29,00;202,00;73,00;82,00;589,00;56,00
"201512";"03020210";"03";"02";"02";"10";"2";1039,00;127,00;396,00;140,00;46,00;189,00;84,00;100,00;187,00;37,00
"201512";"03020307";"03";"02";"03";"07";"2";1799,00;140,00;613,00;312,00;48,00;628,00;129,00;90,00;253,00;38,00
"201512";"03030405";"03";"03";"04";"05";"2";941,00;92,00;376,00;188,00;50,00;334,00;19,00;37,00;113,00;12,00
"201512";"03030406";"03";"03";"04";"06";"2";488,00;88,00;192,00;68,00;18,00;142,00;3,00;22,00;102,00;9,00
"201512";"03030711";"03";"03";"07";"11";"2";321,00;33,00;115,00;67,00;10,00;63,00;15,00;28,00;65,00;25,00
"201512";"03030715";"03";"03";"07";"15";"2";592,00;51,00;183,00;51,00;12,00;66,00;49,00;102,00;154,00;26,00
"201512";"03030716";"03";"03";"07";"16";"2";27,00;0,00;12,00;6,00;0,00;6,00;0,00;0,00;9,00;0,00
"201512";"03040508";"03";"04";"05";"08";"2";855,00;88,00;268,00;119,00;24,00;191,00;170,00;33,00;118,00;51,00
"201512";"03040512";"03";"04";"05";"12";"2";1118,00;194,00;445,00;137,00;49,00;133,00;167,00;49,00;199,00;76,00
"201512";"03040513";"03";"04";"05";"13";"2";409,00;126,00;217,00;60,00;15,00;43,00;24,00;3,00;92,00;15,00
"201512";"03040614";"03";"04";"06";"14";"2";3964,00;960,00;1861,00;509,00;111,00;537,00;127,00;198,00;1005,00;125,00
"201512";"03040818";"03";"04";"08";"18";"2";4333,00;1021,00;1931,00;460,00;243,00;533,00;94,00;364,00;1101,00;67,00
"201512";"03050919";"03";"05";"09";"19";"2";968,00;41,00;128,00;56,00;313,00;100,00;12,00;194,00;212,00;9,00
"201512";"03050920";"03";"05";"09";"20";"2";873,00;223,00;458,00;89,00;18,00;97,00;25,00;55,00;205,00;15,00
"201512";"03050923";"03";"05";"09";"23";"2";1402,00;380,00;736,00;191,00;36,00;145,00;55,00;72,00;333,00;25,00
"201512";"03050924";"03";"05";"09";"24";"2";1061,00;234,00;543,00;119,00;77,00;91,00;43,00;67,00;231,00;9,00
"201512";"03050925";"03";"05";"09";"25";"2";1243,00;277,00;536,00;110,00;36,00;191,00;25,00;74,00;356,00;25,00
"201512";"03051017";"03";"05";"10";"17";"2";714,00;122,00;259,00;54,00;19,00;132,00;15,00;163,00;123,00;3,00
"201512";"03051021";"03";"05";"10";"21";"2";596,00;64,00;196,00;70,00;64,00;134,00;15,00;39,00;139,00;9,00
"201512";"03051022";"03";"05";"10";"22";"2";253,00;36,00;102,00;54,00;18,00;39,00;6,00;17,00;65,00;6,00
"201512";"03061126";"03";"06";"11";"26";"1";3487,00;1252,00;1798,00;248,00;88,00;276,00;79,00;215,00;960,00;71,00
"201512";"03061131";"03";"06";"11";"31";"1";2915,00;1245,00;1620,00;177,00;28,00;187,00;39,00;103,00;900,00;38,00
"201512";"03061227";"03";"06";"12";"27";"1";3177,00;1191,00;1626,00;208,00;69,00;217,00;75,00;117,00;1008,00;65,00
"201512";"03061228";"03";"06";"12";"28";"1";2300,00;687,00;1122,00;180,00;50,00;198,00;67,00;114,00;705,00;44,00
"201512";"03061332";"03";"06";"13";"32";"1";6102,00;2521,00;3227,00;318,00;84,00;395,00;107,00;229,00;1968,00;92,00
"201512";"03061429";"03";"06";"14";"29";"1";1114,00;130,00;376,00;126,00;28,00;139,00;50,00;48,00;445,00;28,00
"201512";"03061430";"03";"06";"14";"30";"1";856,00;61,00;125,00;40,00;106,00;83,00;21,00;243,00;278,00;0,00
"201512";"03061434";"03";"06";"14";"34";"1";1244,00;380,00;612,00;123,00;21,00;144,00;29,00;42,00;375,00;21,00
"201512";"03061435";"03";"06";"14";"35";"1";883,00;219,00;381,00;65,00;27,00;76,00;7,00;62,00;308,00;22,00
"201512";"03061441";"03";"06";"14";"41";"1";559,00;138,00;249,00;56,00;19,00;93,00;0,00;13,00;176,00;9,00
"201512";"03071536";"03";"07";"15";"36";"1";3455,00;1388,00;1754,00;159,00;45,00;238,00;75,00;84,00;1204,00;55,00
"201512";"03071537";"03";"07";"15";"37";"1";4596,00;1791,00;2337,00;211,00;116,00;334,00;52,00;224,00;1477,00;56,00
"201512";"03071633";"03";"07";"16";"33";"1";554,00;90,00;185,00;46,00;15,00;97,00;33,00;31,00;187,00;6,00
"201512";"03071638";"03";"07";"16";"38";"1";4776,00;1872,00;2510,00;283,00;85,00;371,00;107,00;159,00;1479,00;65,00
"201512";"03071639";"03";"07";"16";"39";"1";2904,00;988,00;1447,00;233,00;71,00;191,00;97,00;162,00;889,00;47,00
"201512";"04010101";"04";"01";"01";"01";"2";4568,00;358,00;1630,00;960,00;206,00;386,00;754,00;480,00;841,00;271,00
"201512";"04010102";"04";"01";"01";"02";"2";288,00;9,00;115,00;43,00;81,00;9,00;9,00;27,00;37,00;10,00
"201512";"04010103";"04";"01";"01";"03";"2";3769,00;110,00;982,00;680,00;185,00;572,00;798,00;451,00;443,00;338,00
"201512";"04020204";"04";"02";"02";"04";"2";66,00;22,00;31,00;3,00;7,00;0,00;0,00;7,00;21,00;0,00
"201512";"04020205";"04";"02";"02";"05";"2";296,00;78,00;118,00;22,00;24,00;28,00;12,00;21,00;93,00;0,00
"201512";"04020206";"04";"02";"02";"06";"2";517,00;89,00;192,00;67,00;25,00;49,00;30,00;47,00;147,00;27,00
"201512";"04020207";"04";"02";"02";"07";"2";703,00;159,00;298,00;69,00;13,00;59,00;45,00;39,00;204,00;45,00
"201512";"04020208";"04";"02";"02";"08";"2";680,00;173,00;322,00;84,00;10,00;64,00;27,00;23,00;204,00;30,00
"201512";"04020209";"04";"02";"02";"09";"2";1154,00;286,00;484,00;97,00;13,00;130,00;40,00;51,00;399,00;37,00
"201512";"04020310";"04";"02";"03";"10";"2";302,00;15,00;71,00;29,00;3,00;16,00;16,00;53,00;139,00;4,00
"201512";"04020311";"04";"02";"03";"11";"2";3894,00;819,00;1544,00;404,00;124,00;372,00;321,00;383,00;916,00;234,00
"201512";"04020312";"04";"02";"03";"12";"2";1468,00;255,00;489,00;112,00;84,00;164,00;83,00;155,00;414,00;79,00
"201512";"04020313";"04";"02";"03";"13";"2";2844,00;373,00;911,00;256,00;362,00;238,00;245,00;339,00;631,00;118,00
"201512";"04020314";"04";"02";"03";"14";"2";15,00;6,00;9,00;3,00;0,00;0,00;0,00;0,00;6,00;0,00
"201512";"04030415";"04";"03";"04";"15";"1";1369,00;151,00;461,00;146,00;53,00;139,00;97,00;203,00;349,00;67,00
"201512";"04030416";"04";"03";"04";"16";"1";4844,00;600,00;1289,00;342,00;200,00;366,00;1171,00;440,00;975,00;403,00
"201512";"04030417";"04";"03";"04";"17";"1";3950,00;788,00;1451,00;338,00;216,00;403,00;433,00;326,00;870,00;251,00
"201512";"04030518";"04";"03";"05";"18";"1";3938,00;584,00;1195,00;358,00;169,00;292,00;644,00;409,00;929,00;300,00
"201512";"04030519";"04";"03";"05";"19";"1";2386,00;407,00;828,00;274,00;110,00;182,00;310,00;233,00;567,00;156,00
"201512";"04030620";"04";"03";"06";"20";"1";3581,00;486,00;1229,00;388,00;166,00;451,00;358,00;355,00;755,00;267,00
"201512";"04030621";"04";"03";"06";"21";"1";1536,00;230,00;554,00;180,00;116,00;214,00;189,00;86,00;298,00;79,00
"201512";"04030622";"04";"03";"06";"22";"1";4583,00;757,00;1524,00;391,00;219,00;511,00;569,00;428,00;1032,00;300,00
"201512";"04030623";"04";"03";"06";"23";"1";2488,00;323,00;647,00;162,00;97,00;515,00;224,00;235,00;600,00;170,00
"201512";"04030724";"04";"03";"07";"24";"1";2117,00;483,00;852,00;234,00;84,00;253,00;155,00;135,00;545,00;93,00
"201512";"04030725";"04";"03";"07";"25";"1";4562,00;1122,00;1850,00;341,00;297,00;413,00;253,00;246,00;1286,00;217,00
"201512";"04030726";"04";"03";"07";"26";"1";2214,00;444,00;862,00;175,00;89,00;297,00;125,00;217,00;541,00;83,00
"201512";"04030827";"04";"03";"08";"27";"1";6155,00;1126,00;2157,00;405,00;342,00;512,00;543,00;873,00;1456,00;272,00
"201512";"04030828";"04";"03";"08";"28";"1";3901,00;964,00;1456,00;258,00;213,00;308,00;284,00;280,00;1160,00;200,00
"201512";"04030929";"04";"03";"09";"29";"1";2319,00;587,00;959,00;197,00;97,00;258,00;122,00;141,00;624,00;118,00
"201512";"04030930";"04";"03";"09";"30";"1";2351,00;597,00;873,00;140,00;94,00;232,00;135,00;243,00;636,00;138,00
"201512";"04030931";"04";"03";"09";"31";"1";1995,00;395,00;671,00;147,00;70,00;307,00;97,00;285,00;479,00;86,00
"201512";"01011101";"01";"01";"11";"01";"1";1698,00;331,00;532,00;88,00;45,00;277,00;77,00;217,00;442,00;108,00
"201512";"01011102";"01";"01";"11";"02";"1";75,00;27,00;42,00;6,00;0,00;6,00;0,00;3,00;21,00;3,00
"201512";"01011103";"01";"01";"11";"03";"1";3180,00;440,00;975,00;203,00;152,00;365,00;282,00;537,00;693,00;176,00
"201512";"01011104";"01";"01";"11";"04";"1";2908,00;417,00;752,00;150,00;74,00;243,00;456,00;574,00;637,00;172,00
"201512";"01011105";"01";"01";"11";"05";"1";622,00;98,00;164,00;33,00;6,00;160,00;18,00;124,00;144,00;6,00
"201512";"01011201";"01";"01";"12";"01";"1";1000,00;144,00;293,00;16,00;6,00;263,00;35,00;149,00;203,00;51,00
"201512";"01011202";"01";"01";"12";"02";"1";245,00;76,00;101,00;6,00;15,00;23,00;12,00;0,00;94,00;0,00
"201512";"01011203";"01";"01";"12";"03";"1";481,00;106,00;178,00;18,00;3,00;182,00;17,00;9,00;89,00;3,00
"201512";"01011204";"01";"01";"12";"04";"1";2776,00;469,00;1009,00;154,00;61,00;506,00;87,00;352,00;681,00;80,00
"201512";"01011301";"01";"01";"13";"01";"1";2314,00;656,00;1022,00;141,00;46,00;282,00;61,00;124,00;736,00;43,00
"201512";"01011302";"01";"01";"13";"02";"1";4439,00;1656,00;2169,00;208,00;95,00;366,00;187,00;192,00;1361,00;69,00
"201512";"01011303";"01";"01";"13";"03";"1";3518,00;883,00;1284,00;172,00;78,00;378,00;95,00;323,00;1248,00;112,00
"201512";"01011304";"01";"01";"13";"04";"1";2771,00;399,00;648,00;105,00;179,00;277,00;210,00;225,00;1120,00;112,00
"201512";"01011305";"01";"01";"13";"05";"1";2304,00;390,00;664,00;88,00;36,00;381,00;150,00;203,00;780,00;90,00
"201512";"01011306";"01";"01";"13";"06";"1";3145,00;586,00;1056,00;183,00;145,00;266,00;508,00;220,00;762,00;188,00
"201512";"01011401";"01";"01";"14";"01";"1";5833,00;2164,00;2866,00;277,00;170,00;499,00;160,00;337,00;1697,00;104,00
"201512";"01011402";"01";"01";"14";"02";"1";4479,00;1926,00;2396,00;213,00;45,00;338,00;95,00;122,00;1415,00;68,00
"201512";"01022101";"01";"02";"21";"01";"1";1750,00;234,00;738,00;295,00;100,00;72,00;145,00;344,00;251,00;100,00
"201512";"01022102";"01";"02";"21";"02";"1";3655,00;456,00;1275,00;404,00;228,00;131,00;580,00;587,00;636,00;218,00
"201512";"01022103";"01";"02";"21";"03";"1";165,00;12,00;35,00;13,00;3,00;3,00;30,00;15,00;63,00;16,00
"201512";"01022104";"01";"02";"21";"04";"1";8443,00;1242,00;2780,00;860,00;491,00;446,00;1454,00;1059,00;1700,00;513,00
"201512";"01022105";"01";"02";"21";"05";"1";2967,00;326,00;932,00;222,00;200,00;163,00;564,00;473,00;435,00;200,00
"201512";"01022106";"01";"02";"21";"06";"1";3872,00;697,00;1326,00;295,00;195,00;343,00;398,00;510,00;875,00;225,00
"201512";"01022201";"01";"02";"22";"01";"1";5097,00;836,00;1650,00;357,00;259,00;291,00;1039,00;598,00;922,00;338,00
"201512";"01022202";"01";"02";"22";"02";"1";976,00;54,00;108,00;32,00;21,00;52,00;368,00;166,00;113,00;148,00
"201512";"01022203";"01";"02";"22";"03";"1";3925,00;352,00;925,00;299,00;281,00;244,00;1076,00;632,00;403,00;364,00
"201512";"01022204";"01";"02";"22";"04";"1";2225,00;498,00;931,00;228,00;64,00;220,00;273,00;244,00;411,00;82,00
"201512";"01022205";"01";"02";"22";"05";"1";1837,00;145,00;369,00;143,00;140,00;307,00;279,00;310,00;276,00;156,00
"201512";"01022206";"01";"02";"22";"06";"1";1150,00;218,00;454,00;134,00;27,00;101,00;144,00;119,00;221,00;84,00
"201512";"01022207";"01";"02";"22";"07";"1";2420,00;507,00;944,00;201,00;64,00;254,00;131,00;130,00;810,00;87,00
"201512";"01033101";"01";"03";"31";"01";"1";15905,00;1533,00;4587,00;1174,00;1317,00;706,00;4384,00;1832,00;2060,00;1019,00
"201512";"01033102";"01";"03";"31";"02";"1";6902,00;634,00;1798,00;442,00;485,00;227,00;2354,00;820,00;726,00;492,00
"201512";"01033201";"01";"03";"32";"01";"1";8438,00;517,00;1321,00;400,00;297,00;589,00;3286,00;1383,00;738,00;824,00
"201512";"01033202";"01";"03";"32";"02";"1";5270,00;381,00;1071,00;438,00;228,00;394,00;1815,00;579,00;605,00;578,00
"201512";"01033203";"01";"03";"32";"03";"1";8768,00;838,00;2265,00;659,00;595,00;502,00;2483,00;1148,00;1185,00;590,00
"201512";"01044101";"01";"04";"41";"01";"1";9103,00;1088,00;3081,00;945,00;563,00;396,00;2206,00;853,00;1400,00;604,00
"201512";"01044102";"01";"04";"41";"02";"1";5811,00;612,00;2006,00;838,00;481,00;257,00;1350,00;534,00;744,00;439,00
"201512";"01044103";"01";"04";"41";"03";"1";3980,00;590,00;1349,00;337,00;216,00;227,00;833,00;378,00;754,00;223,00
"201512";"01044201";"01";"04";"42";"01";"1";15665,00;1437,00;4124,00;1047,00;1200,00;625,00;4495,00;2097,00;2041,00;1083,00
"201512";"01044202";"01";"04";"42";"02";"1";9421,00;1213,00;2954,00;809,00;446,00;368,00;1636,00;1291,00;2235,00;491,00
"201512";"01044203";"01";"04";"42";"03";"1";9070,00;1116,00;2960,00;798,00;564,00;295,00;2622,00;857,00;1286,00;486,00
"201512";"02010101";"02";"01";"01";"01";"1";4253,00;423,00;896,00;199,00;108,00;380,00;910,00;835,00;806,00;318,00
"201512";"02010102";"02";"01";"01";"02";"1";8888,00;735,00;1470,00;335,00;297,00;551,00;3048,00;1572,00;881,00;1069,00
"201512";"02010103";"02";"01";"01";"03";"1";10563,00;629,00;1323,00;383,00;299,00;245,00;5624,00;909,00;830,00;1333,00
"201512";"02010104";"02";"01";"01";"04";"1";3231,00;309,00;458,00;58,00;58,00;38,00;1482,00;455,00;290,00;450,00
"201512";"02020201";"02";"02";"02";"01";"1";286,00;49,00;90,00;9,00;3,00;24,00;22,00;28,00;116,00;3,00
"201512";"02020202";"02";"02";"02";"02";"1";2361,00;548,00;828,00;137,00;87,00;83,00;419,00;311,00;480,00;153,00
"201512";"02020203";"02";"02";"02";"03";"1";3929,00;1168,00;1664,00;230,00;174,00;83,00;644,00;357,00;791,00;216,00
"201512";"02020204";"02";"02";"02";"04";"1";4954,00;1270,00;1951,00;321,00;218,00;178,00;945,00;406,00;968,00;288,00
"201512";"02020205";"02";"02";"02";"05";"1";5870,00;1557,00;2180,00;255,00;144,00;131,00;1362,00;320,00;1286,00;447,00
"201512";"02020206";"02";"02";"02";"06";"1";8517,00;2107,00;2925,00;314,00;253,00;203,00;1982,00;1047,00;1589,00;518,00
"201512";"02030301";"02";"03";"03";"01";"1";5732,00;826,00;1058,00;62,00;81,00;48,00;3100,00;271,00;590,00;584,00
"201512";"02030302";"02";"03";"03";"02";"1";6981,00;1264,00;1764,00;177,00;145,00;96,00;3066,00;383,00;950,00;577,00
"201512";"02030401";"02";"03";"04";"01";"1";7030,00;1750,00;2328,00;253,00;199,00;128,00;2153,00;406,00;1340,00;476,00
"201512";"02030402";"02";"03";"04";"02";"1";5498,00;1419,00;1893,00;196,00;117,00;109,00;1856,00;200,00;949,00;374,00
"201512";"02040501";"02";"04";"05";"01";"1";1223,00;141,00;281,00;51,00;49,00;219,00;24,00;100,00;492,00;58,00
"201512";"02040502";"02";"04";"05";"02";"1";1669,00;356,00;636,00;115,00;62,00;189,00;47,00;92,00;572,00;71,00
"201512";"02040503";"02";"04";"05";"03";"1";2353,00;747,00;1093,00;163,00;95,00;167,00;79,00;76,00;761,00;82,00
"201512";"02040701";"02";"04";"07";"01";"1";4015,00;466,00;937,00;210,00;322,00;578,00;258,00;309,00;1467,00;144,00
"201512";"02040702";"02";"04";"07";"02";"1";2296,00;807,00;1141,00;151,00;51,00;191,00;62,00;127,00;675,00;49,00
"201512";"02040703";"02";"04";"07";"03";"1";708,00;93,00;409,00;48,00;27,00;54,00;59,00;33,00;114,00;12,00
"201512";"02050601";"02";"05";"06";"01";"1";2263,00;723,00;1039,00;150,00;71,00;165,00;57,00;115,00;770,00;46,00
"201512";"02050602";"02";"05";"06";"02";"1";5121,00;1923,00;2663,00;321,00;158,00;411,00;155,00;198,00;1450,00;86,00
"201512";"02050801";"02";"05";"08";"01";"1";5323,00;1867,00;2543,00;303,00;250,00;332,00;114,00;238,00;1696,00;150,00
"201512";"02050802";"02";"05";"08";"02";"1";5231,00;2308,00;3049,00;356,00;96,00;347,00;130,00;155,00;1338,00;116,00
"201512";"02050803";"02";"05";"08";"03";"1";1693,00;552,00;872,00;150,00;33,00;134,00;81,00;83,00;426,00;64,00
"201512";"02050804";"02";"05";"08";"04";"1";748,00;168,00;319,00;68,00;36,00;50,00;25,00;83,00;208,00;27,00
"201512";"03010101";"03";"01";"01";"01";"2";384,00;55,00;193,00;64,00;22,00;55,00;12,00;33,00;63,00;6,00
"201512";"03010102";"03";"01";"01";"02";"2";1562,00;100,00;386,00;206,00;250,00;306,00;42,00;175,00;386,00;17,00
"201512";"04031032";"04";"03";"10";"32";"1";5537,00;1088,00;2170,00;543,00;278,00;771,00;331,00;347,00;1339,00;301,00
"201512";"04041133";"04";"04";"11";"33";"2";6,00;0,00;0,00;0,00;0,00;0,00;0,00;0,00;6,00;0,00
"201512";"04041134";"04";"04";"11";"34";"2";1834,00;355,00;652,00;151,00;57,00;341,00;110,00;68,00;515,00;91,00
"201512";"04041135";"04";"04";"11";"35";"2";881,00;118,00;244,00;47,00;24,00;249,00;34,00;45,00;254,00;31,00
"201512";"04041136";"04";"04";"11";"36";"2";925,00;162,00;330,00;94,00;26,00;201,00;39,00;39,00;244,00;46,00
"201512";"04041137";"04";"04";"11";"37";"2";2631,00;339,00;957,00;380,00;169,00;444,00;184,00;213,00;499,00;165,00
"201512";"04041238";"04";"04";"12";"38";"2";1635,00;257,00;547,00;182,00;65,00;227,00;161,00;99,00;375,00;161,00
"201512";"04041239";"04";"04";"12";"39";"2";97,00;9,00;27,00;3,00;9,00;18,00;0,00;18,00;19,00;6,00
"201512";"04041240";"04";"04";"12";"40";"2";400,00;80,00;146,00;18,00;29,00;66,00;6,00;15,00;126,00;12,00
"201512";"04041241";"04";"04";"12";"41";"2";1636,00;296,00;563,00;162,00;49,00;218,00;91,00;257,00;393,00;65,00
"201512";"04041342";"04";"04";"13";"42";"2";1183,00;130,00;470,00;254,00;60,00;150,00;104,00;59,00;279,00;61,00
"201512";"04041343";"04";"04";"13";"43";"2";1001,00;155,00;313,00;89,00;41,00;139,00;82,00;31,00;330,00;65,00
"201512";"04041344";"04";"04";"13";"44";"2";2673,00;585,00;1061,00;235,00;132,00;229,00;126,00;146,00;841,00;138,00
"201512";"04051445";"04";"05";"14";"45";"1";2541,00;318,00;816,00;281,00;164,00;264,00;214,00;354,00;572,00;157,00
"201512";"04051446";"04";"05";"14";"46";"1";4256,00;854,00;1591,00;373,00;169,00;804,00;189,00;241,00;1009,00;253,00
"201512";"04051447";"04";"05";"14";"47";"1";2063,00;414,00;788,00;166,00;96,00;268,00;109,00;161,00;540,00;101,00
"201512";"04051448";"04";"05";"14";"48";"1";3876,00;801,00;1415,00;306,00;134,00;450,00;337,00;326,00;1027,00;187,00
"201512";"04051549";"04";"05";"15";"49";"1";2108,00;275,00;588,00;146,00;220,00;155,00;163,00;487,00;387,00;108,00
"201512";"04051550";"04";"05";"15";"50";"1";2025,00;380,00;765,00;204,00;87,00;198,00;195,00;123,00;528,00;129,00
"201512";"04051551";"04";"05";"15";"51";"1";1664,00;228,00;609,00;179,00;85,00;206,00;139,00;113,00;382,00;130,00
"201512";"04051652";"04";"05";"16";"52";"1";3474,00;795,00;1348,00;271,00;81,00;378,00;201,00;384,00;910,00;172,00
"201512";"04051653";"04";"05";"16";"53";"1";2545,00;507,00;979,00;222,00;121,00;268,00;254,00;193,00;558,00;172,00
"201512";"04051654";"04";"05";"16";"54";"1";1007,00;148,00;339,00;90,00;68,00;132,00;64,00;74,00;272,00;58,00
"201512";"04051655";"04";"05";"16";"55";"1";2805,00;479,00;920,00;262,00;193,00;312,00;230,00;359,00;573,00;218,00
"201512";"04051656";"04";"05";"16";"56";"1";2220,00;448,00;893,00;223,00;118,00;159,00;166,00;161,00;608,00;115,00
"201512";"04061757";"04";"06";"17";"57";"2";6,00;0,00;3,00;3,00;0,00;0,00;0,00;3,00;0,00;0,00
"201512";"05010101";"05";"01";"01";"01";"2";2821,00;161,00;764,00;449,00;130,00;211,00;337,00;715,00;502,00;162,00
"201512";"05010102";"05";"01";"01";"02";"2";1091,00;135,00;467,00;229,00;66,00;129,00;145,00;49,00;199,00;36,00
"201512";"05010103";"05";"01";"01";"03";"2";1068,00;141,00;409,00;203,00;64,00;102,00;192,00;60,00;162,00;79,00
"201512";"05010204";"05";"01";"02";"04";"2";1147,00;60,00;229,00;136,00;43,00;396,00;84,00;144,00;212,00;39,00
"201512";"05010205";"05";"01";"02";"05";"2";474,00;42,00;112,00;44,00;78,00;32,00;106,00;22,00;76,00;48,00
"201512";"05010206";"05";"01";"02";"06";"2";3143,00;134,00;968,00;636,00;124,00;825,00;617,00;159,00;220,00;230,00
"201512";"05010207";"05";"01";"02";"07";"2";5231,00;144,00;1369,00;967,00;128,00;1577,00;1107,00;329,00;343,00;378,00
"201512";"05010208";"05";"01";"02";"08";"2";2168,00;126,00;758,00;415,00;108,00;262,00;443,00;174,00;315,00;108,00
"201512";"05010209";"05";"01";"02";"09";"2";1625,00;118,00;432,00;206,00;114,00;162,00;380,00;117,00;222,00;198,00
"201512";"05010310";"05";"01";"03";"10";"2";1140,00;63,00;416,00;188,00;116,00;89,00;222,00;120,00;119,00;58,00
"201512";"05010311";"05";"01";"03";"11";"2";2810,00;101,00;484,00;155,00;189,00;464,00;757,00;445,00;273,00;198,00
"201512";"05010312";"05";"01";"03";"12";"2";3488,00;202,00;1252,00;367,00;344,00;212,00;692,00;375,00;373,00;240,00
"201512";"05010313";"05";"01";"03";"13";"2";2444,00;249,00;799,00;273,00;240,00;210,00;440,00;268,00;305,00;182,00
"201512";"05010314";"05";"01";"03";"14";"2";4039,00;286,00;1432,00;679,00;336,00;451,00;688,00;317,00;500,00;315,00
"201512";"05010339";"05";"01";"03";"39";"2";475,00;6,00;33,00;12,00;151,00;61,00;18,00;90,00;104,00;18,00
"201512";"05020415";"05";"02";"04";"15";"2";713,00;88,00;298,00;183,00;22,00;93,00;96,00;23,00;102,00;79,00
"201512";"05020416";"05";"02";"04";"16";"2";86,00;16,00;49,00;30,00;0,00;9,00;9,00;0,00;16,00;3,00
"201512";"05020417";"05";"02";"04";"17";"2";1487,00;93,00;475,00;220,00;119,00;169,00;213,00;156,00;223,00;132,00
"201512";"05020418";"05";"02";"04";"18";"2";725,00;66,00;274,00;139,00;62,00;70,00;78,00;84,00;115,00;42,00
"201512";"05020419";"05";"02";"04";"19";"2";1609,00;124,00;615,00;342,00;113,00;225,00;212,00;148,00;189,00;107,00
"201512";"05020420";"05";"02";"04";"20";"2";135,00;15,00;45,00;27,00;12,00;9,00;21,00;15,00;15,00;18,00
"201512";"05020521";"05";"02";"05";"21";"2";730,00;43,00;182,00;66,00;49,00;85,00;143,00;46,00;145,00;80,00
"201512";"05020522";"05";"02";"05";"22";"2";2905,00;121,00;977,00;525,00;152,00;384,00;328,00;335,00;603,00;126,00
"201512";"05020523";"05";"02";"05";"23";"2";5744,00;296,00;1353,00;759,00;253,00;1576,00;997,00;636,00;620,00;309,00
"201512";"05020524";"05";"02";"05";"24";"2";969,00;123,00;399,00;196,00;37,00;110,00;100,00;67,00;212,00;44,00
"201512";"05020625";"05";"02";"06";"25";"2";2187,00;173,00;711,00;269,00;153,00;344,00;337,00;186,00;321,00;135,00
"201512";"05020626";"05";"02";"06";"26";"2";5754,00;467,00;1838,00;776,00;439,00;351,00;885,00;908,00;1005,00;328,00
"201512";"05020627";"05";"02";"06";"27";"2";1366,00;100,00;383,00;177,00;182,00;82,00;200,00;218,00;212,00;89,00
"201512";"05020628";"05";"02";"06";"28";"2";405,00;25,00;119,00;70,00;24,00;47,00;107,00;22,00;46,00;40,00
"201512";"05020629";"05";"02";"06";"29";"2";594,00;141,00;289,00;101,00;27,00;51,00;60,00;37,00;102,00;28,00
"201512";"05030730";"05";"03";"07";"30";"2";2003,00;100,00;536,00;358,00;61,00;195,00;514,00;142,00;256,00;299,00
"201512";"05030731";"05";"03";"07";"31";"2";4511,00;277,00;1548,00;993,00;226,00;705,00;840,00;402,00;420,00;370,00
"201512";"05030832";"05";"03";"08";"32";"2";4624,00;319,00;1418,00;735,00;405,00;251,00;889,00;464,00;810,00;387,00
"201512";"05030833";"05";"03";"08";"33";"2";1008,00;6,00;45,00;21,00;114,00;68,00;69,00;513,00;168,00;31,00
"201512";"05040934";"05";"04";"09";"34";"2";1041,00;115,00;228,00;72,00;161,00;109,00;49,00;257,00;222,00;15,00
"201512";"05040935";"05";"04";"09";"35";"2";96,00;18,00;30,00;12,00;0,00;3,00;3,00;33,00;27,00;0,00
"201512";"05040936";"05";"04";"09";"36";"2";1511,00;265,00;582,00;211,00;39,00;122,00;172,00;123,00;364,00;109,00
"201512";"05040937";"05";"04";"09";"37";"2";272,00;38,00;90,00;43,00;15,00;18,00;21,00;6,00;86,00;36,00
"201512";"05040938";"05";"04";"09";"38";"2";387,00;137,00;229,00;70,00;0,00;35,00;15,00;26,00;73,00;9,00
"201512";"06010101";"06";"01";"01";"01";"2";1477,00;311,00;622,00;171,00;62,00;123,00;129,00;40,00;430,00;71,00
"201512";"06010102";"06";"01";"01";"02";"2";2847,00;476,00;1028,00;284,00;182,00;277,00;275,00;213,00;705,00;167,00
"201512";"06010103";"06";"01";"01";"03";"2";1844,00;360,00;707,00;201,00;135,00;145,00;185,00;106,00;445,00;121,00
"201512";"06010204";"06";"01";"02";"04";"2";2075,00;226,00;685,00;297,00;160,00;159,00;361,00;121,00;421,00;168,00
"201512";"06010205";"06";"01";"02";"05";"2";2632,00;335,00;910,00;401,00;169,00;247,00;375,00;178,00;570,00;183,00
"201512";"06010206";"06";"01";"02";"06";"2";1891,00;228,00;707,00;242,00;119,00;242,00;175,00;136,00;402,00;110,00
"201512";"06010207";"06";"01";"02";"07";"2";2253,00;333,00;786,00;327,00;146,00;204,00;228,00;217,00;536,00;136,00
"201512";"06010208";"06";"01";"02";"08";"2";1765,00;279,00;659,00;231,00;93,00;168,00;187,00;101,00;413,00;144,00
"201512";"06010209";"06";"01";"02";"09";"2";2593,00;390,00;921,00;303,00;223,00;201,00;339,00;192,00;568,00;149,00
"201512";"06010210";"06";"01";"02";"10";"2";1217,00;139,00;400,00;156,00;79,00;127,00;169,00;101,00;247,00;94,00
"201512";"06020301";"06";"02";"03";"01";"2";996,00;115,00;419,00;213,00;63,00;96,00;99,00;68,00;197,00;54,00
"201512";"06020302";"06";"02";"03";"02";"2";1099,00;180,00;488,00;205,00;67,00;93,00;72,00;64,00;230,00;85,00
"201512";"06020303";"06";"02";"03";"03";"2";1946,00;182,00;731,00;389,00;148,00;155,00;288,00;149,00;324,00;151,00
"201512";"06020304";"06";"02";"03";"04";"2";1653,00;182,00;620,00;295,00;138,00;148,00;239,00;76,00;323,00;109,00
"201512";"06020305";"06";"02";"03";"05";"2";3377,00;441,00;1282,00;607,00;114,00;436,00;532,00;219,00;539,00;255,00
"201512";"06020306";"06";"02";"03";"06";"2";1087,00;128,00;429,00;222,00;77,00;66,00;148,00;61,00;223,00;83,00
"201512";"06020407";"06";"02";"04";"07";"2";2371,00;239,00;688,00;391,00;73,00;357,00;317,00;285,00;535,00;116,00
"201512";"06020408";"06";"02";"04";"08";"2";1551,00;168,00;496,00;248,00;147,00;108,00;141,00;217,00;340,00;102,00
"201512";"06020409";"06";"02";"04";"09";"2";1787,00;265,00;743,00;319,00;93,00;164,00;177,00;60,00;450,00;100,00
"201512";"06020410";"06";"02";"04";"10";"2";1173,00;243,00;483,00;151,00;31,00;75,00;103,00;68,00;347,00;66,00
"201512";"06020411";"06";"02";"04";"11";"2";1678,00;223,00;769,00;423,00;70,00;100,00;173,00;89,00;287,00;190,00
"201512";"06030501";"06";"03";"05";"01";"2";1230,00;168,00;324,00;92,00;89,00;110,00;60,00;187,00;415,00;45,00
"201512";"06030502";"06";"03";"05";"02";"2";1041,00;148,00;446,00;174,00;32,00;118,00;105,00;60,00;217,00;63,00
"201512";"06030503";"06";"03";"05";"03";"2";2754,00;397,00;889,00;303,00;86,00;301,00;206,00;161,00;955,00;156,00
"201512";"06030504";"06";"03";"05";"04";"2";2095,00;408,00;785,00;198,00;49,00;163,00;91,00;134,00;794,00;79,00
"201512";"06030605";"06";"03";"06";"05";"2";1706,00;327,00;657,00;191,00;111,00;130,00;96,00;110,00;532,00;70,00
"201512";"06030606";"06";"03";"06";"06";"2";1563,00;194,00;458,00;158,00;114,00;106,00;219,00;129,00;440,00;97,00
"201512";"06030607";"06";"03";"06";"07";"2";1137,00;274,00;514,00;95,00;41,00;73,00;73,00;54,00;306,00;76,00
"201512";"06030608";"06";"03";"06";"08";"2";2904,00;484,00;1006,00;319,00;141,00;220,00;223,00;207,00;948,00;159,00
"201512";"06030609";"06";"03";"06";"09";"2";2522,00;506,00;994,00;278,00;157,00;177,00;240,00;213,00;616,00;125,00
"201512";"06030610";"06";"03";"06";"10";"2";1631,00;419,00;702,00;127,00;72,00;130,00;90,00;76,00;500,00;61,00
"201512";"06040701";"06";"04";"07";"01";"2";1758,00;389,00;704,00;209,00;54,00;165,00;77,00;117,00;586,00;55,00
"201512";"06040702";"06";"04";"07";"02";"2";990,00;170,00;306,00;76,00;30,00;88,00;67,00;93,00;331,00;75,00
"201512";"06040703";"06";"04";"07";"03";"2";2518,00;472,00;875,00;205,00;94,00;237,00;101,00;133,00;1024,00;54,00
"201512";"06040804";"06";"04";"08";"04";"2";1140,00;328,00;502,00;103,00;21,00;76,00;31,00;39,00;451,00;20,00
"201512";"06040805";"06";"04";"08";"05";"2";1028,00;276,00;443,00;89,00;23,00;86,00;49,00;33,00;361,00;33,00
"201512";"06040806";"06";"04";"08";"06";"2";1074,00;245,00;388,00;99,00;21,00;63,00;24,00;75,00;446,00;57,00
"201512";"06040807";"06";"04";"08";"07";"2";1144,00;217,00;372,00;95,00;21,00;95,00;81,00;85,00;456,00;34,00
"201512";"06040808";"06";"04";"08";"08";"2";1678,00;218,00;407,00;119,00;34,00;218,00;91,00;188,00;593,00;147,00
"201512";"06040809";"06";"04";"08";"09";"2";1398,00;299,00;422,00;70,00;12,00;153,00;48,00;98,00;641,00;24,00
"201512";"06040810";"06";"04";"08";"10";"2";1896,00;431,00;680,00;132,00;27,00;245,00;50,00;154,00;678,00;62,00
"201512";"07010101";"07";"01";"01";"01";"1";4390,00;833,00;1414,00;290,00;149,00;648,00;446,00;488,00;937,00;308,00
"201512";"07010102";"07";"01";"01";"02";"1";8339,00;1207,00;2202,00;417,00;590,00;806,00;1655,00;892,00;1575,00;619,00
"201512";"07010103";"07";"01";"01";"03";"1";3595,00;911,00;1454,00;295,00;118,00;166,00;574,00;263,00;794,00;226,00
"201512";"07010104";"07";"01";"01";"04";"1";7762,00;972,00;1810,00;306,00;346,00;725,00;2211,00;966,00;1070,00;634,00
"201512";"07020201";"07";"02";"02";"01";"1";3399,00;813,00;1320,00;261,00;186,00;299,00;448,00;185,00;716,00;245,00
"201512";"07020202";"07";"02";"02";"02";"1";4092,00;719,00;1457,00;281,00;213,00;227,00;668,00;460,00;743,00;324,00
"201512";"07020203";"07";"02";"02";"03";"1";7346,00;1440,00;2337,00;391,00;327,00;233,00;1754,00;712,00;1408,00;575,00
"201512";"07020204";"07";"02";"02";"04";"1";4176,00;987,00;1535,00;279,00;139,00;163,00;789,00;365,00;831,00;354,00
"201512";"07030301";"07";"03";"03";"01";"1";5798,00;1321,00;2459,00;612,00;254,00;387,00;538,00;315,00;1446,00;399,00
"201512";"07030302";"07";"03";"03";"02";"1";2666,00;524,00;910,00;218,00;108,00;139,00;396,00;182,00;732,00;199,00
"201512";"07030303";"07";"03";"03";"03";"1";5001,00;573,00;1340,00;478,00;207,00;138,00;1584,00;312,00;819,00;601,00
"201512";"07040401";"07";"04";"04";"01";"2";6511,00;865,00;1827,00;563,00;362,00;221,00;1661,00;732,00;972,00;736,00
"201512";"07040402";"07";"04";"04";"02";"2";391,00;27,00;122,00;67,00;12,00;24,00;58,00;43,00;95,00;37,00
"201512";"07040403";"07";"04";"04";"03";"2";8020,00;958,00;2628,00;938,00;570,00;491,00;1484,00;880,00;1215,00;752,00
"201512";"07040404";"07";"04";"04";"04";"2";1160,00;112,00;354,00;175,00;89,00;81,00;286,00;115,00;102,00;133,00
"201512";"07040405";"07";"04";"04";"05";"2";4317,00;380,00;1157,00;419,00;340,00;257,00;839,00;755,00;575,00;394,00
"201512";"07040406";"07";"04";"04";"06";"2";1848,00;154,00;647,00;239,00;113,00;73,00;324,00;339,00;201,00;151,00
"201512";"07050501";"07";"05";"05";"01";"2";5669,00;463,00;1857,00;867,00;399,00;423,00;1148,00;582,00;628,00;632,00
"201512";"07050502";"07";"05";"05";"02";"2";2700,00;248,00;928,00;389,00;176,00;151,00;552,00;285,00;358,00;250,00
"201512";"07050503";"07";"05";"05";"03";"2";2576,00;210,00;875,00;401,00;191,00;170,00;621,00;168,00;286,00;265,00
"201512";"07050504";"07";"05";"05";"04";"2";1633,00;93,00;513,00;313,00;114,00;122,00;396,00;168,00;134,00;186,00
"201512";"07050505";"07";"05";"05";"05";"2";2563,00;171,00;727,00;360,00;101,00;257,00;686,00;217,00;317,00;258,00
"201512";"07050506";"07";"05";"05";"06";"2";475,00;49,00;167,00;60,00;35,00;21,00;74,00;46,00;76,00;56,00
"201512";"07060601";"07";"06";"06";"01";"2";3783,00;162,00;994,00;676,00;247,00;829,00;316,00;686,00;493,00;218,00
"201512";"07060602";"07";"06";"06";"02";"2";936,00;125,00;390,00;154,00;73,00;80,00;86,00;72,00;120,00;115,00
"201512";"07060603";"07";"06";"06";"03";"2";942,00;71,00;302,00;141,00;99,00;52,00;162,00;117,00;125,00;85,00
"201512";"07060604";"07";"06";"06";"04";"2";4860,00;179,00;1700,00;1204,00;159,00;1454,00;558,00;306,00;408,00;275,00
"201512";"07070701";"07";"07";"07";"01";"2";1823,00;242,00;748,00;371,00;173,00;141,00;305,00;67,00;226,00;163,00
"201512";"07070702";"07";"07";"07";"02";"2";1801,00;185,00;715,00;405,00;149,00;139,00;289,00;126,00;174,00;209,00
"201512";"07070703";"07";"07";"07";"03";"2";1595,00;105,00;636,00;453,00;63,00;155,00;224,00;182,00;241,00;94,00
"201512";"07070704";"07";"07";"07";"04";"2";2640,00;127,00;829,00;577,00;218,00;504,00;260,00;466,00;228,00;135,00
"201512";"07070705";"07";"07";"07";"05";"2";1036,00;131,00;478,00;256,00;42,00;75,00;113,00;52,00;173,00;103,00
"201512";"07070706";"07";"07";"07";"06";"2";729,00;71,00;250,00;145,00;112,00;37,00;36,00;113,00;154,00;27,00
"201512";"07070707";"07";"07";"07";"07";"2";367,00;53,00;132,00;46,00;31,00;10,00;30,00;41,00;105,00;18,00
"201512";"08010115";"08";"01";"01";"15";"1";360,00;95,00;132,00;22,00;9,00;6,00;49,00;36,00;104,00;24,00
"201512";"08010116";"08";"01";"01";"16";"1";1946,00;308,00;531,00;81,00;160,00;15,00;742,00;148,00;202,00;148,00
"201512";"08010117";"08";"01";"01";"17";"1";7977,00;1769,00;2991,00;519,00;490,00;194,00;1751,00;856,00;1253,00;442,00
"201512";"08010118";"08";"01";"01";"18";"1";7150,00;883,00;1981,00;426,00;500,00;184,00;1688,00;1398,00;852,00;547,00
"201512";"08010211";"08";"01";"02";"11";"1";5870,00;1091,00;2007,00;310,00;480,00;108,00;1329,00;712,00;831,00;403,00
"201512";"08010212";"08";"01";"02";"12";"1";4972,00;404,00;1000,00;368,00;366,00;75,00;1919,00;571,00;445,00;596,00
"201512";"08010213";"08";"01";"02";"13";"1";6810,00;1057,00;2262,00;520,00;585,00;171,00;1480,00;990,00;868,00;454,00
"201512";"08010214";"08";"01";"02";"14";"1";4619,00;531,00;1365,00;398,00;440,00;102,00;1173,00;758,00;485,00;296,00
"201512";"08010301";"08";"01";"03";"01";"1";13193,00;3262,00;4787,00;783,00;839,00;253,00;2842,00;1246,00;2334,00;892,00
"201512";"08010302";"08";"01";"03";"02";"1";1288,00;187,00;395,00;136,00;105,00;60,00;347,00;160,00;132,00;89,00
"201512";"08010303";"08";"01";"03";"03";"1";5138,00;947,00;1690,00;211,00;516,00;80,00;1153,00;694,00;633,00;372,00
"201512";"08010404";"08";"01";"04";"04";"1";12200,00;2044,00;4123,00;902,00;1137,00;294,00;2510,00;1758,00;1597,00;781,00
"201512";"08010405";"08";"01";"04";"05";"1";4227,00;802,00;1716,00;365,00;370,00;147,00;726,00;442,00;549,00;277,00
"201512";"08010406";"08";"01";"04";"06";"1";3911,00;443,00;1344,00;279,00;237,00;115,00;869,00;672,00;418,00;256,00
"201512";"08010407";"08";"01";"04";"07";"1";344,00;87,00;117,00;12,00;21,00;16,00;61,00;50,00;64,00;15,00
"201512";"08010508";"08";"01";"05";"08";"1";3869,00;153,00;573,00;261,00;211,00;55,00;1672,00;618,00;231,00;509,00
"201512";"08010509";"08";"01";"05";"09";"1";6169,00;154,00;682,00;361,00;217,00;73,00;1973,00;2056,00;351,00;817,00
"201512";"08010510";"08";"01";"05";"10";"1";234,00;27,00;81,00;12,00;30,00;9,00;41,00;28,00;39,00;6,00
"201512";"08020619";"08";"02";"06";"19";"2";5657,00;296,00;1552,00;613,00;548,00;124,00;1447,00;1076,00;391,00;519,00
"201512";"08020620";"08";"02";"06";"20";"2";3774,00;235,00;1160,00;582,00;202,00;121,00;1002,00;597,00;281,00;411,00
"201512";"08020621";"08";"02";"06";"21";"2";540,00;79,00;163,00;57,00;27,00;12,00;169,00;9,00;92,00;68,00
"201512";"08020622";"08";"02";"06";"22";"2";3585,00;325,00;1280,00;675,00;181,00;282,00;794,00;325,00;388,00;335,00
"201512";"08020623";"08";"02";"06";"23";"2";329,00;18,00;101,00;44,00;12,00;15,00;67,00;74,00;24,00;36,00
"201512";"08020624";"08";"02";"06";"24";"2";301,00;27,00;96,00;48,00;27,00;12,00;71,00;21,00;49,00;25,00
"201512";"08020625";"08";"02";"06";"25";"2";858,00;95,00;264,00;125,00;58,00;21,00;222,00;83,00;126,00;84,00
"201512";"08020726";"08";"02";"07";"26";"2";1826,00;162,00;684,00;360,00;94,00;84,00;483,00;101,00;175,00;205,00
"201512";"08020727";"08";"02";"07";"27";"2";2674,00;190,00;767,00;436,00;285,00;170,00;675,00;274,00;196,00;307,00
"201512";"08020728";"08";"02";"07";"28";"2";2919,00;189,00;772,00;398,00;284,00;313,00;698,00;292,00;320,00;240,00
"201512";"08030829";"08";"03";"08";"29";"2";5828,00;240,00;1283,00;841,00;346,00;547,00;1766,00;765,00;443,00;678,00
"201512";"08030830";"08";"03";"08";"30";"2";2631,00;95,00;722,00;481,00;159,00;220,00;864,00;184,00;206,00;276,00
"201512";"08030831";"08";"03";"08";"31";"2";7978,00;219,00;1812,00;1326,00;619,00;574,00;2714,00;800,00;565,00;894,00
"201512";"08040932";"08";"04";"09";"32";"2";766,00;52,00;234,00;133,00;46,00;79,00;211,00;83,00;45,00;68,00
"201512";"08040933";"08";"04";"09";"33";"2";1143,00;75,00;252,00;108,00;101,00;39,00;388,00;90,00;92,00;181,00
"201512";"08040934";"08";"04";"09";"34";"2";741,00;63,00;204,00;97,00;43,00;36,00;225,00;52,00;87,00;94,00
"201512";"08041035";"08";"04";"10";"35";"2";2157,00;159,00;522,00;263,00;303,00;75,00;582,00;162,00;211,00;302,00
"201512";"08041036";"08";"04";"10";"36";"2";1293,00;100,00;461,00;298,00;141,00;49,00;254,00;46,00;189,00;153,00
"201512";"08041037";"08";"04";"10";"37";"2";1987,00;217,00;702,00;335,00;240,00;78,00;425,00;150,00;214,00;178,00
"201512";"08041038";"08";"04";"10";"38";"2";1394,00;118,00;431,00;233,00;83,00;41,00;322,00;125,00;224,00;168,00
"201512";"08041039";"08";"04";"10";"39";"2";1125,00;79,00;341,00;177,00;56,00;58,00;314,00;76,00;100,00;180,00
"201512";"08041040";"08";"04";"10";"40";"2";1623,00;134,00;589,00;399,00;121,00;108,00;377,00;126,00;169,00;133,00
"201512";"09010101";"09";"01";"01";"01";"2";3057,00;750,00;1210,00;204,00;175,00;162,00;483,00;214,00;681,00;132,00
"201512";"09010102";"09";"01";"01";"02";"2";12,00;0,00;3,00;3,00;0,00;0,00;0,00;0,00;9,00;0,00
"201512";"09010201";"09";"01";"02";"01";"2";599,00;195,00;298,00;51,00;12,00;55,00;35,00;15,00;172,00;12,00
"201512";"09010202";"09";"01";"02";"02";"2";691,00;67,00;265,00;118,00;51,00;46,00;43,00;100,00;141,00;45,00
"201512";"09010301";"09";"01";"03";"01";"2";1695,00;288,00;684,00;212,00;99,00;176,00;148,00;98,00;398,00;92,00
"201512";"09010302";"09";"01";"03";"02";"2";540,00;36,00;91,00;43,00;109,00;19,00;198,00;19,00;52,00;52,00
"201512";"09010401";"09";"01";"04";"01";"2";448,00;42,00;176,00;78,00;24,00;71,00;58,00;37,00;70,00;12,00
"201512";"09010402";"09";"01";"04";"02";"2";1435,00;149,00;462,00;226,00;110,00;177,00;135,00;278,00;195,00;78,00
"201512";"09020501";"09";"02";"05";"01";"2";1300,00;113,00;597,00;178,00;248,00;162,00;33,00;50,00;195,00;15,00
"201512";"09020502";"09";"02";"05";"02";"2";2077,00;220,00;769,00;253,00;202,00;350,00;99,00;124,00;478,00;55,00
"201512";"09020601";"09";"02";"06";"01";"2";1321,00;132,00;516,00;124,00;80,00;156,00;64,00;159,00;318,00;28,00
"201512";"09020602";"09";"02";"06";"02";"2";179,00;24,00;87,00;27,00;3,00;28,00;9,00;12,00;37,00;3,00
"201512";"09020701";"09";"02";"07";"01";"2";406,00;80,00;136,00;15,00;31,00;40,00;9,00;18,00;172,00;0,00
"201512";"09020702";"09";"02";"07";"02";"2";1664,00;169,00;612,00;183,00;143,00;267,00;49,00;197,00;354,00;42,00
"201512";"09020801";"09";"02";"08";"01";"2";160,00;21,00;70,00;37,00;0,00;37,00;0,00;9,00;44,00;0,00
"201512";"09020802";"09";"02";"08";"02";"2";890,00;97,00;436,00;241,00;22,00;175,00;27,00;49,00;161,00;20,00
"201512";"09030901";"09";"03";"09";"01";"2";1382,00;159,00;502,00;225,00;92,00;149,00;205,00;139,00;210,00;85,00
"201512";"09030902";"09";"03";"09";"02";"2";645,00;39,00;273,00;164,00;18,00;214,00;40,00;15,00;67,00;18,00
"201512";"09030903";"09";"03";"09";"03";"2";959,00;45,00;254,00;158,00;40,00;440,00;88,00;42,00;49,00;46,00
"201512";"09031001";"09";"03";"10";"01";"2";958,00;123,00;492,00;239,00;26,00;148,00;81,00;40,00;140,00;31,00
"201512";"09031101";"09";"03";"11";"01";"2";511,00;60,00;181,00;66,00;90,00;59,00;12,00;66,00;99,00;4,00
"201512";"09031201";"09";"03";"12";"01";"2";130,00;33,00;60,00;24,00;6,00;12,00;3,00;6,00;43,00;0,00
"201512";"09031202";"09";"03";"12";"02";"2";178,00;45,00;85,00;34,00;0,00;48,00;3,00;0,00;33,00;9,00
"201512";"09041301";"09";"04";"13";"01";"2";986,00;82,00;256,00;89,00;112,00;165,00;19,00;171,00;251,00;12,00
"201512";"09041302";"09";"04";"13";"02";"2";126,00;33,00;54,00;15,00;0,00;36,00;9,00;0,00;27,00;0,00
"201512";"09041401";"09";"04";"14";"01";"2";536,00;15,00;58,00;24,00;124,00;107,00;4,00;95,00;145,00;3,00
"201512";"09041402";"09";"04";"14";"02";"2";143,00;15,00;31,00;13,00;3,00;94,00;6,00;9,00;0,00;0,00
"201512";"09041501";"09";"04";"15";"01";"2";827,00;90,00;324,00;120,00;40,00;184,00;40,00;73,00;129,00;37,00
"201512";"09041601";"09";"04";"16";"01";"2";309,00;16,00;122,00;62,00;0,00;95,00;7,00;10,00;68,00;7,00
"201512";"09051701";"09";"05";"17";"01";"2";215,00;30,00;90,00;33,00;12,00;21,00;3,00;43,00;40,00;6,00
"201512";"09051702";"09";"05";"17";"02";"2";709,00;142,00;347,00;110,00;19,00;95,00;24,00;19,00;193,00;12,00
"201512";"09051801";"09";"05";"18";"01";"2";678,00;81,00;246,00;82,00;70,00;121,00;6,00;54,00;169,00;12,00
"201512";"09051901";"09";"05";"19";"01";"2";779,00;104,00;305,00;121,00;25,00;164,00;35,00;67,00;158,00;25,00
"201512";"09052001";"09";"05";"20";"01";"2";578,00;102,00;277,00;82,00;10,00;103,00;12,00;36,00;125,00;15,00
"201512";"10010101";"10";"01";"01";"01";"2";1320,00;27,00;279,00;176,00;47,00;655,00;18,00;34,00;245,00;42,00
"201512";"10010102";"10";"01";"01";"02";"2";3813,00;112,00;576,00;255,00;111,00;2151,00;68,00;58,00;778,00;71,00
"201512";"10010203";"10";"01";"02";"03";"2";866,00;3,00;40,00;18,00;68,00;121,00;6,00;391,00;240,00;0,00
"201512";"10010204";"10";"01";"02";"04";"2";2003,00;33,00;428,00;251,00;97,00;1065,00;31,00;44,00;302,00;36,00
"201512";"10010205";"10";"01";"02";"05";"2";1122,00;31,00;235,00;120,00;24,00;449,00;24,00;186,00;189,00;15,00
"201512";"10010206";"10";"01";"02";"06";"2";3248,00;84,00;752,00;225,00;241,00;1394,00;54,00;169,00;582,00;56,00
"201512";"10010207";"10";"01";"02";"07";"2";2211,00;96,00;379,00;135,00;64,00;1075,00;93,00;70,00;478,00;52,00
"201512";"10010308";"10";"01";"03";"08";"2";513,00;34,00;124,00;34,00;115,00;76,00;6,00;53,00;130,00;9,00
"201512";"10010309";"10";"01";"03";"09";"2";2671,00;73,00;370,00;122,00;126,00;1585,00;82,00;92,00;366,00;50,00
"201512";"10010310";"10";"01";"03";"10";"2";2948,00;70,00;490,00;175,00;69,00;1520,00;45,00;54,00;667,00;103,00
"201512";"10010311";"10";"01";"03";"11";"2";351,00;14,00;45,00;19,00;3,00;220,00;6,00;12,00;46,00;19,00
"201512";"10020412";"10";"02";"04";"12";"2";1725,00;28,00;387,00;197,00;69,00;802,00;36,00;76,00;349,00;6,00
"201512";"10020413";"10";"02";"04";"13";"2";1982,00;80,00;645,00;215,00;57,00;798,00;52,00;120,00;270,00;40,00
"201512";"10020414";"10";"02";"04";"14";"2";574,00;6,00;39,00;27,00;9,00;463,00;12,00;6,00;33,00;12,00
"201512";"10020415";"10";"02";"04";"15";"2";1080,00;83,00;451,00;242,00;37,00;219,00;21,00;83,00;266,00;3,00
"201512";"10020416";"10";"02";"04";"16";"2";1323,00;49,00;599,00;277,00;53,00;422,00;28,00;49,00;160,00;12,00
"201512";"10020517";"10";"02";"05";"17";"2";669,00;24,00;181,00;78,00;12,00;275,00;18,00;34,00;120,00;29,00
"201512";"10020518";"10";"02";"05";"18";"2";591,00;34,00;262,00;110,00;21,00;164,00;15,00;15,00;107,00;7,00
"201512";"10020519";"10";"02";"05";"19";"2";1524,00;88,00;450,00;194,00;180,00;353,00;52,00;247,00;242,00;0,00
"201512";"10020620";"10";"02";"06";"20";"2";430,00;19,00;100,00;53,00;10,00;212,00;13,00;21,00;71,00;3,00
"201512";"10020621";"10";"02";"06";"21";"2";774,00;38,00;278,00;130,00;6,00;274,00;13,00;21,00;169,00;13,00
"201512";"10020622";"10";"02";"06";"22";"2";948,00;40,00;285,00;130,00;71,00;398,00;49,00;21,00;93,00;31,00
"201512";"10020623";"10";"02";"06";"23";"2";612,00;22,00;121,00;64,00;15,00;309,00;12,00;9,00;134,00;12,00
"201512";"10030724";"10";"03";"07";"24";"2";1084,00;131,00;299,00;59,00;9,00;266,00;34,00;95,00;366,00;15,00
"201512";"10030725";"10";"03";"07";"25";"2";755,00;33,00;144,00;44,00;25,00;300,00;21,00;63,00;181,00;21,00
"201512";"10030726";"10";"03";"07";"26";"2";241,00;17,00;81,00;28,00;12,00;84,00;6,00;3,00;55,00;0,00
"201512";"10030727";"10";"03";"07";"27";"2";685,00;54,00;195,00;66,00;9,00;255,00;15,00;19,00;161,00;31,00
"201512";"10040828";"10";"04";"08";"28";"2";405,00;50,00;121,00;28,00;3,00;184,00;26,00;6,00;53,00;12,00
"201512";"10040829";"10";"04";"08";"29";"2";240,00;39,00;91,00;31,00;6,00;24,00;3,00;77,00;36,00;3,00
"201512";"10040830";"10";"04";"08";"30";"2";409,00;51,00;135,00;48,00;4,00;118,00;0,00;27,00;107,00;18,00
"201512";"10040931";"10";"04";"09";"31";"2";519,00;77,00;179,00;55,00;23,00;157,00;40,00;15,00;96,00;9,00
"201512";"10040932";"10";"04";"09";"32";"2";273,00;40,00;117,00;45,00;15,00;98,00;6,00;3,00;34,00;0,00
"201512";"10040933";"10";"04";"09";"33";"2";719,00;105,00;293,00;84,00;3,00;222,00;18,00;56,00;100,00;27,00
"201512";"11010101";"11";"01";"01";"01";"2";47,00;6,00;34,00;13,00;3,00;4,00;0,00;0,00;3,00;3,00
"201512";"11010102";"11";"01";"01";"02";"2";120,00;15,00;37,00;13,00;10,00;50,00;4,00;10,00;9,00;0,00
"201512";"11010103";"11";"01";"01";"03";"2";417,00;6,00;31,00;12,00;82,00;86,00;6,00;91,00;109,00;12,00
"201512";"11010204";"11";"01";"02";"04";"2";2127,00;66,00;397,00;183,00;123,00;833,00;34,00;95,00;604,00;41,00
"201512";"11010205";"11";"01";"02";"05";"2";1545,00;62,00;342,00;134,00;57,00;678,00;37,00;57,00;339,00;35,00
"201512";"11010206";"11";"01";"02";"06";"2";949,00;38,00;226,00;48,00;24,00;362,00;33,00;69,00;213,00;22,00
"201512";"11010207";"11";"01";"02";"07";"2";968,00;36,00;299,00;146,00;36,00;362,00;18,00;67,00;173,00;13,00
"201512";"11010308";"11";"01";"03";"08";"2";2518,00;79,00;331,00;131,00;186,00;1021,00;69,00;181,00;664,00;66,00
"201512";"11010309";"11";"01";"03";"09";"2";1945,00;40,00;312,00;149,00;373,00;622,00;24,00;116,00;449,00;49,00
"201512";"11010310";"11";"01";"03";"10";"2";478,00;27,00;76,00;24,00;45,00;196,00;9,00;13,00;126,00;13,00
"201512";"11020411";"11";"02";"04";"11";"2";1385,00;46,00;383,00;136,00;171,00;234,00;50,00;121,00;390,00;36,00
"201512";"11020412";"11";"02";"04";"12";"2";850,00;40,00;125,00;31,00;41,00;324,00;30,00;65,00;241,00;24,00
"201512";"11020513";"11";"02";"05";"13";"2";555,00;33,00;99,00;37,00;68,00;105,00;6,00;173,00;100,00;4,00
"201512";"11020514";"11";"02";"05";"14";"2";1314,00;68,00;275,00;80,00;213,00;304,00;18,00;197,00;301,00;6,00
"201512";"11020515";"11";"02";"05";"15";"2";2837,00;113,00;508,00;171,00;116,00;901,00;57,00;129,00;1060,00;66,00
"201512";"11020516";"11";"02";"05";"16";"2";329,00;21,00;83,00;44,00;21,00;58,00;3,00;9,00;136,00;19,00
"201512";"11030617";"11";"03";"06";"17";"2";1644,00;69,00;246,00;90,00;172,00;415,00;84,00;273,00;424,00;30,00
"201512";"11030618";"11";"03";"06";"18";"2";3310,00;223,00;676,00;198,00;181,00;1042,00;79,00;324,00;939,00;69,00
"201512";"11030619";"11";"03";"06";"19";"2";2655,00;175,00;511,00;163,00;109,00;933,00;73,00;110,00;848,00;71,00
"201512";"11030720";"11";"03";"07";"20";"2";3483,00;360,00;1749,00;652,00;177,00;256,00;18,00;420,00;841,00;22,00
"201512";"11030721";"11";"03";"07";"21";"2";5036,00;521,00;1749,00;659,00;320,00;738,00;111,00;691,00;1348,00;79,00
"201512";"11030824";"11";"03";"08";"24";"2";3018,00;156,00;556,00;192,00;374,00;889,00;96,00;244,00;801,00;58,00
"201512";"11040925";"11";"04";"09";"25";"2";667,00;181,00;303,00;74,00;33,00;63,00;24,00;46,00;192,00;6,00
"201512";"11040926";"11";"04";"09";"26";"2";4523,00;580,00;1728,00;520,00;293,00;877,00;106,00;137,00;1280,00;102,00
"201512";"11041022";"11";"04";"10";"22";"2";1455,00;120,00;495,00;91,00;83,00;343,00;34,00;117,00;341,00;42,00
"201512";"11041023";"11";"04";"10";"23";"2";1564,00;52,00;219,00;90,00;163,00;584,00;43,00;137,00;399,00;19,00
"201512";"11041027";"11";"04";"10";"27";"2";554,00;37,00;179,00;70,00;59,00;179,00;19,00;9,00;98,00;11,00
"201512";"11041128";"11";"04";"11";"28";"2";4477,00;202,00;886,00;309,00;348,00;1424,00;127,00;395,00;1183,00;114,00
"201512";"11051229";"11";"05";"12";"29";"2";428,00;99,00;186,00;38,00;3,00;80,00;18,00;3,00;122,00;16,00
"201512";"11051330";"11";"05";"13";"30";"2";1432,00;193,00;526,00;144,00;23,00;253,00;39,00;79,00;477,00;35,00
"201512";"11051331";"11";"05";"13";"31";"2";1552,00;121,00;303,00;86,00;74,00;278,00;15,00;582,00;261,00;39,00
"201512";"11051332";"11";"05";"13";"32";"2";650,00;128,00;260,00;88,00;3,00;183,00;15,00;18,00;146,00;25,00
"201512";"12103115";"12";"10";"31";"15";"2";2819,00;157,00;815,00;384,00;201,00;195,00;712,00;257,00;396,00;243,00
"201512";"12103116";"12";"10";"31";"16";"2";3876,00;225,00;1071,00;450,00;351,00;190,00;1106,00;343,00;522,00;293,00
"201512";"12103117";"12";"10";"31";"17";"2";4830,00;275,00;1481,00;681,00;479,00;219,00;1194,00;508,00;542,00;407,00
"201512";"12103218";"12";"10";"32";"18";"2";4914,00;348,00;1381,00;735,00;370,00;256,00;1307,00;443,00;645,00;512,00
"201512";"12103219";"12";"10";"32";"19";"2";3240,00;255,00;975,00;422,00;230,00;138,00;862,00;355,00;350,00;330,00
"201512";"12103220";"12";"10";"32";"20";"2";1099,00;97,00;426,00;250,00;70,00;100,00;192,00;69,00;170,00;72,00
"201512";"12214125";"12";"21";"41";"25";"2";1753,00;201,00;515,00;188,00;135,00;137,00;331,00;132,00;326,00;177,00
"201512";"12214126";"12";"21";"41";"26";"2";2383,00;166,00;708,00;379,00;129,00;446,00;500,00;168,00;228,00;204,00
"201512";"12214421";"12";"21";"44";"21";"2";804,00;82,00;363,00;193,00;36,00;33,00;114,00;70,00;128,00;60,00
"201512";"12214422";"12";"21";"44";"22";"2";4162,00;446,00;1363,00;472,00;349,00;554,00;830,00;398,00;402,00;266,00
"201512";"12214423";"12";"21";"44";"23";"2";1947,00;118,00;604,00;340,00;132,00;277,00;464,00;108,00;197,00;165,00
"201512";"12214424";"12";"21";"44";"24";"2";4779,00;314,00;1456,00;525,00;510,00;357,00;943,00;606,00;606,00;301,00
"201512";"12214527";"12";"21";"45";"27";"2";1844,00;283,00;705,00;245,00;88,00;118,00;334,00;102,00;356,00;141,00
"201512";"12214528";"12";"21";"45";"28";"2";81,00;21,00;30,00;9,00;0,00;3,00;15,00;0,00;30,00;3,00
"201512";"12224229";"12";"22";"42";"29";"2";725,00;167,00;306,00;86,00;31,00;80,00;63,00;68,00;131,00;46,00
"201512";"12224230";"12";"22";"42";"30";"2";1931,00;432,00;835,00;268,00;55,00;135,00;233,00;84,00;420,00;169,00
"201512";"12231101";"12";"23";"11";"01";"2";1771,00;444,00;859,00;252,00;50,00;142,00;139,00;90,00;382,00;109,00
"201512";"12231102";"12";"23";"11";"02";"2";1771,00;453,00;894,00;251,00;49,00;134,00;108,00;72,00;403,00;111,00
"201512";"12301203";"12";"30";"12";"03";"2";3942,00;290,00;1132,00;539,00;576,00;312,00;557,00;470,00;715,00;180,00
"201512";"12301204";"12";"30";"12";"04";"2";1384,00;221,00;450,00;152,00;51,00;85,00;203,00;213,00;293,00;89,00
"201512";"12301205";"12";"30";"12";"05";"2";767,00;150,00;364,00;151,00;22,00;85,00;62,00;46,00;157,00;31,00
"201512";"12301206";"12";"30";"12";"06";"2";673,00;94,00;248,00;119,00;43,00;46,00;109,00;23,00;138,00;66,00
"201512";"12302107";"12";"30";"21";"07";"2";1038,00;103,00;262,00;86,00;40,00;62,00;345,00;87,00;124,00;118,00
"201512";"12302108";"12";"30";"21";"08";"2";5160,00;279,00;1409,00;877,00;273,00;540,00;1254,00;514,00;757,00;413,00
"201512";"12302109";"12";"30";"21";"09";"2";5366,00;357,00;1471,00;834,00;335,00;587,00;1239,00;573,00;826,00;335,00
"201512";"12302110";"12";"30";"21";"10";"2";5232,00;293,00;1225,00;736,00;336,00;752,00;1145,00;635,00;769,00;370,00
"201512";"12302211";"12";"30";"22";"11";"2";789,00;77,00;268,00;130,00;65,00;55,00;162,00;38,00;119,00;82,00
"201512";"12302212";"12";"30";"22";"12";"2";2079,00;178,00;757,00;371,00;160,00;184,00;368,00;235,00;284,00;91,00
"201512";"12304313";"12";"30";"43";"13";"2";1215,00;200,00;576,00;233,00;94,00;65,00;173,00;79,00;171,00;57,00
"201512";"12304314";"12";"30";"43";"14";"2";1170,00;161,00;484,00;247,00;48,00;102,00;175,00;43,00;201,00;117,00
