inlf,hours,kidslt6,kidsge6,age,educ,wage,repwage,hushrs,husage,huseduc,huswage,faminc,mtr,motheduc,fatheduc,unem,city,exper,nwifeinc,lwage,expersq
1,1610,1,0,32,12,3.3540001,2.6500001,2708,34,12,4.0288,16310,.72149998,12,7,5,0,14,10.91006,1.2101537,196
1,1656,0,2,30,12,1.3889,2.6500001,2310,30,9,8.4415998,21800,.66149998,7,7,11,1,5,19.499981,.3285121,25
1,1980,1,3,35,12,4.5454998,4.04,3072,40,12,3.5806999,21040,.69150001,12,7,5,0,15,12.03991,1.5141377,225
1,456,0,3,34,12,1.0965,3.25,1920,53,10,3.5416999,7300,.78149998,7,7,5,0,6,6.7999959,.092123322,36
1,1568,1,2,31,14,4.5918002,3.5999999,2000,32,12,10,27300,.62150002,12,14,9.5,1,7,20.100058,1.5242722,49
1,2032,0,0,54,12,4.7420998,4.6999998,1040,57,11,6.7105999,19495,.69150001,14,7,7.5,1,33,9.8590536,1.5564801,1089
1,1440,0,2,37,16,8.3332996,5.9499998,2670,37,12,3.4277,21152,.69150001,14,7,5,0,11,9.1520481,2.1202595,121
1,1020,0,0,54,12,7.8431001,9.9799995,4120,53,8,2.5485001,18900,.69150001,3,3,5,0,35,10.900038,2.0596342,1225
1,1458,0,2,48,12,2.1262,0,1995,52,4,4.2206001,20405,.75150001,7,7,3,0,24,17.305,.75433636,576
1,1600,0,2,39,12,4.6875,4.1500001,2100,43,12,5.7143002,20425,.69150001,7,7,5,0,21,12.925,1.5448993,441
1,1969,0,1,33,12,4.0630002,4.3000002,2450,34,12,9.7959003,32300,.58149999,12,3,5,0,15,24.299953,1.4019216,225
1,1960,0,1,42,11,4.5918002,4.5799999,2375,47,14,8,28700,.62150002,14,7,5,0,14,19.700071,1.5242722,196
1,240,1,2,30,12,2.0833001,0,2830,33,16,5.3003998,15500,.72149998,16,16,5,0,0,15.000008,.73395324,0
1,997,0,2,43,12,2.2667999,3.5,3317,46,12,4.3413,16860,.72149998,10,10,7.5,1,14,14.6,.81836909,196
1,1848,0,1,43,10,3.6796999,3.3800001,2024,45,17,10.87,31431,.58149999,7,7,7.5,1,6,24.630915,1.3028312,36
1,1224,0,3,35,11,1.3472,0,1694,38,12,9.1499004,19180,.72149998,16,10,7.5,1,9,17.531027,.29802838,81
1,1400,0,2,43,12,3.2142999,4,2156,45,12,6.1223998,18600,.69150001,10,7,7.5,1,20,14.09998,1.1676096,400
1,640,0,5,39,12,5.1750002,2.25,2250,40,12,6.1497998,19151,.72149998,12,12,7.5,1,6,15.839,1.6438394,36
1,2000,0,0,45,12,2,2.3,2024,51,11,6.9169998,18100,.69150001,7,7,5,1,23,14.1,.69314718,529
1,1324,0,4,35,12,7.5528998,3.9400001,2123,40,10,4.7103,20300,.69150001,12,7,5,0,9,10.299961,2.0219316,81
1,2215,0,2,42,16,3.5051999,3.3,4160,48,16,3.131,30419,.62150002,10,16,7.5,0,5,22.654982,1.2542475,25
1,1680,0,0,30,12,3.5713999,3.8,2000,35,12,4,14090,.72149998,12,10,3,0,11,8.0900478,1.2729577,121
1,1600,0,0,48,13,3.25,3.26,2420,52,17,7.2227001,22679,.66149998,7,3,5,1,18,17.479,1.178655,324
1,800,0,0,45,12,3.25,2.2,1150,53,17,7.9651999,12160,.72149998,7,7,11,0,15,9.5600004,1.178655,225
1,1955,1,1,31,12,2.1545,2.3,2024,31,12,4.0883999,12487,.75150001,12,7,5,1,4,8.2749529,.76755869,16
1,660,0,2,43,17,3.7879,0,1904,43,17,14.181,29850,.58149999,16,14,9.5,1,21,27.349985,1.3318118,441
1,525,0,0,59,12,4,3.1800001,2448,53,16,6.5359001,18100,.69150001,3,7,9.5,1,31,16,1.3862944,961
1,1904,0,3,32,12,4.7269001,6.0700002,2000,33,13,8.5,26000,.66149998,3,7,11,1,9,16.999983,1.5532696,81
1,1516,1,0,31,17,7.2558999,6,2390,30,17,6.2761998,26100,.62150002,12,12,5,0,7,15.100056,1.9818149,49
1,346,0,0,42,12,5.8670998,6.3899999,1920,47,10,5.2083001,17730,.72149998,12,12,9.5,0,7,15.699984,1.7693604,49
1,1040,0,0,50,11,1.5385,0,1840,53,10,2.7821,6719,.75150001,7,7,7.5,1,32,5.1189599,.43080789,1024
1,732,0,0,59,16,2.4590001,2.5,3360,57,17,4.9106998,18550,.69150001,3,3,14,1,11,16.750011,.89975482,121
1,1880,0,2,36,13,5.8511,5.1999998,2284,35,13,5.8669,24600,.66149998,12,10,7.5,0,16,13.599932,1.7666297,256
1,1680,0,1,51,12,3.5713999,3.29,1875,50,8,7.52,23100,.69150001,7,14,5,1,14,17.100048,1.2729577,196
1,2081,0,3,45,16,3.8067999,4.1900001,2140,47,17,7.5448999,24656,.66149998,12,12,5,1,27,16.734049,1.3367889,729
1,690,0,1,42,11,2.4638,0,1896,44,8,5.5380001,15897,.75150001,10,3,7.5,0,0,14.196978,.90170485,0
1,4210,0,0,46,12,2.3752999,4.6300001,1040,49,16,6.9231,20320,.69150001,3,3,11,1,17,10.319987,.86512369,289
1,2205,0,1,46,10,4.5351,4.5500002,2200,52,12,5,21384,.66149998,10,3,11,0,28,11.384105,1.5118471,784
1,1952,0,0,51,14,5.6183,5.5999999,1952,58,12,7.3063998,25561,.62150002,7,7,14,0,24,14.594078,1.7260292,576
1,1302,0,0,30,17,14.631,9.5299997,1560,30,17,11.218,36550,.57999998,14,17,5,1,11,17.500439,2.6831424,121
1,112,1,2,30,12,2.6786001,0,4030,33,16,3.8462,15810,.72149998,12,12,3,0,1,15.509996,.98529428,1
1,893,0,0,57,12,3.9194,3.5,2570,58,12,5.8365998,25500,.62150002,9,9,7.5,1,14,21.999975,1.3659385,196
1,583,1,2,31,16,2.5729001,9.9799995,1530,34,16,13.725,24000,.66149998,14,16,9.5,1,6,22.5,.94503367,36
1,480,0,2,48,12,4.5374999,4.6500001,3149,48,8,6.3492999,22172,.66149998,3,3,5,0,10,19.993999,1.5123762,100
1,1900,0,3,30,12,2,2.23,2690,32,12,5.2528,17930,.72149998,12,7,5,0,6,14.13,.69314718,36
1,576,0,2,34,12,3.4721999,3.8399999,3096,33,12,1.3075,7000,.78149998,12,7,3,0,4,5.0000129,1.2447884,16
1,2056,0,2,48,16,2.0160999,0,2552,53,16,2.7997999,25300,.72149998,14,16,5,1,10,21.154898,.7011649,100
1,1984,0,0,45,12,4.5716,4.8200002,2040,47,11,2.6961,16212,.72149998,10,10,11,0,22,7.1419458,1.5198632,484
1,2640,0,0,51,12,2.2727001,0,2180,50,13,7.5688,22650,.66149998,7,7,3,0,16,16.650072,.82096857,256
1,240,0,2,30,12,2.6375,0,1864,37,12,3.4077001,6985,.78149998,12,7,14,0,6,6.3519998,.96983153,36
1,1173,0,1,46,12,2.2899001,2.5,2068,46,12,6.5401001,30000,.69150001,7,7,11,1,12,27.313948,.8285082,144
1,3640,0,0,58,12,1.0989,0,2010,58,12,7.2139001,18500,.69150001,7,3,9.5,1,32,14.500004,.094309643,1024
1,340,0,8,37,12,1.1765,0,2152,40,10,6.2732,16658,.75150001,12,7,5,0,15,16.25799,.16254389,225
1,500,0,0,52,8,1.6,0,1496,54,11,5.8824,10300,.75150001,7,7,5,1,17,9.5,.47000363,289
1,1599,0,0,52,10,1.8762,2.8,2100,47,4,3.8095,11000,.75150001,7,3,7.5,0,34,7.9999561,.62924844,1156
1,1830,0,0,31,16,4.0437002,4.1999998,1960,35,14,6.3776002,19900,.69150001,12,12,7.5,1,9,12.500029,1.3971602,81
1,1920,0,0,55,14,9.6353998,8.75,1985,55,15,6.0453,32500,.63999999,7,7,14,1,37,14.000032,2.2654438,1369
1,2052,0,0,34,17,8.0409002,8.25,2020,33,17,8.8119001,37300,.57999998,17,17,7.5,1,10,20.800074,2.0845411,100
1,2312,0,0,55,14,4.599,5.5799999,2178,56,16,8.8765001,30018,.58149999,17,7,11,1,35,19.385113,1.5258389,1225
1,196,0,2,39,12,2.1429,2.5,3684,39,12,3.342,12807,.75150001,12,7,14,1,6,12.386992,.76216006,36
1,2500,0,3,40,14,4.4000001,5.5,5010,42,13,3.1835999,39500,.55150002,14,3,7.5,0,19,28.5,1.4816046,361
1,1980,0,4,43,12,3.5353999,3.75,1880,47,12,6.9148998,22050,.69150001,12,12,9.5,1,10,15.049909,1.2628264,100
1,1840,0,0,48,8,2.7174001,4.8000002,1904,56,8,5.5146999,15500,.72149998,7,7,14,1,11,10.499984,.99967557,121
1,320,0,0,47,12,6.25,6.25,2083,47,12,5.2807999,13810,.72149998,7,7,9.5,1,15,11.81,1.8325815,225
1,419,0,4,41,12,11.933,6.3000002,2125,44,12,3.2,11950,.75150001,7,7,5,1,12,6.9500732,2.4793077,144
1,1880,0,0,36,8,3.5931001,3.75,1985,37,12,5.8790998,19175,.69150001,12,12,7.5,0,12,12.419971,1.2790153,144
1,72,0,2,46,17,6.9443998,0,2640,48,17,6.25,17900,.69150001,12,16,7.5,0,14,17.400003,1.9379356,196
1,120,0,0,34,12,2.9166999,0,2070,51,8,7.4878998,15850,.72149998,12,7,5,1,11,15.499996,1.0704528,121
1,1885,0,3,41,12,3.0769,2.9000001,2107,48,8,6.9766998,27017,.69150001,7,7,5,1,9,21.217043,1.1239226,81
1,240,0,1,51,12,3.75,0,2250,54,10,8,18900,.69150001,12,7,5,0,24,18,1.3217559,576
1,1729,0,0,33,12,5.7259002,4.7600002,2880,34,16,4.1318998,21800,.69150001,12,12,7.5,1,12,11.899919,1.7449998,144
1,1850,0,0,52,12,3.6756999,3.4000001,1848,53,12,14.476,33552,.55150002,10,10,7.5,1,13,26.751955,1.3017436,169
1,2033,0,0,58,9,5.1648002,4.3200002,1927,53,7,5.7343001,22650,.66149998,7,9,7.5,1,29,12.149961,1.6418664,841
1,608,2,4,34,10,8.2236996,3,1304,38,9,3.3742001,15200,.79149997,0,0,7.5,1,11,10.19999,2.1070201,121
1,1153,0,1,31,12,4.3365002,4.52,3000,35,12,1.8333,13120,.72149998,7,10,7.5,1,13,8.1200151,1.4670676,169
1,2208,0,1,48,12,4.9819002,5.3099999,1892,52,12,5.6025,21660,.66149998,12,14,5,1,19,10.659965,1.6058114,361
1,252,0,2,32,12,.35710001,0,3644,32,12,4.2975001,18190,.72149998,7,7,3,0,2,18.10001,-1.0297394,4
1,337,0,0,49,17,2.9674001,0,1430,47,17,3.9161,9600,.75150001,3,3,14,1,24,8.5999861,1.0876862,576
1,90,2,2,32,15,1,0,2350,31,14,4.8786998,13755,.75150001,10,12,7.5,1,9,13.665,0,81
1,1174,0,0,58,12,2.5553999,4.8699999,1948,59,16,9.2402,35350,.66149998,7,12,7.5,1,6,32.34996,.9382087,36
1,372,0,0,50,6,.86019999,2.25,1804,42,12,6.6518998,12405,.72149998,12,7,7.5,1,22,12.085006,-.15059038,484
1,30,0,0,60,14,1,0,2326,51,12,4.6216998,12180,.75150001,12,17,9.5,0,30,12.15,0,900
1,1800,0,1,50,12,2.9261,0,1739,55,11,9.9741001,22962,.66149998,7,3,7.5,1,10,17.695021,1.0736705,100
1,282,0,0,56,14,3.5460999,2.5,1176,57,17,20.917999,25700,.62150002,7,7,9.5,1,6,24.700001,1.2658484,36
1,720,0,0,51,9,1.6264,2.2,1100,55,8,1.9400001,3305,.79149997,7,7,3,0,29,2.133992,.48636898,841
1,1440,0,1,54,17,8.3332996,6,1528,58,17,8.8351002,32950,.58149999,7,12,5,1,29,20.950048,2.1202595,841
1,2100,0,0,59,13,3.0952001,2.95,2250,52,15,4.6666999,17000,.69150001,7,7,5,1,36,10.50008,1.1298525,1296
1,1000,0,2,46,9,2.7,2.3499999,1927,47,10,5.1894002,13250,.75150001,7,7,5,1,19,10.55,.9932518,361
1,952,0,1,46,15,5.2521,0,2414,47,16,18.724001,50750,.44150001,7,12,5,1,8,45.75,1.658628,64
1,1413,1,3,39,12,1.4154,2.2,768,49,8,10.417,15632,.77149999,10,10,14,0,13,13.63204,.3474122,169
1,2100,0,2,44,12,4.7986002,4.8499999,1984,43,14,8.8458004,28316,.62150002,7,0,11,1,16,18.238939,1.5683242,256
1,120,2,0,33,12,1.6667,2.3699999,2246,36,12,7.5689998,17290,.72149998,12,12,9.5,1,11,17.089996,.5108456,121
1,3000,1,2,33,12,1.1217,0,3024,30,17,4.4506998,33600,.62150002,10,10,7.5,1,15,30.2349,.11484543,225
1,1000,0,2,48,12,.5,0,2921,52,12,9.3204002,29200,.62150002,12,7,9,1,6,28.700001,-.69314718,36
1,336,0,4,31,12,.71429998,0,2045,37,17,9.1687002,19870,.69150001,7,7,11,0,13,19.629995,-.33645228,169
1,1216,0,1,45,12,2.7960999,2.9000001,1928,44,12,6.4833999,16225,.72149998,7,7,11,0,22,12.824943,1.0282255,484
1,988,0,1,45,12,4.8583002,4.5,1920,44,10,7.8125,28600,.69150001,7,3,5,1,24,23.799999,1.5806886,576
1,2581,0,2,32,13,1.7435,2.5999999,2280,37,17,11.404,30800,.58149999,14,12,7.5,1,2,26.300026,.55589461,4
1,2030,0,0,47,12,2.4631,2.8,2300,47,17,5.0869999,25700,.69150001,7,7,3,0,6,20.699907,.90142071,36
1,413,0,2,34,13,2.4212999,3,2480,35,13,6.9758,27000,.62150002,12,12,3,0,2,26.000004,.88430458,4
1,782,0,1,37,12,1.5345,2.3,1135,34,10,5.2863002,12077,.77149999,12,7,9.5,1,2,10.877021,.4282046,4
1,1388,0,1,36,12,2.8817999,1.87,1384,39,12,11.562,29612,.66149998,7,7,11,0,14,25.612062,1.0584151,196
1,1450,1,2,47,12,2.4068999,3,1848,50,14,8.6061001,24479,.69150001,7,10,9.5,1,9,20.988995,.87833959,81
1,1720,0,1,48,16,5.2326002,4.6799998,2499,46,17,12.805,79750,.44150001,14,14,7.5,1,11,70.749931,1.6549083,121
1,800,0,2,42,12,3.75,2.5,2390,43,12,6.6946001,20050,.69150001,12,7,11,0,9,17.049999,1.3217559,81
1,360,0,3,33,13,1.3889,0,2400,44,14,8.3332996,21500,.69150001,10,12,11,1,6,20.999996,.3285121,36
1,2000,0,0,46,11,4,4.6100001,1920,53,8,4.1666999,16120,.69150001,7,7,5,0,19,8.1199999,1.3862944,361
1,1176,0,3,47,12,3.2313001,3.3499999,2301,48,13,5.4759002,24686,.72149998,7,7,9.5,0,26,20.88599,1.1728846,676
1,2058,0,1,44,12,3.4014001,3.8,1944,43,10,5.1440001,24669,.69150001,7,10,9.5,1,19,17.668919,1.2241871,361
1,900,0,4,36,12,1.3333,2.2,2100,37,17,11.667,26400,.66149998,7,7,7.5,1,3,25.200029,.28765708,9
1,215,2,0,31,17,9.3023005,9.9799995,1920,32,16,7.2916999,16245,.72149998,12,12,7.5,1,7,14.245006,2.2302618,49
1,2000,0,0,55,14,4.5,4.3699999,2880,55,14,4.8611002,23300,.66149998,7,7,9.5,1,28,14.3,1.5040774,784
1,757,0,1,45,16,4.6234999,4.5,1932,48,16,12.164,27200,.62150002,12,7,9.5,1,13,23.70001,1.531152,169
1,1264,0,0,47,17,3.9556999,0,3234,48,17,10.823,51000,.46149999,10,17,9.5,1,9,45.999996,1.3751576,81
1,2064,0,3,46,12,5.8140001,6,2805,47,12,12.478,55000,.46149999,10,7,14,1,15,42.999905,1.7602688,225
1,1280,0,0,49,11,.5,0,2272,52,9,6.1620002,15389,.72149998,7,7,7.5,1,20,14.749,-.69314718,400
1,1715,0,0,49,12,4.0816002,3.75,2227,52,14,7.1845999,23150,.66149998,7,7,9.5,1,29,16.150055,1.4064891,841
1,2000,0,2,45,12,6,4.9499998,1720,49,6,7.0929999,29774,.62150002,7,10,14,1,9,17.774,1.7917595,81
1,12,1,3,38,17,3.6666999,0,2300,38,13,17.826,91044,.44150001,12,10,14,1,1,91,1.2992921,1
1,1528,0,0,47,10,3.8613,2.95,3410,50,12,6.3930001,28200,.58149999,7,12,14,1,8,22.299934,1.3510039,64
1,561,0,3,54,13,2.7629001,2.53,2304,57,16,11.719,36150,.55150002,7,7,9.5,1,19,34.600014,1.0162809,361
1,2058,0,0,41,11,2.931,2.9000001,1984,42,12,4.7883,15652,.72149998,12,12,7.5,0,23,9.6200018,1.0753436,529
1,1823,0,2,43,12,4.3884001,4.1999998,1890,33,14,4.2328,18900,.75150001,14,7,11,0,3,10.899946,1.4789647,9
1,1680,1,1,31,16,5.4166999,4.6999998,1970,32,12,7.1065998,23600,.66149998,12,10,7.5,0,13,14.499944,1.6894867,169
1,1440,0,0,47,17,9.8611002,7.0999999,2400,46,12,8.3332996,36200,.61000001,7,7,7.5,1,8,22.000015,2.2885978,64
1,4950,0,2,35,12,.16159999,2.75,2504,37,12,6.9888,18700,.69150001,10,10,7.5,0,17,17.90008,-1.8226311,289
1,1176,0,3,45,16,.38260001,3.75,2398,48,17,9.5913,24125,.66149998,7,7,11,1,4,23.675062,-.96076518,16
1,1100,1,0,33,12,3.6364,3.5799999,1960,39,12,6.0204,15800,.72149998,7,7,7.5,0,15,11.79996,1.2909942,225
1,1516,0,1,54,16,2.3747001,2.4000001,2550,55,12,2.9686,19742,.72149998,12,7,3,0,11,16.141954,.86487114,121
1,900,0,4,35,8,4.6666999,3.95,2500,41,12,7,22600,.69150001,10,7,9.5,0,7,18.399971,1.5404521,49
1,1080,1,2,31,12,1.8519,2.25,2164,37,10,7.1627002,17500,.72149998,7,7,7.5,0,0,15.499948,.61621213,0
1,480,0,0,55,12,5.1999998,0,2640,60,12,4.7364001,19820,.69150001,7,7,7.5,0,0,17.323999,1.6486586,0
1,288,0,2,34,12,3.2986,4.6199999,1936,36,12,8.7810001,20155,.69150001,12,16,11,1,10,19.205004,1.1934981,100
1,1875,0,1,38,13,8.5333004,8.5,2136,41,12,9.8315001,37300,.57999998,10,12,7.5,1,8,21.300062,2.1439762,64
1,630,0,1,45,11,2.0634999,0,1955,51,10,6.6496,24860,.72149998,7,7,7.5,1,2,23.559996,.72440356,4
1,234,0,1,47,12,2.5641,2.5,1980,48,10,9.8485003,21450,.66149998,12,3,7.5,1,4,20.85,.94160753,16
1,1600,0,2,39,12,2.1875,0,2550,42,11,9.8038998,29650,.62150002,7,7,5,1,6,26.15,.78275937,36
1,960,1,0,36,14,6.25,0,2058,37,13,8.2603998,23000,.66149998,7,7,11,1,18,17,1.8325815,324
1,120,1,2,33,12,3.3333001,0,2263,32,14,9.0676003,21120,.69150001,7,7,9,1,3,20.720003,1.2039628,9
1,2025,0,0,50,12,4.4443998,4.8000002,1763,54,13,8.5081997,26000,.62150002,7,12,5,1,22,17.00009,1.4916449,484
1,1809,0,0,58,12,6.6335001,6.4499998,2096,59,14,7.1564999,28000,.62150002,3,7,7.5,1,33,15.999998,1.8921326,1089
1,3087,0,0,49,17,8.4224005,9.9799995,2059,47,13,7.0423002,45500,.51999998,12,12,11,1,28,19.50005,2.1308949,784
1,910,0,2,41,14,4.3955998,0,1820,40,17,6.5934,16000,.72149998,16,12,14,1,23,12.000004,1.4806041,529
1,1840,0,1,51,12,2.4456999,2.5,2832,53,8,4.3456998,18232,.69150001,7,14,11,0,27,13.731912,.89433134,729
1,784,0,0,53,9,1.2244999,2.25,1990,60,10,7.2361999,28160,.72149998,3,7,14,1,11,27.199991,.20253254,121
1,400,1,2,36,12,1.625,0,2000,40,7,1.74,5965,.80150002,12,7,11,1,6,5.3150001,.48550782,36
1,1000,0,2,46,12,3,5.5,1885,46,12,6.8965998,19000,.72149998,7,7,9.5,1,11,16,1.0986123,121
1,1904,0,2,36,12,4.7269001,4.1999998,2860,37,12,5.0454998,36872,.55150002,12,12,11,1,14,27.871983,1.5532696,196
1,1771,0,1,53,14,1.1293,9.9799995,1913,48,16,17.25,42000,.49149999,12,12,14,1,17,40.000011,.12159797,289
1,1486,0,3,40,16,7.4024,6.25,1800,54,16,8.3332996,26900,.62150002,16,14,11,1,17,15.900034,2.0018044,289
1,740,0,2,42,17,4.4594998,1.65,2880,45,16,9.375,30800,.58149999,12,10,9,0,14,27.499969,1.4950366,196
1,1820,1,1,33,15,2.4725001,0,1993,32,16,8.2790003,21520,.69150001,12,12,11,1,11,17.02005,.90522981,121
1,1275,0,3,43,12,1.8824,3,2250,47,14,4.5,24795,.69150001,7,7,7.5,1,7,22.394939,.63254756,49
1,450,1,0,31,16,4,4,2286,30,16,4.1995001,12900,.72149998,14,16,14,1,8,11.1,1.3862944,64
1,1221,0,0,47,17,8.1899996,5.9899998,1880,47,16,16.063999,42700,.49149999,7,7,7.5,1,6,32.700012,2.1029139,36
1,1550,0,0,54,17,7.0967999,6,2350,58,17,11.277,38800,.52149999,10,17,11,1,8,27.799961,1.959644,64
1,180,1,3,33,12,1.6667,0,3640,33,11,.54939997,2500,.94150001,7,3,3,0,4,2.1999941,.5108456,16
1,2090,0,0,43,16,3.4449999,3.8499999,1770,47,14,9.5480003,26921,.62150002,14,10,11,1,25,19.720951,1.2369239,625
1,1960,0,1,46,13,4.2347002,4.1999998,1875,49,13,5.3333001,18300,.69150001,7,9,3,0,24,9.9999876,1.4433125,576
1,1440,0,3,35,12,2.7778001,4.0999999,2200,38,9,5.4545002,17200,.72149998,7,7,14,1,11,13.199968,1.0216593,121
1,794,0,3,37,11,1.8892,3.8499999,2033,39,12,5.9025998,14209,.75150001,12,3,9.5,1,19,12.708975,.63615346,361
1,993,0,2,37,16,5.0352001,8.3000002,2739,39,17,9.8576002,32300,.58149999,12,16,14,1,9,27.300047,1.6164533,81
1,160,0,3,34,14,1.25,0,1626,38,14,11.685,21400,.72149998,17,12,7.5,1,19,21.200001,.22314355,361
1,105,1,0,43,16,2.8571,0,2248,44,17,6.2277999,14700,.72149998,7,7,9.5,0,14,14.400004,1.0498071,196
1,1200,0,0,46,12,4.1167002,4.3299999,2140,48,12,9.1747999,25516,.62150002,7,7,9.5,1,22,20.57596,1.4150519,484
1,450,0,3,35,9,1.7778,2.5999999,1985,42,12,6.2972002,13300,.75150001,3,7,5,1,6,12.49999,.57537663,36
1,996,0,0,46,17,13.554,9.9799995,1528,59,17,10.471,31000,.58149999,12,12,9.5,1,23,17.500216,2.6066816,529
1,1052,0,0,46,14,4.5626998,4.9000001,1920,48,16,14.583,48800,.49149999,7,3,11,1,15,44.000038,1.5179145,225
1,1128,0,2,43,12,2.1277001,2.4000001,1918,46,10,6.2143002,15519,.72149998,7,7,14,1,6,13.118955,.7550416,36
1,1840,0,0,30,12,2.9891,3.75,2112,30,12,6.6287999,19500,.69150001,7,7,7.5,0,11,14.000056,1.0949724,121
1,1910,0,2,41,11,2.5653999,2.5699999,2144,46,9,3.8246,14545,.72149998,3,7,5,0,2,9.6450863,.94211435,4
1,980,0,1,54,12,5.6121998,5,1920,54,15,7.8125,22897,.69150001,7,7,14,1,22,17.397045,1.7249428,484
1,2317,0,1,31,12,2.8053999,3.8699999,2241,41,9,3.4806001,14300,.72149998,10,10,7.5,1,10,7.7998886,1.0315461,100
1,1089,0,0,44,10,1.607,0,880,47,11,5.5500002,14884,.75150001,10,10,9.5,1,14,13.133977,.47436908,196
1,800,0,1,32,12,2.25,0,2070,31,16,11.594,27400,.62150002,12,7,11,1,12,25.6,.81093019,144
1,1230,0,0,47,5,2.0325,2.8199999,1050,53,5,9.5237999,16400,.72149998,7,12,14,1,9,13.900025,.7092666,81
1,1158,0,1,46,17,5.5320001,8.1000004,2635,57,17,7.2804999,25704,.62150002,14,17,7.5,0,13,19.297943,1.7105495,169
1,2272,0,0,37,11,1.5845,3.71,3000,47,8,3,12800,.72149998,10,10,7.5,0,18,9.200016,.46026888,324
1,528,0,2,51,12,3.7879,0,2500,50,11,10.4,40000,.62150002,7,7,7.5,0,8,37.999989,1.3318118,64
1,1000,0,1,49,12,3,0,1990,49,12,10.05,47000,.66149998,7,7,14,1,11,44,1.0986123,121
1,520,0,4,36,14,8.6538,0,2390,37,13,8.7866001,25872,.66149998,10,12,9.5,1,9,21.372025,2.1579986,81
1,760,0,1,39,11,4.2104998,3.95,1430,44,12,10.14,26868,.69150001,12,7,9.5,1,9,23.66802,1.4375813,81
1,1920,0,2,48,12,4.6875,4.3000002,1800,50,8,5,18000,.69150001,12,12,9.5,1,14,9,1.5448993,196
1,1220,0,2,38,14,4.0984001,4.8400002,2103,43,17,11.888,30200,.58149999,7,7,5,1,9,25.199951,1.4105967,81
1,200,0,2,40,12,25,3,1350,42,12,13.333,26220,.66149998,7,7,7.5,1,2,21.219999,3.2188759,4
1,2480,1,5,39,10,2.6331,4.1999998,2880,36,17,8.6806002,40500,.58149999,7,7,3,0,12,33.969913,.96816188,144
1,2750,0,0,37,16,6,9,2400,43,17,7.2916999,33570,.61000001,12,7,7.5,1,15,17.07,1.7917595,225
1,2014,0,1,49,13,5.4126,4.0500002,1135,47,12,3.5242,16917,.72149998,7,14,14,1,11,6.0160236,1.6887295,121
1,1355,0,3,33,12,.66420001,1,2750,35,17,6.1817999,18000,.72149998,12,7,9.5,0,7,17.10001,-.40917197,49
1,80,0,0,30,12,1.25,0,2085,32,16,2.9755001,8337,.75150001,12,12,11,1,9,8.2370005,.22314355,81
1,1670,0,0,54,12,2.2753999,2.0999999,2600,56,8,4.5769,17100,.72149998,12,7,9.5,0,19,13.300082,.82215583,361
1,520,0,4,39,11,3.4614999,3.05,3542,40,12,3.1056001,17800,.75150001,10,7,11,0,11,16.000021,1.241702,121
1,288,0,3,43,12,4.1666999,3,1975,43,12,5.8228002,13740,.75150001,12,12,14,1,8,12.53999,1.4271244,64
1,2014,0,3,31,9,4.4686999,4.2600002,2400,32,12,7.5,27000,.62150002,10,3,9.5,1,13,18.000038,1.4970975,169
1,800,0,3,33,13,1.75,0,3000,37,14,8.3332996,32600,.62150002,12,7,7.5,1,4,31.200001,.55961579,16
1,1984,0,3,40,12,3.6694,4.25,1960,39,14,9.2347002,28030,.66149998,12,12,14,1,7,20.74991,1.3000282,49
1,1823,0,1,36,12,6.5826001,6,2000,39,9,5.5,23100,.66149998,12,12,3,0,19,11.09992,1.8844298,361
1,1500,0,0,51,12,2.5999999,2,3000,51,12,6,24580,.66149998,7,7,9.5,1,14,20.68,.95551139,196
1,2261,0,1,44,13,4.8650999,5.5,2400,43,12,6.6666999,29000,.62150002,12,7,9.5,1,14,18.00001,1.5820873,196
1,1728,0,3,42,16,5.7870002,6.25,2450,48,14,13.061,42430,.52149999,12,14,9.5,1,3,32.430065,1.755614,9
1,1960,0,1,40,12,4.5408001,5,2423,40,8,12.794,41800,.52149999,12,12,7.5,1,9,32.900032,1.5131032,81
1,1578,1,1,34,16,9.5057001,7.7199998,2000,33,16,12,39100,.57999998,12,17,9.5,1,7,24.100006,2.2518916,49
1,1316,0,0,30,17,10.638,7,2526,41,16,6.73,31800,.58149999,16,17,11,1,7,17.800392,2.3644323,49
1,1530,0,0,54,12,1.1111,1.13,2695,53,12,6.6789999,22200,.69150001,7,7,14,0,14,20.500017,.10535048,196
1,2220,0,0,51,12,4.0541,4.3699999,2048,54,12,4.3944998,19500,.69150001,16,7,3,0,29,10.499898,1.3997288,841
1,1336,0,2,44,9,2.6870999,2.6400001,1920,46,11,4.6875,14027,.75150001,7,10,11,0,19,10.437035,.98846251,361
1,1008,0,1,43,12,2.9762001,2.5,2338,42,9,7.6989002,21195,.66149998,7,7,11,1,14,18.19499,1.0906473,196
1,1944,0,1,34,12,3.1728001,3.23,2945,37,8,4.3287001,19013,.69150001,10,7,7.5,0,16,12.845077,1.1546144,256
1,2000,0,0,45,13,3.55,3.45,2047,52,12,6.7416,20900,.66149998,12,7,11,1,10,13.8,1.2669476,100
1,258,0,0,39,12,17.907,0,1668,47,7,9.3525,26820,.62150002,10,3,11,0,12,22.199995,2.8851917,144
1,1785,0,0,50,12,3.4173999,5.75,175,48,10,9.1429005,12800,.75150001,0,0,14,1,24,6.6999412,1.22888,576
1,480,0,0,52,12,3.3333001,0,1798,53,12,2.6417999,7850,.75150001,7,7,14,0,6,6.2500157,1.2039628,36
1,772,0,2,41,12,3.8859999,7.5,1222,45,12,7.3649998,18600,.72149998,12,12,7.5,1,9,15.600008,1.3573803,81
1,900,0,0,59,10,2.3111,2.22,1820,59,7,1.4066,5380,.77149999,12,7,5,0,14,3.30001,.83772361,196
1,1428,0,0,52,12,1.7108001,2.5,1560,60,8,1.5192,6114,.77149999,10,7,14,0,26,3.6709776,.53696114,676
1,210,0,0,46,16,2.1143,4,2210,49,12,3.3439,8234,.75150001,12,12,14,0,7,7.7899971,.7487238,49
1,239,1,5,41,12,9.9330997,4.5,2874,48,16,2.9105999,20646,.72149998,3,7,11,1,4,18.27199,2.2958727,16
1,1878,0,2,33,11,3.0276999,3.5,2499,35,8,4.3834,16640,.72149998,7,7,9.5,0,15,10.953979,1.1078032,225
1,215,0,0,45,12,1.8605,2.3,3088,38,12,4.2097998,13900,.72149998,12,12,5,1,23,13.499992,.62084526,529
1,2340,1,2,36,10,.12819999,0,2020,37,8,3.7128999,11500,.78149998,10,7,7.5,0,1,11.200012,-2.0541637,1
1,1960,0,1,48,12,6.6327,6.3000002,1980,56,10,10.606,34000,.55150002,7,7,14,1,29,20.999908,1.892012,841
1,532,0,1,47,12,5.6391001,3.5999999,1968,47,11,8.6381998,28700,.66149998,7,3,11,1,9,25.699999,1.7297245,81
1,394,0,0,45,12,1.599,2.5,2100,45,12,3.8367,9563,.75150001,7,7,7.5,0,6,8.9329939,.46937841,36
1,675,0,2,37,12,2.6666999,3,2651,48,17,7.1671,20960,.69150001,7,7,7.5,0,11,19.159977,.9808417,121
1,1515,0,4,46,16,7.9208002,6.8000002,1918,49,14,8.8634005,38590,.62150002,12,10,14,1,17,26.589987,2.0694923,289
1,1030,0,3,43,17,5.3397999,5.8000002,2585,46,16,7.7368999,27900,.66149998,12,12,5,1,6,22.400005,1.6751882,36
1,1250,0,2,42,12,4,4,2250,46,17,9.1702003,25633,.62150002,7,7,7.5,1,7,20.632999,1.3862944,49
1,1158,1,2,34,17,6.0448999,5.0999999,2480,39,17,11.29,35200,.55150002,12,12,7.5,1,2,28.200006,1.799215,4
1,112,0,0,52,12,6.25,0,2924,53,12,6.3269,29500,.58149999,7,7,7.5,1,24,28.799999,1.8325815,576
1,336,0,3,37,12,2.9762001,2.2,1896,52,9,4.7467999,10000,.75150001,10,7,7.5,0,4,8.9999971,1.0906473,16
1,1984,0,1,37,12,4.2339001,4.7800002,2332,40,12,4.8885002,19800,.69150001,10,7,5,0,11,11.399942,1.4431236,121
1,716,0,0,52,8,3.4916,2.2,3482,59,7,2.4842,12900,.72149998,7,7,5,0,25,10.400014,1.2503601,625
1,1410,1,0,30,12,4.9645,1.28,2106,30,14,8.5469999,26080,.62150002,12,12,7.5,0,11,19.080055,1.6023126,121
1,1300,0,1,31,13,2.7692001,0,1160,32,12,6.6378999,13066,.75150001,17,7,11,1,2,9.4660397,1.0185585,4
1,1640,0,1,38,12,3.6585,3.25,2040,46,12,3.1863,12500,.72149998,7,7,7.5,0,19,6.5000601,1.2970532,361
1,1202,0,3,43,12,5.3934999,0,2856,48,16,4.5465999,35600,.58149999,7,7,9,1,7,29.117014,1.6851945,49
1,489,0,1,49,8,.65640002,2.29,950,51,8,12.789,19424,.75150001,7,7,5,1,2,19.10302,-.42098489,4
1,2076,0,0,55,12,4.7687998,4.6799998,2068,58,10,6.5279999,26250,.66149998,7,7,5,1,20,16.349972,1.5620947,400
1,526,0,2,38,17,8.5551004,4.1999998,1896,42,17,16.403,36525,.55150002,12,14,9.5,1,10,32.025017,2.1465275,100
1,1721,0,0,52,17,10.459,9.5,2000,56,16,7,34700,.61000001,14,17,14,1,19,16.700062,2.3474629,361
1,1327,0,0,48,12,2.6375,2.5699999,288,51,11,13.542,8311,.75150001,7,7,11,1,17,4.8110375,.96983153,289
1,584,0,2,32,13,6.8492999,4.3200002,2160,33,12,6.7129998,28626,.69150001,12,10,11,1,12,24.626009,1.9241464,144
1,1376,0,1,32,12,5.0872002,5,3120,33,17,5.4487,24400,.66149998,7,7,5,1,11,17.400013,1.6267276,121
1,1040,0,2,38,12,.96149999,0,1944,41,17,6.6872001,14025,.72149998,7,7,7.5,1,6,13.02504,-.039260726,36
1,548,0,3,46,12,4.3066001,3.6900001,2046,47,12,9.0943003,21367,.69150001,16,12,14,1,10,19.006983,1.4601487,100
1,15,0,3,40,12,7.0667,0,2005,42,9,6.5337,14136,.75150001,7,7,7.5,0,4,14.03,1.9553936,16
1,1980,0,4,31,9,2.5253,2.5599999,2070,36,10,4.6859999,19900,.75150001,10,7,5,1,2,14.899906,.92635989,4
1,1520,0,1,43,10,7.8947001,5,3000,50,12,8,37000,.52149999,12,9,9.5,1,13,25.000055,2.0661917,169
1,1880,0,0,51,12,4.1489,3.9000001,2640,51,12,4.053,18500,.69150001,7,7,7.5,0,21,10.700068,1.4228432,441
1,1260,1,0,30,16,8.1745996,8.1700001,2450,34,17,8.1632996,34550,.55150002,16,14,5,1,9,24.250004,2.1010318,81
1,1092,0,0,52,13,9.5971003,0,1000,53,15,16.5,49620,.46149999,10,7,11,1,4,39.139965,2.261461,16
1,1587,1,5,30,8,2.0164001,2.3,2080,33,8,3.4614999,10400,.78149998,3,3,7.5,0,2,7.1999731,.70131379,4
1,156,0,0,51,16,7.6217999,0,2413,51,16,11.361,33000,.55150002,16,16,11,1,19,31.810999,2.0310125,361
1,1939,0,2,31,13,3.1975,3.4300001,2570,31,12,3.8910999,16200,.72149998,7,3,7.5,1,4,10.000048,1.1623693,16
1,1250,0,4,34,12,1.6,1.36,2030,52,12,9.6058998,22660,.69150001,12,16,7.5,1,9,20.66,.47000363,81
1,610,0,0,49,11,4.0984001,4,4684,59,17,2.6687,16000,.72149998,7,7,7.5,1,14,13.499976,1.4105967,196
1,270,1,3,35,13,1.4815,5,2802,41,17,8.8865004,25780,.66149998,7,16,9.5,1,6,25.379995,.39305511,36
1,660,1,0,53,12,3.6364,3.1500001,2090,59,12,6.3635998,20675,.72149998,7,12,7.5,1,24,18.274977,1.2909942,576
1,1000,0,3,32,12,1,0,2053,46,16,17.728001,40213,.55150002,12,7,11,0,1,39.213001,0,1
1,1920,0,3,38,10,2.6041999,2.9300001,1984,42,10,5.2923002,15500,.72149998,12,7,7.5,1,13,10.499936,.95712548,169
1,200,0,0,54,12,1.75,0,2040,54,16,15.686,35207,.58149999,7,12,9.5,1,3,34.856998,.55961579,9
1,1500,0,1,47,17,4.8000002,3.5999999,2794,58,8,5.2423,35702,.55150002,10,12,11,1,10,28.501999,1.5686159,100
1,868,0,1,45,15,5.5300002,6,3290,47,14,3.0395,17800,.72149998,14,12,9.5,1,16,12.99996,1.7101879,256
1,2318,0,1,47,16,4.0984001,4.1999998,1911,46,16,16.745001,50900,.49149999,16,16,5,1,9,41.39991,1.4105967,81
1,2000,0,0,59,10,1.25,0,2000,60,12,3.75,17280,.69150001,7,7,5,0,19,14.78,.22314355,361
1,60,0,1,32,11,1.6667,0,2580,31,12,5.8140001,15150,.72149998,10,9,5,1,4,15.049998,.5108456,16
1,1715,0,1,45,12,3.7901001,3.3800001,2400,49,17,10.833,36200,.58149999,7,7,7.5,1,10,29.699978,1.3323925,100
1,550,0,4,40,12,2.3636,2.26,1740,47,12,9.0029001,17465,.72149998,14,12,5,1,5,16.16502,.86018586,25
1,1960,0,2,47,14,10.204,0,2500,50,12,6.54,45205,.61000001,14,12,3,1,7,25.205158,2.3227799,49
1,44,1,2,36,16,6.8182001,1.36,1840,37,17,5.9783001,14500,.75150001,12,10,5,0,3,14.199999,1.9195955,9
1,1920,0,0,56,14,7.2146001,6.9200001,2036,56,14,8.6247997,32011,.58149999,7,7,7.5,0,38,18.158968,1.9761068,1444
1,2540,0,1,41,8,2.4484,0,3536,43,11,4.8329,35200,.62150002,7,12,9.5,0,16,28.981064,.89543474,256
1,156,0,3,48,7,1.1987,0,880,51,11,10.909,13579,.75150001,3,7,11,0,13,13.392003,.18123759,169
1,780,1,2,36,12,1.641,0,2007,38,12,3.8864,10455,.75150001,7,7,11,0,1,9.1750202,.49530584,1
1,3120,0,0,41,12,1.7821,0,2632,44,13,8.4574003,32600,.55150002,7,3,5,0,7,27.039848,.57779241,49
1,2040,0,0,41,14,2.9412,2.8,2600,43,12,5,19150,.69150001,7,10,11,1,15,13.149952,1.0788177,225
1,1610,0,3,36,12,4.9689002,4.25,2156,36,13,7.4211998,24400,.66149998,12,17,9.5,1,10,16.40007,1.6031985,100
1,215,0,3,37,12,1.8605,0,3625,41,12,4.4938002,21700,.69150001,10,7,3,0,2,21.299992,.62084526,4
1,1120,0,0,38,12,8.0356998,0,2420,42,12,7.0251999,26201,.62150002,7,3,9.5,1,19,17.201015,2.083894,361
1,846,0,2,43,14,3.9716001,4.1999998,2080,43,9,3.2788,11920,.75150001,3,3,7.5,1,25,8.5600262,1.3791691,625
1,3225,0,0,54,16,3.0416,0,3443,59,17,1.2861,16300,.72149998,12,12,9.5,1,25,6.49084,1.1123837,625
1,1376,0,1,38,12,2.9070001,3.75,2250,41,12,5.5556002,16500,.72149998,7,7,5,1,7,12.499968,1.0671216,49
1,980,1,0,30,12,3.0611999,3.5999999,2535,34,16,7.4951,30000,.58149999,12,7,11,1,15,27.000025,1.118807,225
1,1838,0,0,49,12,4.8965998,5,2352,48,15,22.108999,62500,.44150001,7,7,9.5,1,11,53.50005,1.588541,121
1,1494,0,1,45,13,4.0160999,2.5,3036,49,6,9.0579996,58500,.44150001,10,10,9.5,1,25,52.499947,1.3903112,625
1,450,0,0,51,13,5.5556002,3.5,2600,57,14,11.538,40900,.52149999,7,7,9.5,1,19,38.399979,1.7148064,361
1,1976,0,0,34,10,1.2227,2.45,2223,39,7,6.0468001,16308,.69150001,0,10,7.5,1,4,13.891945,.20106153,16
1,2012,0,2,34,12,2.6839001,3.6099999,2666,34,10,1.3653001,9300,.75150001,7,7,7.5,1,14,3.8999929,.98727101,196
1,561,0,1,41,12,2.6738,3.25,2006,41,17,16.549999,35700,.55150002,10,9,7.5,1,19,34.199997,.98350066,361
1,1715,0,1,49,12,9.3294001,7.0500002,1710,49,17,8.7719002,35700,.63999999,9,9,11,1,18,19.700079,2.2331707,324
1,1912,0,0,32,12,3.1380999,3.5999999,1920,46,14,9.6353998,24500,.66149998,12,12,5,1,14,18.499952,1.1436175,196
1,3686,0,0,32,14,.54259998,0,1647,39,14,6.6788001,13000,.72149998,12,12,7.5,1,11,10.999976,-.6113829,121
1,1080,0,2,32,17,8.6111002,4.6500001,3080,35,15,7.5727,52600,.44150001,12,12,5,0,4,43.300011,2.1530521,16
1,1799,0,0,47,10,3.6687,3.25,1920,48,10,7.8125,25360,.66149998,3,7,7.5,1,29,18.760008,1.2998374,841
1,1984,0,1,39,9,2.3185,2.3,2420,47,4,1.9835,9400,.75150001,9,9,7.5,0,21,4.800096,.84092045,441
1,1839,0,0,49,12,2.882,3.27,2205,53,15,9.5237999,26800,.62150002,12,12,11,1,24,21.500002,1.0584844,576
1,1579,0,3,37,12,3.1666,0,3035,39,14,6.4250002,33040,.66149998,12,7,7.5,1,19,28.039938,1.1526585,361
1,96,0,0,59,16,3.6458001,0,2185,60,15,10.984,26350,.62150002,14,12,7.5,1,31,26.000004,1.2935759,961
1,1920,0,0,50,12,6.25,5.4699998,1880,56,12,12.766,39000,.52149999,7,7,14,1,28,27,1.8325815,784
1,1688,0,1,32,17,10.249,9.8000002,1863,33,17,9.5544996,35100,.61000001,12,12,9.5,1,15,17.799688,2.3271801,225
1,1589,0,0,46,12,3.2096,5.54,2456,48,16,5.4966998,22502,.66149998,12,12,11,0,27,17.401945,1.1661463,729
1,345,0,2,43,17,7.6522002,5,1847,46,17,9.7617998,21950,.69150001,12,14,14,0,13,19.309992,2.0349932,169
1,1521,0,3,37,11,1.9724,2.3,2000,42,6,5,13000,.75150001,7,7,7.5,0,4,9.99998,.67925107,16
1,1490,0,2,32,16,4.698,3.9000001,1856,35,14,5.9994998,18180,.72149998,12,14,9,1,10,11.17998,1.5471369,100
1,989,0,1,39,11,2.1234,2.76,1880,43,14,6.9148998,20957,.69150001,10,10,9,1,8,18.856956,.75301856,64
1,600,0,2,34,13,2.3333001,2.9000001,3020,35,12,4.9668999,13700,.72149998,12,12,7.5,0,4,12.30002,.8472836,16
1,2646,0,1,39,11,2.3896,0,2646,41,8,2.3896,20000,.69150001,7,7,5,1,18,13.677118,.871126,324
1,2149,0,3,45,8,1.2564,2.5,1640,48,9,4.5121999,12260,.75150001,7,7,5,1,3,9.5599966,.22825047,9
1,320,0,0,50,11,1.0937999,0,1950,54,11,9.2307997,24850,.66149998,3,12,7.5,1,11,24.499985,.089657828,121
1,1600,0,1,40,12,3.75,3.3,1920,39,12,11.458,29150,.58149999,12,7,7.5,1,8,23.15,1.3217559,64
1,2419,0,1,30,10,3.3072,3.9000001,2025,34,12,7.6992998,23591,.66149998,7,7,11,1,10,15.590883,1.1961019,100
1,2005,0,0,57,17,5.1352,5.25,2470,56,17,4.1830001,24717,.66149998,16,12,11,1,33,14.420924,1.6361188,1089
1,1960,0,1,39,12,6.6327,3.5999999,1800,43,12,8.3332996,30455,.62150002,12,12,9,1,19,17.454908,1.892012,361
1,2147,0,0,53,12,4.5644999,4.9000001,1920,56,8,5.1041999,19600,.69150001,12,12,7.5,1,35,9.8000193,1.518309,1225
1,1207,0,1,48,17,11.848,7.1500001,2039,53,17,8.2271004,31875,.63999999,7,12,5,1,21,17.574465,2.4721591,441
1,2000,0,1,46,14,3.75,3.75,2570,48,16,5.6634002,24055,.66149998,14,14,7.5,0,7,16.555,1.3217559,49
1,1260,0,0,47,12,4.3650999,4.3499999,1914,54,12,5.2220001,18795,.72149998,7,10,7.5,0,18,13.294974,1.473641,324
1,90,0,1,43,12,3.9333,4,1516,47,10,7.1900001,12198,.75150001,7,7,7.5,0,4,11.844003,1.3694788,16
1,1800,0,0,47,12,3.3333001,3.25,2520,47,16,13.907,52645,.49149999,12,7,7.5,1,12,46.645061,1.2039628,144
1,573,0,1,47,12,3.3159001,2.2,2327,48,12,6.0163002,16600,.72149998,10,7,14,0,16,14.699989,1.1987292,256
1,1825,0,0,47,12,3.5616,3,2188,50,12,7.6781998,32590,.62150002,7,7,7.5,1,14,26.09008,1.2702099,196
1,75,0,0,46,12,1.6,0,1864,48,12,5.3112001,10020,.75150001,3,7,7.5,1,3,9.8999996,.47000363,9
1,1348,0,4,34,9,2.2255001,2.3,2183,33,10,4.1227999,12048,.75150001,7,7,11,0,1,9.0480261,.79998165,1
1,1880,0,0,48,10,4.7872,4.25,1920,55,12,7.8125,39750,.62150002,7,7,11,0,27,30.750065,1.5659456,729
1,1240,0,1,30,12,5.8065,6.9000001,1824,31,12,4.6052999,15700,.72149998,10,7,7.5,1,12,8.4999399,1.758978,144
1,848,0,1,51,12,2.3585,2.3,2878,54,12,3.9746001,24250,.66149998,7,7,3,0,6,22.249992,.85802585,36
1,150,0,5,52,12,2,0,2390,54,16,15.063,43210,.52149999,7,12,14,1,9,42.91,.69314718,81
1,2000,0,2,37,12,1.9,1.85,3120,39,13,4.5064001,37100,.62150002,12,12,5,0,2,33.299999,.64185387,4
1,1952,0,2,32,12,5.1230001,3.25,2040,33,12,5.8824,23820,.66149998,12,7,5,0,6,13.819903,1.6337402,36
1,1456,0,2,36,17,5.4945002,6.04,2151,35,15,10.228,31600,.58149999,12,14,5,1,9,23.600008,1.7037476,81
1,1740,0,2,35,12,6.3218002,5.5,1976,37,14,6.5788999,24000,.66149998,10,10,7.5,1,16,13.000068,1.844004,256
1,1400,0,0,45,17,7.1429,7.1399999,2286,51,16,8.8144999,30750,.58149999,14,12,5,0,22,20.749941,1.9661188,484
1,2000,0,0,56,12,2.375,2.7,2032,60,10,2.9528,11050,.75150001,7,7,14,0,26,6.3000002,.86499745,676
1,1750,0,2,40,10,2.5429001,2.74,1680,45,4,4.5173001,12239,.75150001,7,7,14,0,11,7.7889247,.9333052,121
1,1101,1,2,45,12,2.1798,2.3,1560,49,14,5.1282001,12870,.75150001,14,12,7.5,1,11,10.47004,.77923316,121
1,2000,0,2,32,12,2.5999999,2.5,2895,30,12,4.1451001,17200,.72149998,10,7,7.5,0,15,12,.95551139,225
1,1877,0,0,45,12,3.7293999,3.5999999,1820,50,8,8.7911997,23980,.66149998,10,10,7.5,0,13,16.979916,1.3162473,169
1,160,0,2,40,12,4.375,1.85,2450,44,12,7.3060999,18600,.69150001,7,12,14,1,6,17.9,1.4759065,36
1,1886,0,1,38,12,4.4432998,4,1748,42,8,6.0068998,23920,.69150001,7,10,9.5,1,20,15.539937,1.4913973,400
1,1446,0,4,49,12,4.2877002,4.4000001,1020,45,12,8.3332996,16084,.75150001,7,7,14,1,17,9.8839855,1.4557505,289
1,1500,0,1,47,16,1.6667,1.5,2342,49,17,11.529,31100,.58149999,14,14,11,1,8,28.599951,.5108456,64
1,860,0,0,52,13,3.2558,5.8299999,2250,53,12,6.6666999,20460,.66149998,7,7,11,1,13,17.660011,1.180438,169
1,1848,0,1,34,13,5.4113002,6,2880,40,16,8.6806002,36000,.55150002,12,12,7.5,1,15,25.999918,1.6884894,225
1,1678,0,2,44,12,2.2049999,2.3,2032,46,12,3.4679999,17302,.72149998,14,12,3,0,14,13.60201,.7907275,196
1,160,0,3,36,16,4.0625,0,3120,42,16,3.0321,16450,.72149998,14,7,3,0,14,15.8,1.4017986,196
1,108,0,0,50,17,.64819998,0,1760,57,16,13.807,41170,.58149999,14,16,9.5,1,6,41.099995,-.43355602,36
1,1738,0,0,45,12,5.3825998,6.1799998,1725,47,12,6.2174001,20130,.66149998,0,0,7.5,1,24,10.775042,1.6831715,576
1,1170,0,2,44,14,.1709,0,2080,46,13,4.2308002,9200,.75150001,16,12,9.5,1,10,9.0000467,-1.7666767,100
1,15,0,2,57,12,23.466999,0,2040,57,10,11.47,24751,.66149998,7,7,11,1,2,24.398994,3.1555951,4
1,2088,0,0,35,17,9.5784998,9.9799995,2940,42,17,12.245,57300,.5,12,17,9.5,1,9,37.300091,2.259521,81
1,2490,0,0,46,12,3.6947999,3.77,2280,52,12,9.2104998,37200,.58149999,7,7,7.5,1,23,27.999949,1.3069264,529
1,135,2,1,30,14,2.2221999,0,2164,35,16,6.3309002,14000,.72149998,10,12,14,1,12,13.700003,.79849768,144
1,1944,0,3,42,12,1.749,2.3,1999,44,12,7.8038998,20610,.69150001,7,3,14,0,8,17.209944,.55904418,64
1,690,0,1,34,12,1.1594,2.25,1824,36,13,7.6753998,14800,.72149998,10,7,7.5,1,16,14.000014,.14790262,256
1,608,0,2,45,17,6.9900999,3,2182,47,16,15.582,40005,.55150002,10,14,14,1,10,35.75502,1.9444948,100
1,63,1,2,35,16,3.9683001,0,2385,37,16,9.6436005,23750,.66149998,14,7,14,1,7,23.499996,1.3783379,49
1,154,0,0,40,16,21.429001,8.1300001,2460,44,17,12.886,35300,.55150002,7,12,14,1,19,31.999933,3.0647452,361
1,420,0,1,32,12,.47620001,2.8499999,2595,35,16,6.5510998,17350,.69150001,12,12,7.5,1,2,17.149996,-.74191731,4
1,651,0,0,54,9,2.1505001,1.4400001,2400,57,10,8.25,21650,.66149998,7,7,7.5,1,9,20.250025,.7657004,81
1,675,0,3,38,12,1.8578,2.2,3120,42,8,1.3792,6740,.79149997,7,7,14,0,14,5.4859848,.61939299,196
1,1663,0,3,43,12,4.3295002,3.5999999,2850,42,12,5.2631998,32275,.69150001,12,14,5,1,9,25.075041,1.4654521,81
1,1680,0,0,54,16,8.9286003,7,760,60,12,10.526,33220,.72000003,14,7,9.5,1,16,18.219952,2.1892595,256
1,180,0,3,39,14,2.7778001,4,2500,37,17,10,26500,.62150002,12,12,7.5,1,7,25.999996,1.0216593,49
1,1581,0,1,37,12,2.6565001,3.25,2630,39,14,12.548,38700,.52149999,7,12,5,1,6,34.500072,.97700948,36
1,1200,0,2,46,12,2.5,3.0799999,2597,48,8,4.6206999,15400,.72149998,7,7,5,1,22,12.4,.91629076,484
1,450,0,0,56,11,18.267,0,2760,60,11,1.854,19007,.69150001,7,7,3,0,9,10.78685,2.9050961,81
1,547,0,3,41,12,.81900001,2,2070,44,8,7.4266,16771,.72149998,12,7,7.5,0,9,16.323008,-.19967119,81
1,300,0,1,45,16,2,0,2256,48,16,13.298,31100,.58149999,16,7,11,1,14,30.5,.69314718,196
1,975,0,1,44,17,15.385,8.5,1505,47,16,26.577999,66300,.5,3,3,7.5,1,17,51.299625,2.733393,289
1,1621,0,1,50,17,6.4775,0,2364,52,17,13.959,43550,.49149999,16,12,5,0,12,33.049973,1.8683347,144
1,300,0,5,37,14,8.3332996,3.5,2895,38,14,13.126,37250,.62150002,7,7,11,0,13,34.750011,2.1202595,169
1,1868,0,1,44,12,4.5503001,4.25,2041,46,12,7.8882999,24900,.66149998,16,7,14,0,8,16.40004,1.5151932,64
1,1803,0,2,32,14,2.4958,1.9,2195,34,17,8.6560001,24200,.66149998,7,14,9.5,1,10,19.700073,.91460931,100
1,2143,1,1,34,12,4.4797001,4.8000002,1935,40,12,3.4109001,16200,.72149998,10,10,14,0,16,6.6000028,1.4995561,256
1,1080,0,2,32,10,2.2323999,2.3,1950,35,10,4.6255999,11431,.75150001,10,10,7.5,0,1,9.0200081,.80307722,1
1,1352,0,3,37,12,2.0710001,1.8,2375,38,14,4.2104998,13200,.75150001,10,10,11,0,6,10.400008,.72803164,36
1,537,0,1,44,13,1.676,0,1920,55,8,4.2708001,15420,.77149999,10,10,9,1,4,14.519988,.51640999,16
1,352,0,2,34,16,3.4091001,0,3300,33,12,3.3424001,18400,.69150001,12,12,14,0,8,17.199997,1.2264483,64
1,200,1,3,33,12,2.5,8,3680,33,16,8.6358995,43500,.49149999,10,3,5,1,4,43,.91629076,16
1,2045,0,3,43,7,3.9609001,4.0700002,1968,43,12,6.7581,21972,.69150001,7,7,7.5,1,15,13.87196,1.3764713,225
1,1253,0,2,35,16,6.2275,3.97,2504,33,10,.58429998,7774,.77149999,16,16,11,0,7,-.029057452,1.828975,49
1,1960,0,1,43,14,3.9286001,3.8499999,2000,45,14,5.335,24470,.69150001,7,7,7.5,0,14,16.769943,1.3682832,196
1,2000,0,0,34,12,2.9000001,2.5,1656,37,12,4.7101002,13600,.72149998,7,7,7.5,0,16,7.7999997,1.0647107,256
1,1960,0,3,36,10,4.0816002,4.5500002,1968,39,7,4.9797001,22500,.72149998,7,0,7.5,0,15,14.500064,1.4064891,225
1,2000,0,2,41,12,2.8499999,4.1999998,2016,41,12,2.9762001,13600,.72149998,7,7,14,0,23,7.9000001,1.0473189,529
1,1568,0,0,41,16,7.0152998,6.3099999,2602,44,17,12.744,90800,.44150001,7,7,7.5,0,19,79.800011,1.9480934,361
1,1225,0,3,35,10,2.9388001,2.4000001,1560,43,9,3.8462,10776,.75150001,10,10,7.5,0,4,7.1759701,1.0780014,16
1,780,1,3,32,12,1.9231,3.25,1827,37,10,7.2233,19007,.75150001,10,7,5,1,12,17.506983,.65393847,144
1,480,0,0,30,14,6.875,0,2080,34,14,8.8077002,23900,.66149998,12,12,14,1,12,20.6,1.9278916,144
1,1923,0,0,43,12,3.9001999,4.7399998,3390,47,12,5.3864002,26060,.62150002,7,7,7.5,1,25,18.559916,1.3610278,625
1,2000,0,0,54,6,2,0,2524,57,6,3.6846001,13300,.72149998,7,7,7.5,0,14,9.3000002,.69314718,196
1,2110,0,2,35,15,4.9762998,4.3699999,2777,34,12,1.8437001,15620,.72149998,7,7,7.5,0,14,5.1200075,1.6046866,196
1,1664,0,0,50,12,1.2019,5,3120,54,13,1.3013,16500,.72149998,7,7,7.5,0,11,14.500038,.18390365,121
1,48,1,1,34,17,22.5,0,2700,36,17,7.2221999,20880,.69150001,14,16,5,1,7,19.799999,3.1135154,49
1,1791,0,0,52,14,6.8677001,6.1799998,1904,57,12,7.3529,30600,.66149998,14,12,9.5,1,18,18.29995,1.9268292,324
1,1404,0,3,35,13,3.5613,5.3000002,2360,38,14,11.864,39000,.62150002,7,10,9,1,4,33.999935,1.2701256,16
1,1920,0,0,55,6,1.9792,2.5799999,1960,58,8,5.3326998,15428,.72149998,7,7,7.5,0,37,11.627936,.68269271,1369
1,2141,0,0,35,16,5.3713002,6,2000,42,16,5.5,23300,.66149998,7,7,7.5,0,13,11.800046,1.68107,169
1,1720,0,1,49,14,1.7442,0,2600,45,16,7.2308002,42100,.52149999,16,16,9.5,1,14,39.099976,.55629599,196
1,3533,2,2,38,15,5.0948,8.5,2000,38,9,7,36430,.63999999,12,7,9.5,1,17,18.430071,1.6282204,289
1,2000,0,2,42,14,2.5,0,2218,45,14,7.2136998,26000,.69150001,7,7,9.5,1,5,21,.91629076,25
1,800,0,1,48,8,3.825,2.3,2000,52,5,4.5,62060,.75150001,7,7,7.5,0,2,59,1.3415585,4
1,3000,0,0,51,14,1,0,2595,53,16,8.8632002,28300,.62150002,12,12,9.5,1,0,25.299999,0,0
1,293,0,2,43,12,3.0717001,4,2400,47,12,9.3332996,24149,.66149998,12,10,7.5,1,3,23.248991,1.1222312,9
1,1872,0,1,43,12,1.7163,0,2856,48,12,3.8262999,28141,.66149998,12,10,7.5,1,21,24.928087,.54017079,441
1,2058,0,1,38,12,4.0208998,4,2601,38,14,5.4447999,23057,.66149998,10,10,7.5,1,20,14.781988,1.3915057,400
1,1832,0,1,44,12,5.4584999,4.9499998,2054,48,9,8.7634001,28900,.62150002,3,7,7.5,1,19,18.900028,1.697174,361
1,120,1,3,36,12,25,9.9799995,2500,35,12,8.3999996,24000,.66149998,12,10,9.5,1,4,21,3.2188759,16
1,1632,0,0,38,12,2.3896999,2.3,1960,31,12,5.1020002,13900,.72149998,12,12,7.5,0,19,10.00001,.87116778,361
1,778,0,0,47,8,3.2133999,7.25,2058,51,8,7.4101,31810,.69150001,12,12,5,1,11,29.309975,1.1673295,121
1,1984,0,2,34,12,3.3770001,3.1400001,2410,49,10,5.3527002,19840,.69150001,7,7,7.5,0,14,13.140032,1.2169877,196
1,225,1,2,40,17,1.7778,0,1278,38,17,19.562,25490,.66149998,16,17,14,1,8,25.089994,.57537663,64
1,1960,0,1,31,12,3.1633,3.1800001,2875,35,12,5.0783,20800,.69150001,12,12,7.5,0,13,14.599932,1.1516157,169
1,444,0,0,46,12,2.7026999,0,2340,49,12,.51279998,2400,.80150002,10,16,7.5,1,24,1.2000012,.99425125,576
1,384,0,3,36,14,1.6927,0,3060,43,17,5.402,32650,.58149999,10,10,14,1,1,32.000004,.52632493,1
1,1170,1,2,39,13,.2137,0,1920,47,12,7.8646002,16370,.72149998,12,16,11,1,1,16.11997,-1.5431821,1
1,1330,0,2,36,17,6.7669001,4.5,3390,38,12,6.0531001,35500,.55150002,7,7,14,0,3,26.500023,1.9120431,9
1,1350,0,4,37,8,1.7407,2.0999999,2400,41,12,5,15100,.75150001,7,7,3,0,4,12.750055,.55428731,16
1,480,0,4,39,12,2.5,0,1640,40,11,7.6829,14100,.75150001,7,9,3,0,21,12.9,.91629076,441
1,1984,1,3,36,11,4.4858999,3.26,1656,38,8,6.0386,19600,.72149998,7,3,14,0,10,10.699975,1.5009391,100
1,1944,0,2,49,12,2.572,2.7,1920,53,16,5.8509998,19434,.72149998,7,7,5,1,13,14.434031,.94468379,169
1,50,1,1,45,12,3.46,5,1780,46,10,6.7416,23882,.72149998,7,7,9.5,1,9,23.709,1.2412686,81
1,460,2,0,32,17,4.7825999,0,1850,31,17,8.1080999,17300,.72149998,7,7,7.5,0,14,15.100004,1.5649843,196
1,680,0,5,36,10,2.3118,0,3430,43,12,5.3060999,19772,.72149998,7,7,7.5,0,2,18.199976,.83802646,4
1,2450,0,1,40,12,5.3060999,6.5,2008,40,8,7.2708998,35641,.62150002,7,7,5,1,21,22.641056,1.6688571,441
1,2144,0,2,43,13,5.8674998,0,2140,43,11,8.1775999,34220,.58149999,7,7,7.5,1,22,21.640079,1.7694286,484
1,1760,0,1,33,12,3.4091001,3.21,3380,34,12,7.1005998,30000,.58149999,12,16,11,1,14,23.999985,1.2264483,196
1,490,0,1,30,12,4.0816002,2.46,2430,33,11,6.5844002,18000,.69150001,12,12,7.5,1,7,16.000015,1.4064891,49
0,0,0,1,49,12,0,0,2550,54,15,7.8529,21025,.66149998,14,12,7.5,1,2,21.025,,4
0,0,2,0,30,16,0,0,1928,34,16,11.929,23600,.66149998,14,7,9.5,1,5,23.6,,25
0,0,1,0,30,12,0,0,1100,39,17,18,22800,.66149998,12,12,7.5,0,12,22.799999,,144
0,0,0,4,41,12,0,0,3193,40,16,10.022,35910,.58149999,7,7,7.5,1,1,35.91,,1
0,0,0,1,45,12,0,0,2250,46,16,9.3332996,21700,.66149998,7,7,5,1,12,21.700001,,144
0,0,0,5,43,12,0,0,2012,44,13,6.085,21823,.75150001,7,7,7.5,1,4,21.823,,16
0,0,0,1,42,13,0,0,3856,46,15,5.7054,31000,.66149998,10,7,11,1,9,31,,81
0,0,0,0,60,12,0,0,1645,58,12,9.1184998,15300,.72149998,7,7,7.5,1,9,15.3,,81
0,0,0,0,57,12,0,0,1554,57,12,7.2072001,12925,.72149998,9,3,7.5,1,6,12.925,,36
0,0,0,2,38,10,0,0,2352,41,8,5.3146,15830,.75150001,12,7,5,0,5,15.83,,25
0,0,0,0,56,12,0,0,1980,58,12,8.2827997,30200,.69150001,12,12,7.5,1,5,30.200001,,25
0,0,0,3,32,12,0,0,2352,37,7,7.0577998,16600,.72149998,10,7,5,0,8,16.6,,64
0,0,0,1,49,7,0,0,1784,58,6,6.1659002,11000,.75150001,7,7,7.5,1,2,11,,4
0,0,0,0,55,12,0,0,2500,58,12,2.7,15000,.72149998,7,10,3,0,6,15,,36
0,0,1,1,36,9,0,0,2088,39,14,7.6627998,20528,.72149998,7,7,11,0,0,20.528,,0
0,0,0,3,44,12,0,0,4640,50,12,1.8491,13126,.75150001,9,9,14,0,3,13.126,,9
0,0,0,1,44,10,0,0,3900,60,12,3.8462,15550,.72149998,7,14,7.5,1,7,15.55,,49
0,0,1,2,35,14,0,0,1988,34,17,9.0543003,18010,.72149998,3,12,7.5,1,3,18.01,,9
0,0,2,3,44,14,0,0,1920,45,10,9.375,18874,.72149998,10,10,14,0,10,18.874001,,100
0,0,0,1,45,12,0,0,2400,45,12,8.3332996,24800,.66149998,12,12,14,1,3,24.799999,,9
0,0,1,0,34,12,0,0,1867,38,12,9.3732996,17500,.69150001,12,17,5,1,2,17.5,,4
0,0,2,0,30,17,0,0,3570,32,17,4.4818001,16150,.72149998,12,12,7.5,1,12,16.15,,144
0,0,0,1,39,8,0,0,2805,44,12,5.3476,15189,.72149998,7,3,3,0,15,15.189,,225
0,0,0,2,36,12,0,0,1110,39,15,3.2026999,6000,.78149998,7,7,14,0,5,6,,25
0,0,0,2,38,17,0,0,2695,42,16,12.801,37250,.55150002,10,12,9.5,1,4,37.25,,16
0,0,0,0,53,12,0,0,1950,54,16,6.9102998,27760,.62150002,10,10,7.5,1,10,27.76,,100
0,0,0,2,36,12,0,0,2128,42,12,4.2293,9090,.77149999,7,7,3,0,1,9.0900002,,1
0,0,1,1,32,12,0,0,3260,31,12,4.4478998,14500,.72149998,12,7,7.5,1,8,14.5,,64
0,0,0,3,51,9,0,0,1987,51,12,8.0523005,19700,.72149998,7,7,14,1,20,19.700001,,400
0,0,0,0,38,11,0,0,2185,46,11,7.5057001,16788,.69150001,10,7,14,1,4,16.788,,16
0,0,2,0,33,12,0,0,2475,36,12,7.4747,18520,.69150001,10,10,11,1,7,18.52,,49
0,0,0,0,54,12,0,0,2610,53,12,6.3218002,20950,.69150001,16,10,9.5,1,10,20.950001,,100
0,0,0,3,38,9,0,0,1920,44,12,2.1354001,7574,.80150002,7,3,11,0,3,7.5739999,,9
0,0,2,2,30,11,0,0,2352,31,14,4.2091999,10027,.77149999,7,7,3,0,5,10.027,,25
0,0,2,3,34,12,0,0,3160,30,12,.75950003,5000,.94150001,12,12,7.5,0,10,5,,100
0,0,0,1,34,9,0,0,1040,37,13,4.8077002,7040,.79149997,12,7,3,0,0,7.04,,0
0,0,0,2,50,12,0,0,3120,49,12,12.788,40800,.52149999,10,7,7.5,1,3,40.799999,,9
0,0,2,0,30,17,0,0,2240,30,16,7.1429,16050,.72149998,12,12,11,0,10,16.049999,,100
0,0,0,2,38,12,0,0,1980,42,16,15.152,33100,.58149999,10,7,11,1,2,33.099998,,4
0,0,0,0,54,14,0,0,1960,58,14,7.9081998,33856,.72149998,12,12,9.5,1,10,33.855999,,100
0,0,1,2,30,12,0,3,2940,31,17,6.9727998,20500,.69150001,12,12,7.5,1,4,20.5,,16
0,0,0,0,55,12,0,0,2467,56,11,4.9180999,28600,.58149999,7,7,5,1,0,28.6,,0
0,0,0,1,51,10,0,0,2256,56,12,8.3112001,18750,.69150001,10,10,11,0,10,18.75,,100
0,0,0,1,44,12,0,0,1680,46,12,7.1429,20300,.72149998,7,7,9.5,1,5,20.299999,,25
0,0,0,0,53,12,0,0,2250,55,12,5.6889,13420,.72149998,7,7,5,0,0,13.42,,0
0,0,0,2,42,10,0,0,2400,49,9,7.0833001,18400,.72149998,3,3,5,0,0,18.4,,0
0,0,0,2,38,12,0,0,2196,42,11,5.6922002,16682,.72149998,10,7,7.5,0,19,16.681999,,361
0,0,1,3,38,13,0,0,2400,40,12,11.4,32685,.62150002,7,7,7.5,1,2,32.685001,,4
0,0,1,4,41,12,0,0,3825,41,11,1.4152,7050,.80150002,3,3,9.5,1,12,7.0500002,,144
0,0,0,3,35,8,0,0,2860,44,9,2.7507,10867,.78149998,12,7,9.5,1,5,10.867,,25
0,0,1,2,33,12,0,2.75,2750,34,12,6.6181998,18220,.72149998,12,12,9.5,1,5,18.219999,,25
0,0,0,0,48,13,0,0,2103,50,16,9.2725,26613,.69150001,7,7,7.5,0,5,26.613001,,25
0,0,0,0,47,12,0,0,1880,51,12,12.287,25000,.62150002,12,10,7.5,1,10,25,,100
0,0,0,5,34,12,0,0,3185,41,13,2.8548999,15700,.75150001,7,7,7.5,1,0,15.7,,0
0,0,2,1,33,13,0,0,2677,37,17,7.9709001,40250,.52149999,12,10,5,1,4,40.25,,16
0,0,3,1,31,13,0,0,3600,36,17,19.444,73600,.44150001,12,16,11,0,3,73.599998,,9
0,0,0,0,58,8,0,0,4334,58,8,1.4806,10592,.75150001,12,7,7.5,1,2,10.592,,4
0,0,0,0,49,12,0,0,2874,52,8,1.8918,8000,.75150001,7,7,3,0,1,8,,1
0,0,0,1,55,8,0,0,1936,56,9,6.9215002,13400,.72149998,7,3,7.5,1,0,13.4,,0
0,0,0,0,44,14,0,1.5,1964,49,8,10.692,23700,.66149998,12,12,14,1,1,23.700001,,1
0,0,0,0,44,9,0,0,1900,48,8,9.9474001,18900,.69150001,7,7,11,1,1,18.9,,1
0,0,0,3,36,16,0,0,2500,37,17,19,48300,.46149999,7,12,9.5,1,6,48.299999,,36
0,0,0,3,38,12,0,0,3173,46,14,7.4882002,24470,.66149998,14,14,9.5,1,12,24.469999,,144
0,0,0,3,37,16,0,0,2916,38,17,9.2589998,28630,.62150002,16,7,7.5,1,6,28.629999,,36
0,0,0,0,47,12,0,0,2208,51,12,11.322,25320,.62150002,12,7,5,1,9,25.32,,81
0,0,0,3,47,12,0,0,2094,47,10,6.447,13530,.75150001,12,10,7.5,1,14,13.53,,196
0,0,1,1,32,12,0,0,2250,33,12,6.5777998,14800,.72149998,7,7,9,1,13,14.8,,169
0,0,1,2,43,12,0,0,2000,46,12,6.0999999,17400,.75150001,12,7,7.5,0,8,17.4,,64
0,0,1,4,42,11,0,0,2600,48,10,4.2308002,15980,.78149998,10,10,3,0,0,15.98,,0
0,0,0,0,56,12,0,0,4368,57,8,2.217,16576,.72149998,7,7,7.5,0,1,16.576,,1
0,0,0,5,38,13,0,2.25,3068,40,16,6.5188999,21850,.69150001,12,7,11,1,3,21.85,,9
0,0,0,2,52,12,0,0,2218,51,11,6.4923,14600,.72149998,7,7,14,1,13,14.6,,169
0,0,0,0,50,12,0,0,1848,56,12,11.364,21600,.66149998,12,12,7.5,1,3,21.6,,9
0,0,0,0,33,16,0,0,2430,33,17,9.8765001,24000,.66149998,12,12,7.5,1,8,24,,64
0,0,0,2,44,16,0,0,2640,44,17,7.6575999,20883,.69150001,7,7,7.5,1,8,20.882999,,64
0,0,0,1,41,12,0,0,2108,42,16,8.3016996,19500,.69150001,7,7,14,0,18,19.5,,324
0,0,0,1,45,12,0,0,1998,45,12,14.114,42800,.62150002,14,12,11,1,2,42.799999,,4
0,0,0,0,53,14,0,0,2500,55,16,16,41500,.52149999,7,7,7.5,0,3,41.5,,9
0,0,0,0,53,14,0,0,1665,56,17,11.291,18965,.69150001,12,12,14,1,5,18.965,,25
0,0,0,1,42,12,0,0,2990,46,12,2.3395,16100,.72149998,12,10,9.5,1,2,16.1,,4
0,0,2,0,32,13,0,0,1795,35,16,7.7993999,14700,.72149998,12,17,7.5,1,10,14.7,,100
0,0,0,0,56,12,0,0,2500,53,12,6,18800,.72149998,7,7,7.5,1,30,18.799999,,900
0,0,1,3,37,11,0,0,2205,40,11,6.6893001,14750,.75150001,10,7,11,1,1,14.75,,1
0,0,1,2,40,12,0,0,2460,42,14,8.5366001,21000,.69150001,12,7,14,1,5,21,,25
0,0,0,3,54,15,0,0,1880,55,16,13.83,35400,.62150002,0,7,7.5,1,8,35.400002,,64
0,0,0,0,53,7,0,0,3481,53,9,1.48,10700,.75150001,7,7,7.5,0,0,10.7,,0
0,0,0,1,48,12,0,0,2450,51,12,8.5713997,24500,.66149998,7,7,9.5,1,4,24.5,,16
0,0,1,2,36,12,0,0,2062,38,14,8.2299004,17045,.72149998,7,7,9.5,1,2,17.045,,4
0,0,0,0,57,12,0,0,2146,52,14,8.3877001,18800,.69150001,7,7,7.5,1,30,18.799999,,900
0,0,0,0,51,12,0,0,1575,49,7,7.3650999,14000,.72149998,10,7,14,1,25,14,,625
0,0,0,4,33,13,0,0,3096,37,12,3.4414999,18214,.72149998,7,0,3,0,3,18.214001,,9
0,0,0,0,52,12,0,0,3280,49,11,3.3536999,20177,.75150001,7,7,7.5,1,20,20.177,,400
0,0,0,0,56,10,0,0,1680,60,8,2.9762001,8300,.78149998,0,7,7.5,1,20,8.3000002,,400
0,0,1,2,36,12,0,0,2625,38,11,5.1810002,14200,.75150001,14,9,7.5,1,0,14.2,,0
0,0,1,0,36,14,0,0,1846,50,16,10.293,21768,.69150001,12,12,7.5,0,15,21.768,,225
0,0,0,1,46,12,0,0,2178,47,10,13.243,29553,.58149999,10,7,14,1,10,29.552999,,100
0,0,0,3,31,10,0,0,960,33,9,3.6458001,4350,.94150001,7,7,7.5,0,4,4.3499999,,16
0,0,0,0,52,11,0,0,2210,51,12,10.407,24000,.66149998,7,7,11,1,3,24,,9
0,0,0,2,46,12,0,0,2192,55,12,8.2117004,18300,.69150001,7,7,7.5,1,10,18.299999,,100
0,0,2,0,35,12,0,0,1960,44,16,8.6735001,17200,.72149998,7,3,7.5,1,9,17.200001,,81
0,0,0,0,59,12,0,0,1920,56,10,8.3207998,16476,.69150001,7,7,14,0,7,16.476,,49
0,0,0,1,36,8,0,0,2286,40,12,4.2870002,13400,.75150001,0,0,14,0,12,13.4,,144
0,0,1,3,51,7,0,0,2000,52,7,10.5,44988,.52149999,3,3,14,0,0,44.987999,,0
0,0,1,0,31,16,0,0,2256,31,12,7.9787002,18200,.69150001,12,12,9,1,16,18.200001,,256
0,0,0,2,31,14,0,0,2370,36,17,11.814,28000,.62150002,12,12,14,1,4,28,,16
0,0,1,1,32,12,0,0,1800,39,13,6.1111002,11550,.75150001,12,12,7.5,1,7,11.55,,49
0,0,1,2,35,16,0,0,2250,38,16,12.578,28450,.62150002,12,7,14,1,7,28.450001,,49
0,0,0,3,40,12,0,4.0999999,1080,43,12,11.244,15096,.75150001,7,10,7.5,1,14,15.096,,196
0,0,1,2,33,10,0,0,2840,38,12,2.7407999,8009,.78149998,7,7,14,0,2,8.0089998,,4
0,0,0,0,54,7,0,0,2250,52,11,4.4443998,10040,.75150001,0,0,3,1,20,10.04,,400
0,0,1,1,36,12,0,0,2746,37,12,5.8267002,16700,.72149998,12,12,7.5,1,5,16.700001,,25
0,0,0,1,50,10,0,0,2300,60,8,2.3478,8400,.78149998,12,7,3,0,10,8.3999996,,100
0,0,0,0,54,8,0,0,2860,49,8,4.4755001,13000,.72149998,0,0,3,0,20,13,,400
0,0,0,1,48,11,0,0,1765,49,12,8.4986,17970,.72149998,7,7,7.5,1,10,17.969999,,100
0,0,0,4,41,15,0,0,2520,42,16,7.1824999,18450,.72149998,14,17,5,0,8,18.450001,,64
0,0,0,4,50,12,0,0,2208,53,12,10.87,31000,.66149998,12,7,14,1,11,31,,121
0,0,0,2,46,12,0,0,2119,51,8,7.1222,24135,.72149998,10,7,7.5,1,3,24.135,,9
0,0,0,1,42,13,0,0,2580,47,17,10.6592,31700,.58149999,12,12,7.5,0,6,31.700001,,36
0,0,1,2,31,9,0,0,1984,34,12,3.2762001,10190,.79149997,3,3,14,0,4,10.19,,16
0,0,0,0,53,12,0,0,1880,58,8,7.7521,21574,.72149998,10,10,14,0,4,21.573999,,16
0,0,0,1,51,12,0,0,2185,57,12,11.945,26680,.62150002,3,3,7.5,1,9,26.68,,81
0,0,0,1,47,12,0,0,2080,57,12,4.6153998,17700,.75150001,7,9,11,1,10,17.700001,,100
0,0,0,1,50,12,0,0,1920,50,12,13.021,29400,.62150002,12,12,14,1,3,29.4,,9
0,0,0,1,37,6,0,0,3000,52,5,2.6666999,22159,.75150001,7,7,7.5,0,2,22.159,,4
0,0,2,2,30,12,0,0,2100,31,12,8.8332996,35000,.58149999,12,12,11,0,2,35,,4
0,0,0,0,49,12,0,0,1690,39,12,2.3669,8630,.79149997,16,16,5,1,0,8.6300001,,0
0,0,0,2,52,12,0,0,2600,49,16,5,17080,.75150001,7,0,14,1,8,17.08,,64
0,0,0,2,47,12,0,0,1984,49,16,7.4597001,32500,.72149998,10,7,14,1,6,32.5,,36
0,0,0,0,49,12,0,0,2064,53,12,7.7519002,16000,.72149998,7,7,11,1,15,16,,225
0,0,0,4,44,12,0,0,2553,31,16,5.4053998,18850,.75150001,12,10,14,1,15,18.85,,225
0,0,0,0,53,8,0,0,2776,59,9,6.1238999,17500,.69150001,9,9,9.5,1,9,17.5,,81
0,0,1,0,30,12,0,0,2315,31,13,8.3368998,19392,.69150001,7,12,14,0,8,19.392,,64
0,0,0,2,54,12,0,0,1880,55,12,7.1276999,14450,.72149998,7,10,7.5,1,18,14.45,,324
0,0,1,1,47,7,0,0,2160,51,7,6.1204,21800,.69150001,0,0,7.5,1,3,21.799999,,9
0,0,0,0,56,15,0,0,900,56,12,3.1111,7700,.75150001,7,7,14,1,10,7.6999998,,100
0,0,0,1,49,12,0,0,2467,52,16,12.161,31800,.58149999,7,7,11,0,6,31.799999,,36
0,0,0,0,48,6,0,0,1820,55,12,5.3846002,17258,.75150001,7,7,9.5,1,20,17.257999,,400
0,0,0,1,49,12,0,0,2223,53,10,3.9837999,13399,.75150001,10,12,9.5,0,8,13.399,,64
0,0,0,1,56,12,0,0,2142,60,12,7.4696999,16073,.72149998,12,16,11,0,3,16.073,,9
0,0,0,0,46,12,0,0,1928,46,11,11.411,23260,.66149998,7,7,7.5,1,4,23.26,,16
0,0,0,2,45,12,0,0,2783,49,17,12.936,37300,.55150002,12,12,14,1,13,37.299999,,169
0,0,0,2,32,12,0,0,1960,35,12,5.6121998,11000,.75150001,12,7,11,1,4,11,,16
0,0,1,1,43,12,0,2.7,1920,41,12,6.8098998,13075,.75150001,7,7,14,1,17,13.075,,289
0,0,1,1,34,12,0,0,1587,39,12,8.5066004,13700,.72149998,7,7,9.5,1,4,13.7,,16
0,0,1,1,30,12,0,0,2496,51,10,5.5079999,25100,.66149998,7,10,5,0,0,25.1,,0
0,0,2,0,38,17,0,4.8000002,2280,39,12,7.2284999,18600,.69150001,12,16,5,1,15,18.6,,225
0,0,1,1,33,16,0,0,2750,36,17,9.4545002,29000,.62150002,16,16,9.5,0,11,29,,121
0,0,0,0,52,12,0,0,2115,55,12,8.9834995,19237,.69150001,7,7,9.5,1,23,19.237,,529
0,0,0,3,43,11,0,0,2590,45,12,5.9846001,19855,.72149998,12,14,7.5,1,1,19.855,,1
0,0,1,1,33,12,0,0,2372,34,12,3.9628999,9450,.75150001,12,7,9.5,0,5,9.4499998,,25
0,0,0,0,45,10,0,0,2295,48,12,7.0574999,30000,.58149999,7,7,7.5,0,1,30,,1
0,0,2,1,36,10,0,0,2096,38,12,7.1564999,15000,.72149998,10,10,14,1,5,15,,25
0,0,1,1,34,12,0,0,3315,39,17,4.0145001,24701,.66149998,12,12,9.5,1,3,24.701,,9
0,0,0,2,37,14,0,0,1777,50,16,3.8829,15900,.72149998,10,14,11,0,3,15.9,,9
0,0,0,1,46,10,0,0,1880,51,12,7.9787002,16240,.72149998,7,7,11,0,19,16.24,,361
0,0,0,0,47,12,0,0,2184,55,10,5.0366001,21100,.75150001,12,12,9.5,1,20,21.1,,400
0,0,2,1,31,16,0,0,3250,32,16,7.0769,23000,.66149998,12,12,7.5,1,5,23,,25
0,0,0,0,57,5,0,0,1520,58,5,3.6184001,6340,.77149999,7,7,14,0,0,6.3400002,,0
0,0,1,1,30,12,0,0,3119,30,13,13.466,42250,.49149999,10,10,5,1,3,42.25,,9
0,0,0,0,30,12,0,0,640,43,17,14.531,14694,.72149998,12,10,11,1,3,14.694,,9
0,0,0,3,44,12,0,0,2250,45,12,6.8000002,21417,.72149998,12,12,9.5,1,7,21.417,,49
0,0,0,0,53,13,0,0,3000,53,13,6.6666999,20200,.66149998,7,12,7.5,1,7,20.200001,,49
0,0,0,0,51,8,0,0,2028,54,8,5.9172001,12090,.72149998,7,7,9.5,1,1,12.09,,1
0,0,1,3,39,12,0,0,2412,36,14,10.24,24760,.66149998,12,7,5,1,13,24.76,,169
0,0,0,0,52,8,0,0,2452,54,12,8.1566,23000,.69150001,7,3,3,0,0,23,,0
0,0,0,4,46,8,0,0,2304,50,12,6.6774998,19365,.72149998,3,3,11,1,0,19.365,,0
0,0,0,5,47,12,0,0,3120,49,12,.96149999,5550,.94150001,7,7,3,0,12,5.5500002,,144
0,0,0,2,52,8,0,0,1670,54,8,16.907,68035,.44150001,7,3,7.5,1,0,68.035004,,0
0,0,0,2,45,12,0,0,2137,46,15,13.57,29300,.62150002,10,14,7.5,1,5,29.299999,,25
0,0,0,0,60,11,0,0,2071,52,11,8.9329004,18500,.69150001,7,7,7.5,1,45,18.5,,2025
0,0,0,2,41,13,0,0,1960,54,7,4.7371998,22582,.72149998,17,7,11,0,10,22.582001,,100
0,0,0,3,39,8,0,0,2068,45,12,8.5106001,21500,.72149998,7,7,7.5,1,2,21.5,,4
0,0,0,1,49,12,0,0,2190,51,12,5.2511001,28070,.75150001,7,7,7.5,0,3,28.07,,9
0,0,1,1,32,15,0,0,2295,37,13,21.785999,50300,.44150001,12,12,14,1,1,50.299999,,1
0,0,1,3,33,12,0,0,2970,34,13,7.9124999,23500,.66149998,12,12,14,1,5,23.5,,25
0,0,0,4,36,10,0,0,2068,37,8,7.1083002,15500,.75150001,7,9,14,0,10,15.5,,100
0,0,3,3,37,13,0,0,2419,39,14,5.0433998,13440,.77149999,7,0,5,0,4,13.44,,16
0,0,1,2,30,12,0,0,2150,34,11,2.2442,8100,.78149998,12,12,11,0,7,8.1000004,,49
0,0,1,1,44,11,0,0,1152,37,10,8.5068998,9800,.75150001,7,12,9.5,1,9,9.8000002,,81
0,0,0,1,48,12,0,0,2640,49,12,7.5757999,20300,.69150001,7,12,5,1,5,20.299999,,25
0,0,0,4,40,11,0,0,2550,45,11,5.8824,15000,.75150001,7,7,14,1,4,15,,16
0,0,0,0,47,13,0,0,1360,49,16,40.441002,56100,.44150001,9,9,5,1,11,56.099998,,121
0,0,0,2,36,12,0,0,2420,40,12,6.2339001,22846,.72149998,12,7,5,1,9,22.846001,,81
0,0,0,2,40,11,0,0,2205,42,14,9.2971001,22225,.69150001,7,12,5,1,4,22.225,,16
0,0,0,1,46,12,0,0,3268,46,12,.70380002,17635,.94150001,12,7,7.5,1,2,17.635,,4
0,0,0,0,52,12,0,0,3672,54,12,2.5425,18500,.69150001,3,12,7.5,0,23,18.5,,529
0,0,0,1,44,12,0,0,1800,45,12,5.0833001,13390,.75150001,12,12,11,0,3,13.39,,9
0,0,0,1,45,10,0,0,1926,46,14,7.6842999,15150,.72149998,7,7,7.5,1,15,15.15,,225
0,0,2,1,30,7,0,0,1920,35,7,4.0625,16200,.78149998,7,3,7.5,0,8,16.200001,,64
0,0,1,3,40,12,0,0,2080,44,12,6.5106001,33920,.66149998,12,12,14,1,3,33.919998,,9
0,0,0,1,43,12,0,0,2856,43,12,2.951,14000,.72149998,7,12,7.5,0,25,14,,625
0,0,0,2,49,12,0,0,2115,53,10,5.6738,16736,.75150001,12,3,11,1,2,16.736,,4
0,0,1,4,46,12,0,3.45,1880,48,12,12.766,30650,.66149998,12,12,11,1,0,30.65,,0
0,0,0,0,52,11,0,0,2000,52,12,6,12400,.75150001,7,7,11,0,19,12.4,,361
0,0,1,1,31,12,0,0,2044,33,15,9.2954998,19022,.69150001,7,10,9.5,1,3,19.021999,,9
0,0,1,1,42,10,0,0,1677,47,11,5.1324,11203,.75150001,7,7,5,0,7,11.203,,49
0,0,0,3,33,11,0,0,2184,38,8,9.0658998,19876,.69150001,7,14,7.5,1,1,19.875999,,1
0,0,0,0,57,16,0,0,3185,57,13,11.931,57000,.44150001,7,12,14,1,9,57,,81
0,0,0,0,49,10,0,0,2680,51,10,6.7164001,18290,.69150001,10,10,11,1,3,18.290001,,9
0,0,0,1,45,14,0,0,3615,47,14,4.5851002,20220,.69150001,14,12,11,1,8,20.219999,,64
0,0,0,0,56,11,0,0,2139,56,12,9.2566996,22150,.69150001,7,7,14,1,0,22.15,,0
0,0,1,3,41,12,0,0,3080,43,12,8.5656004,30623,.62150002,10,10,7.5,1,5,30.622999,,25
0,0,0,0,56,5,0,0,1261,53,6,6.7406998,9380,.75150001,3,3,14,1,20,9.3800001,,400
0,0,0,1,48,10,0,0,2227,48,10,9.8788004,22000,.69150001,7,7,5,1,3,22,,9
0,0,0,2,52,16,0,0,1920,53,16,9.375,23675,.66149998,12,10,7.5,1,12,23.674999,,144
0,0,0,0,51,12,0,0,2350,55,12,6.277,33671,.72149998,7,7,14,1,5,33.671001,,25
0,0,0,3,35,11,0,0,1785,39,10,6.4240999,12367,.75150001,7,7,7.5,0,1,12.367,,1
0,0,0,0,45,12,0,0,2598,51,12,8.3718004,21950,.66149998,7,7,5,0,0,21.950001,,0
0,0,0,0,54,12,0,0,2455,58,17,12.22,32000,.58149999,7,7,9.5,1,7,32,,49
0,0,0,2,54,12,0,0,2450,54,13,3.5611999,22610,.72149998,10,10,9.5,1,13,22.610001,,169
0,0,1,0,31,12,0,0,1218,32,8,8.8669996,12092,.75150001,7,7,3,0,3,12.092,,9
0,0,0,3,53,6,0,0,2040,54,4,1.8515,3777,.94150001,7,7,11,0,0,3.777,,0
0,0,2,2,35,14,0,0,2600,34,14,8.0768995,36000,.55150002,16,14,3,0,2,36,,4
0,0,1,3,36,12,0,0,2450,40,16,8.9796,26900,.66149998,12,16,7.5,0,0,26.9,,0
0,0,0,0,59,12,0,0,2717,60,12,6.6617999,32242,.66149998,7,7,11,1,2,32.242001,,4
0,0,0,0,54,16,0,0,2701,54,17,11.107,35020,.58149999,16,17,5,1,1,35.02,,1
0,0,1,1,37,12,0,0,2600,47,17,14.077,37600,.55150002,7,7,9,1,10,37.599998,,100
0,0,0,0,44,12,0,0,3640,54,10,.41209999,1500,.94150001,7,7,7.5,1,10,1.5,,100
0,0,1,2,34,17,0,0,2940,40,16,23.809999,96000,.44150001,12,12,5,1,1,96,,1
0,0,0,0,49,12,0,0,1880,50,12,9.5745001,18150,.69150001,7,7,11,0,3,18.15,,9
0,0,0,0,49,12,0,0,3500,51,12,1.9286,15500,.72149998,7,7,3,0,32,15.5,,1024
0,0,0,0,60,9,0,0,3320,60,8,2.5783,14000,.72149998,7,7,3,0,0,14,,0
0,0,0,0,51,12,0,0,1605,55,12,7.2273998,14756,.72149998,7,7,7.5,1,7,14.756,,49
0,0,1,1,30,12,0,0,2500,30,14,8.8000002,22000,.66149998,12,10,5,1,5,22,,25
0,0,0,2,47,12,0,0,2400,49,9,7.75,24466,.66149998,7,7,11,1,2,24.466,,4
0,0,0,4,36,12,0,0,1634,45,17,14.688,24400,.66149998,12,12,7.5,1,5,24.4,,25
0,0,1,3,35,12,0,0,2260,38,12,10.487,24000,.66149998,7,7,9.5,1,3,24,,9
0,0,0,0,58,12,0,0,3478,53,12,4.0253,15500,.72149998,12,9,11,0,25,15.5,,625
0,0,1,3,41,14,0,0,2550,42,16,11.765,30800,.62150002,14,12,7.5,0,0,30.799999,,0
0,0,0,1,51,10,0,0,840,52,8,9.5237999,10660,.75150001,7,7,14,1,3,10.66,,9
0,0,0,0,47,12,0,0,1520,52,12,6.9078999,13350,.72149998,7,7,11,0,10,13.35,,100
0,0,1,2,45,9,0,0,1920,35,9,5.151,10090,.75150001,12,3,11,0,10,10.09,,100
0,0,0,0,60,14,0,0,2703,55,17,20.496,55600,.44150001,16,14,14,1,7,55.599998,,49
0,0,1,1,30,16,0,2,1896,46,16,13.555,25700,.66149998,12,12,9.5,1,5,25.700001,,25
0,0,0,0,55,11,0,0,1960,57,13,14.796,29000,.58149999,7,3,5,1,15,29,,225
0,0,1,2,32,12,0,0,3060,50,8,1.6905,7286,.78149998,10,7,3,0,1,7.2859998,,1
0,0,0,2,36,12,0,0,2805,38,12,7.2296,37752,.52149999,7,7,3,0,5,37.751999,,25
0,0,0,0,55,12,0,0,1944,53,7,4.1152,13072,.75150001,3,3,14,0,9,13.072,,81
0,0,0,0,47,12,0,0,1960,47,12,2.9990001,7044,.77149999,3,3,14,0,18,7.0440001,,324
0,0,0,1,47,12,0,0,2112,52,8,8.0492001,18200,.69150001,7,7,14,1,1,18.200001,,1
0,0,0,1,37,11,0,0,2544,39,12,8.5769997,27000,.62150002,12,7,3,0,0,27,,0
0,0,0,2,50,12,0,0,1700,53,17,9.3234997,30300,.58149999,10,12,3,0,6,30.299999,,36
0,0,0,3,30,12,0,0,2550,31,12,4.7059002,12000,.75150001,3,7,14,0,1,12,,1
0,0,0,1,48,17,0,0,2080,45,17,9.1345997,31500,.66149998,16,17,3,0,2,31.5,,4
0,0,0,2,43,10,0,0,2060,49,12,7.7670002,27092,.72149998,10,10,5,1,15,27.091999,,225
0,0,1,0,48,11,0,0,1955,46,8,4.1269002,20968,.75150001,7,7,3,0,25,20.968,,625
0,0,1,2,41,14,0,0,2500,44,17,10,27000,.66149998,17,7,14,1,1,27,,1
0,0,0,0,50,12,0,0,2750,52,10,4.0727,11225,.75150001,7,10,7.5,1,0,11.225,,0
0,0,0,0,58,8,0,0,2040,59,5,7.8529,37700,.58149999,3,3,7.5,0,0,37.700001,,0
0,0,0,5,38,13,0,0,3275,43,15,7.8168001,28200,.66149998,12,16,7.5,1,0,28.200001,,0
0,0,0,1,37,12,0,0,2400,39,12,9.1667004,34000,.66149998,7,12,5,0,8,34,,64
0,0,0,0,50,16,0,0,2024,51,17,29.643999,63200,.44150001,12,7,9.5,1,22,63.200001,,484
0,0,0,4,42,8,0,0,1840,44,6,4.0760999,7500,.79149997,3,3,7.5,1,5,7.5,,25
0,0,1,3,37,9,0,0,2033,37,17,8.3620005,17410,.72149998,10,10,9.5,1,10,17.41,,100
0,0,0,2,41,16,0,0,1946,40,17,12.062,51000,.44150001,16,17,9,1,1,51,,1
0,0,0,2,31,12,0,0,3660,31,12,2.3250999,12916,.75150001,10,7,3,0,1,12.916,,1
0,0,0,0,51,12,0,0,2088,55,11,10.01,21900,.66149998,7,7,5,1,6,21.9,,36
0,0,1,2,36,12,0,0,2048,41,12,5.2733998,17640,.75150001,7,7,5,0,4,17.639999,,16
0,0,0,0,54,15,0,0,1920,52,15,10.417,20000,.69150001,14,16,14,0,6,20,,36
0,0,0,0,49,12,0,0,2000,54,12,7.5,15000,.72149998,7,7,14,1,0,15,,0
0,0,1,1,48,9,0,0,2204,47,8,6.3520999,14060,.72149998,10,12,5,0,1,14.06,,1
0,0,0,2,42,9,0,0,3157,45,10,3.8071001,15825,.72149998,7,14,9.5,0,3,15.825,,9
0,0,1,2,41,12,0,0,1665,44,14,9.9098997,16510,.72149998,3,16,9.5,1,15,16.51,,225
0,0,0,0,55,16,0,0,2304,56,11,2.6701,13000,.72149998,12,12,7.5,0,33,13,,1089
0,0,0,0,42,9,0,0,2275,46,8,4.3955998,10000,.75150001,7,7,5,1,2,10,,4
0,0,0,1,32,15,0,0,2760,33,17,7.9710002,22000,.66149998,12,12,7.5,1,1,22,,1
0,0,0,2,43,12,0,0,1750,44,14,15.429,29800,.58149999,7,7,7.5,1,10,29.799999,,100
0,0,1,3,33,12,0,0,3366,37,13,1.9854,15000,.72149998,7,7,5,1,0,15,,0
0,0,0,1,48,15,0,0,2205,51,16,7.2561998,22300,.72149998,10,14,9.5,1,14,22.299999,,196
0,0,0,2,43,12,0,0,1990,48,9,7.0352001,14550,.72149998,3,16,7.5,1,15,14.55,,225
0,0,1,3,47,17,0,0,1930,57,16,8.1346998,19730,.69150001,14,12,7.5,1,15,19.73,,225
0,0,0,0,54,12,0,0,1350,60,12,11.981,35000,.55150002,12,12,7.5,1,10,35,,100
0,0,0,1,51,12,0,0,3340,52,12,5.9921999,21014,.66149998,7,3,7.5,1,6,21.014,,36
0,0,0,1,51,10,0,0,960,57,10,4.1458001,10876,.75150001,14,7,7.5,0,18,10.876,,324
0,0,1,1,43,13,0,0,2732,42,13,8.5101995,27850,.62150002,12,10,7.5,0,15,27.85,,225
0,0,0,0,53,12,0,0,1624,59,8,2.9631,9560,.75150001,0,3,3,0,30,9.5600004,,900
0,0,1,1,34,11,0,0,1804,36,12,8.8149004,30300,.62150002,7,7,7.5,0,15,30.299999,,225
0,0,1,1,31,8,0,0,2805,31,10,2.4955001,7720,.78149998,7,7,7.5,0,10,7.7199998,,100
0,0,0,0,56,12,0,0,2160,59,8,4.8843002,10550,.75150001,10,7,7.5,1,0,10.55,,0
0,0,0,1,42,16,0,0,2052,55,15,10.2,24106,.66149998,12,7,9.5,1,0,24.106001,,0
0,0,0,2,32,12,0,0,2250,35,16,10,22995,.66149998,12,14,9.5,1,4,22.995001,,16
0,0,1,3,35,12,0,0,1120,37,12,5.3571,6000,.80150002,12,12,9.5,1,0,6,,0
0,0,1,1,30,12,0,0,2450,36,14,9.7959003,24350,.66149998,14,14,9.5,1,3,24.35,,9
0,0,0,0,51,10,0,0,3432,50,11,1.3741,7608,.77149999,7,7,7.5,0,20,7.6079998,,400
0,0,0,3,47,12,0,0,2700,48,12,3.4630001,28200,.72149998,7,7,3,0,3,28.200001,,9
0,0,0,1,54,12,0,0,2817,55,13,5.0408001,16150,.72149998,3,7,3,0,1,16.15,,1
0,0,3,0,31,15,0,0,3000,34,17,16.667,51200,.44150001,7,10,7.5,1,5,51.200001,,25
0,0,0,0,47,10,0,0,2125,45,11,4.3294001,12646,.75150001,7,7,5,1,7,12.646,,49
0,0,0,3,47,14,0,0,1864,42,16,10.193,19000,.69150001,7,7,11,1,6,19,,36
0,0,0,3,40,12,0,0,2400,39,12,7.5833001,19000,.72149998,7,7,7.5,1,2,19,,4
0,0,0,0,48,8,0,0,2160,50,7,4.1204,14400,.75150001,3,3,7.5,0,0,14.4,,0
0,0,0,7,34,8,0,0,1040,51,7,4.8077002,7232,.94150001,3,7,11,1,10,7.2319999,,100
0,0,0,3,38,12,0,0,2450,42,16,3.1531,21943,.75150001,7,10,9.5,1,6,21.943001,,36
0,0,1,3,32,12,0,0,2500,34,16,19,47500,.46149999,7,10,7.5,1,4,47.5,,16
0,0,0,1,48,16,0,0,2131,45,17,6.0535002,28900,.62150002,12,7,7.5,1,8,28.9,,64
0,0,0,2,41,12,0,0,2165,46,7,3.7874999,12400,.77149999,7,7,7.5,0,18,12.4,,324
0,0,0,2,49,5,0,0,2230,43,3,2.9287,6531,.78149998,0,0,7.5,0,7,6.5310001,,49
0,0,0,0,59,8,0,0,1995,55,12,9.2972002,22422,.69150001,3,7,11,1,15,22.422001,,225
0,0,0,0,58,13,0,0,2025,57,16,9.3827,22200,.66149998,7,7,11,1,7,22.200001,,49
0,0,0,3,41,12,0,0,2450,48,15,26.531,77000,.44150001,7,14,14,1,8,77,,64
0,0,0,2,45,12,0,0,2160,45,12,40.508999,88000,.44150001,10,10,14,1,8,88,,64
0,0,1,1,30,14,0,0,1715,32,17,15.16,26040,.62150002,12,10,11,0,3,26.040001,,9
0,0,0,1,41,12,0,0,3018,42,16,18.964001,63500,.44150001,7,7,7.5,1,10,63.5,,100
0,0,2,0,30,12,0,0,2216,33,16,5.4152002,12100,.75150001,10,10,7.5,0,9,12.1,,81
0,0,0,1,53,12,0,0,2499,54,12,1.9988,17505,.75150001,12,7,7.5,1,24,17.504999,,576
0,0,0,0,31,12,0,0,2250,37,14,8,18000,.69150001,10,7,7.5,0,12,18,,144
0,0,0,2,43,14,0,0,2116,44,17,11.153,28069,.66149998,12,12,11,1,2,28.069,,4
0,0,1,1,31,12,0,0,2016,30,14,5.9524002,14000,.75150001,12,14,14,1,6,14,,36
0,0,0,0,51,12,0,0,2470,60,10,2.1194,8117,.75150001,10,3,7.5,1,18,8.1169996,,324
0,0,0,0,43,9,0,0,1640,45,12,3.8383999,11895,.77149999,7,7,5,1,17,11.895,,289
0,0,1,2,31,14,0,0,2016,34,16,17.361,45250,.49149999,16,16,5,1,7,45.25,,49
0,0,0,0,48,11,0,0,2185,48,12,8.0092001,31106,.69150001,7,10,9.5,1,6,31.106001,,36
0,0,1,1,31,12,0,0,800,33,14,3,4000,.80150002,12,7,9.5,1,10,4,,100
0,0,0,1,44,12,0,0,3022,46,12,10.589,40500,.58149999,7,7,7.5,1,5,40.5,,25
0,0,0,1,48,11,0,0,1512,50,14,10.913,21620,.72149998,10,7,7.5,1,7,21.620001,,49
0,0,0,1,53,12,0,0,2677,53,12,5.6033001,23426,.72149998,0,0,7.5,1,11,23.426001,,121
0,0,0,3,42,10,0,2.75,3150,44,12,7.9365001,26000,.66149998,3,3,11,1,14,26,,196
0,0,2,6,39,12,0,0,1430,34,12,2.9475999,7840,.94150001,7,0,9.5,1,5,7.8400002,,25
0,0,1,2,32,10,0,0,3307,36,4,2.0562,6800,.79149997,7,3,7.5,0,2,6.8000002,,4
0,0,0,2,36,12,0,0,3120,39,12,1.3013,5330,.79149997,7,12,14,0,4,5.3299999,,16
0,0,0,2,40,13,0,0,3020,43,16,9.2714996,28200,.62150002,10,10,9.5,1,5,28.200001,,25
0,0,2,3,31,12,0,0,2056,33,12,4.8638,10000,.77149999,12,12,7.5,0,14,10,,196
0,0,0,0,43,12,0,0,2383,43,12,1.0898,9952,.75150001,10,3,7.5,0,4,9.9519997,,16
0,0,0,0,60,12,0,0,1705,55,8,12.44,24984,.62150002,12,12,14,1,15,24.983999,,225
0,0,0,3,39,9,0,0,3120,48,12,6.0897002,28363,.69150001,7,7,11,1,12,28.363001,,144
